95,-225,EI+BDW4yRa+ip+DTWjkjMYmf5qM=,IjjlDn84wWfu8Edn8XpUFAk7Z90=
94,-225,EI+BDW4yRa+ip+DTWjkjMYmf5qM=,IjjlDn84wWfu8Edn8XpUFAk7Z90=
85,-240,EI+BDW4yRa+ip+DTWjkjMYmf5qM=,IjjlDn84wWfu8Edn8XpUFAk7Z90=
83,-240,EI+BDW4yRa+ip+DTWjkjMYmf5qM=,IjjlDn84wWfu8Edn8XpUFAk7Z90=
90,-225,EI+BDW4yRa+ip+DTWjkjMYmf5qM=,IjjlDn84wWfu8Edn8XpUFAk7Z90=
84,-237,EI+BDW4yRa+ip+DTWjkjMYmf5qM=,IjjlDn84wWfu8Edn8XpUFAk7Z90=
82,-237,EI+BDW4yRa+ip+DTWjkjMYmf5qM=,IjjlDn84wWfu8Edn8XpUFAk7Z90=
84,-239,EI+BDW4yRa+ip+DTWjkjMYmf5qM=,IjjlDn84wWfu8Edn8XpUFAk7Z90=
81,-240,EI+BDW4yRa+ip+DTWjkjMYmf5qM=,IjjlDn84wWfu8Edn8XpUFAk7Z90=
85,-225,EI+BDW4yRa+ip+DTWjkjMYmf5qM=,IjjlDn84wWfu8Edn8XpUFAk7Z90=
85,-237,EI+BDW4yRa+ip+DTWjkjMYmf5qM=,IjjlDn84wWfu8Edn8XpUFAk7Z90=
84,-225,EI+BDW4yRa+ip+DTWjkjMYmf5qM=,IjjlDn84wWfu8Edn8XpUFAk7Z90=
83,-225,EI+BDW4yRa+ip+DTWjkjMYmf5qM=,IjjlDn84wWfu8Edn8XpUFAk7Z90=
82,-225,EI+BDW4yRa+ip+DTWjkjMYmf5qM=,IjjlDn84wWfu8Edn8XpUFAk7Z90=
81,-225,EI+BDW4yRa+ip+DTWjkjMYmf5qM=,IjjlDn84wWfu8Edn8XpUFAk7Z90=
80,-225,EI+BDW4yRa+ip+DTWjkjMYmf5qM=,IjjlDn84wWfu8Edn8XpUFAk7Z90=
84,-238,EI+BDW4yRa+ip+DTWjkjMYmf5qM=,IjjlDn84wWfu8Edn8XpUFAk7Z90=
86,-237,EI+BDW4yRa+ip+DTWjkjMYmf5qM=,IjjlDn84wWfu8Edn8XpUFAk7Z90=
85,-239,EI+BDW4yRa+ip+DTWjkjMYmf5qM=,IjjlDn84wWfu8Edn8XpUFAk7Z90=
83,-237,EI+BDW4yRa+ip+DTWjkjMYmf5qM=,IjjlDn84wWfu8Edn8XpUFAk7Z90=
85,-238,EI+BDW4yRa+ip+DTWjkjMYmf5qM=,IjjlDn84wWfu8Edn8XpUFAk7Z90=
81,-237,EI+BDW4yRa+ip+DTWjkjMYmf5qM=,IjjlDn84wWfu8Edn8XpUFAk7Z90=
84,-240,EI+BDW4yRa+ip+DTWjkjMYmf5qM=,IjjlDn84wWfu8Edn8XpUFAk7Z90=
93,-225,EI+BDW4yRa+ip+DTWjkjMYmf5qM=,IjjlDn84wWfu8Edn8XpUFAk7Z90=
92,-225,EI+BDW4yRa+ip+DTWjkjMYmf5qM=,IjjlDn84wWfu8Edn8XpUFAk7Z90=
86,-238,EI+BDW4yRa+ip+DTWjkjMYmf5qM=,IjjlDn84wWfu8Edn8XpUFAk7Z90=
83,-238,EI+BDW4yRa+ip+DTWjkjMYmf5qM=,IjjlDn84wWfu8Edn8XpUFAk7Z90=
86,-225,EI+BDW4yRa+ip+DTWjkjMYmf5qM=,IjjlDn84wWfu8Edn8XpUFAk7Z90=
89,-225,EI+BDW4yRa+ip+DTWjkjMYmf5qM=,IjjlDn84wWfu8Edn8XpUFAk7Z90=
95,-226,EI+BDW4yRa+ip+DTWjkjMYmf5qM=,IjjlDn84wWfu8Edn8XpUFAk7Z90=
84,-226,EI+BDW4yRa+ip+DTWjkjMYmf5qM=,IjjlDn84wWfu8Edn8XpUFAk7Z90=
83,-226,EI+BDW4yRa+ip+DTWjkjMYmf5qM=,IjjlDn84wWfu8Edn8XpUFAk7Z90=
82,-226,EI+BDW4yRa+ip+DTWjkjMYmf5qM=,IjjlDn84wWfu8Edn8XpUFAk7Z90=
81,-226,EI+BDW4yRa+ip+DTWjkjMYmf5qM=,IjjlDn84wWfu8Edn8XpUFAk7Z90=
80,-226,EI+BDW4yRa+ip+DTWjkjMYmf5qM=,IjjlDn84wWfu8Edn8XpUFAk7Z90=
91,-225,EI+BDW4yRa+ip+DTWjkjMYmf5qM=,IjjlDn84wWfu8Edn8XpUFAk7Z90=
90,-226,EI+BDW4yRa+ip+DTWjkjMYmf5qM=,IjjlDn84wWfu8Edn8XpUFAk7Z90=
91,-226,EI+BDW4yRa+ip+DTWjkjMYmf5qM=,IjjlDn84wWfu8Edn8XpUFAk7Z90=
92,-226,EI+BDW4yRa+ip+DTWjkjMYmf5qM=,IjjlDn84wWfu8Edn8XpUFAk7Z90=
93,-226,EI+BDW4yRa+ip+DTWjkjMYmf5qM=,IjjlDn84wWfu8Edn8XpUFAk7Z90=
94,-226,EI+BDW4yRa+ip+DTWjkjMYmf5qM=,IjjlDn84wWfu8Edn8XpUFAk7Z90=
82,-238,EI+BDW4yRa+ip+DTWjkjMYmf5qM=,IjjlDn84wWfu8Edn8XpUFAk7Z90=
89,-226,EI+BDW4yRa+ip+DTWjkjMYmf5qM=,IjjlDn84wWfu8Edn8XpUFAk7Z90=
91,-227,EI+BDW4yRa+ip+DTWjkjMYmf5qM=,IjjlDn84wWfu8Edn8XpUFAk7Z90=
88,-225,EI+BDW4yRa+ip+DTWjkjMYmf5qM=,IjjlDn84wWfu8Edn8XpUFAk7Z90=
86,-226,EI+BDW4yRa+ip+DTWjkjMYmf5qM=,IjjlDn84wWfu8Edn8XpUFAk7Z90=
85,-226,EI+BDW4yRa+ip+DTWjkjMYmf5qM=,IjjlDn84wWfu8Edn8XpUFAk7Z90=
88,-226,EI+BDW4yRa+ip+DTWjkjMYmf5qM=,IjjlDn84wWfu8Edn8XpUFAk7Z90=
84,-227,EI+BDW4yRa+ip+DTWjkjMYmf5qM=,IjjlDn84wWfu8Edn8XpUFAk7Z90=
83,-227,EI+BDW4yRa+ip+DTWjkjMYmf5qM=,IjjlDn84wWfu8Edn8XpUFAk7Z90=
82,-227,EI+BDW4yRa+ip+DTWjkjMYmf5qM=,IjjlDn84wWfu8Edn8XpUFAk7Z90=
81,-227,EI+BDW4yRa+ip+DTWjkjMYmf5qM=,IjjlDn84wWfu8Edn8XpUFAk7Z90=
80,-227,EI+BDW4yRa+ip+DTWjkjMYmf5qM=,IjjlDn84wWfu8Edn8XpUFAk7Z90=
95,-228,EI+BDW4yRa+ip+DTWjkjMYmf5qM=,IjjlDn84wWfu8Edn8XpUFAk7Z90=
95,-227,EI+BDW4yRa+ip+DTWjkjMYmf5qM=,IjjlDn84wWfu8Edn8XpUFAk7Z90=
87,-226,EI+BDW4yRa+ip+DTWjkjMYmf5qM=,IjjlDn84wWfu8Edn8XpUFAk7Z90=
94,-227,EI+BDW4yRa+ip+DTWjkjMYmf5qM=,IjjlDn84wWfu8Edn8XpUFAk7Z90=
83,-239,EI+BDW4yRa+ip+DTWjkjMYmf5qM=,IjjlDn84wWfu8Edn8XpUFAk7Z90=
89,-227,EI+BDW4yRa+ip+DTWjkjMYmf5qM=,IjjlDn84wWfu8Edn8XpUFAk7Z90=
90,-227,EI+BDW4yRa+ip+DTWjkjMYmf5qM=,IjjlDn84wWfu8Edn8XpUFAk7Z90=
81,-238,EI+BDW4yRa+ip+DTWjkjMYmf5qM=,IjjlDn84wWfu8Edn8XpUFAk7Z90=
94,-228,EI+BDW4yRa+ip+DTWjkjMYmf5qM=,IjjlDn84wWfu8Edn8XpUFAk7Z90=
92,-228,EI+BDW4yRa+ip+DTWjkjMYmf5qM=,IjjlDn84wWfu8Edn8XpUFAk7Z90=
85,-227,EI+BDW4yRa+ip+DTWjkjMYmf5qM=,IjjlDn84wWfu8Edn8XpUFAk7Z90=
93,-228,EI+BDW4yRa+ip+DTWjkjMYmf5qM=,IjjlDn84wWfu8Edn8XpUFAk7Z90=
92,-227,EI+BDW4yRa+ip+DTWjkjMYmf5qM=,IjjlDn84wWfu8Edn8XpUFAk7Z90=
88,-227,EI+BDW4yRa+ip+DTWjkjMYmf5qM=,IjjlDn84wWfu8Edn8XpUFAk7Z90=
82,-228,EI+BDW4yRa+ip+DTWjkjMYmf5qM=,IjjlDn84wWfu8Edn8XpUFAk7Z90=
82,-239,EI+BDW4yRa+ip+DTWjkjMYmf5qM=,IjjlDn84wWfu8Edn8XpUFAk7Z90=
81,-228,EI+BDW4yRa+ip+DTWjkjMYmf5qM=,IjjlDn84wWfu8Edn8XpUFAk7Z90=
93,-227,EI+BDW4yRa+ip+DTWjkjMYmf5qM=,IjjlDn84wWfu8Edn8XpUFAk7Z90=
80,-228,EI+BDW4yRa+ip+DTWjkjMYmf5qM=,IjjlDn84wWfu8Edn8XpUFAk7Z90=
87,-227,EI+BDW4yRa+ip+DTWjkjMYmf5qM=,IjjlDn84wWfu8Edn8XpUFAk7Z90=
86,-227,EI+BDW4yRa+ip+DTWjkjMYmf5qM=,IjjlDn84wWfu8Edn8XpUFAk7Z90=
84,-228,EI+BDW4yRa+ip+DTWjkjMYmf5qM=,IjjlDn84wWfu8Edn8XpUFAk7Z90=
91,-228,EI+BDW4yRa+ip+DTWjkjMYmf5qM=,IjjlDn84wWfu8Edn8XpUFAk7Z90=
80,-237,EI+BDW4yRa+ip+DTWjkjMYmf5qM=,IjjlDn84wWfu8Edn8XpUFAk7Z90=
85,-228,EI+BDW4yRa+ip+DTWjkjMYmf5qM=,IjjlDn84wWfu8Edn8XpUFAk7Z90=
86,-228,EI+BDW4yRa+ip+DTWjkjMYmf5qM=,IjjlDn84wWfu8Edn8XpUFAk7Z90=
80,-238,EI+BDW4yRa+ip+DTWjkjMYmf5qM=,IjjlDn84wWfu8Edn8XpUFAk7Z90=
80,-239,EI+BDW4yRa+ip+DTWjkjMYmf5qM=,IjjlDn84wWfu8Edn8XpUFAk7Z90=
87,-228,EI+BDW4yRa+ip+DTWjkjMYmf5qM=,IjjlDn84wWfu8Edn8XpUFAk7Z90=
90,-228,EI+BDW4yRa+ip+DTWjkjMYmf5qM=,IjjlDn84wWfu8Edn8XpUFAk7Z90=
83,-228,EI+BDW4yRa+ip+DTWjkjMYmf5qM=,IjjlDn84wWfu8Edn8XpUFAk7Z90=
95,-229,EI+BDW4yRa+ip+DTWjkjMYmf5qM=,IjjlDn84wWfu8Edn8XpUFAk7Z90=
87,-237,EI+BDW4yRa+ip+DTWjkjMYmf5qM=,IjjlDn84wWfu8Edn8XpUFAk7Z90=
81,-239,EI+BDW4yRa+ip+DTWjkjMYmf5qM=,IjjlDn84wWfu8Edn8XpUFAk7Z90=
93,-229,EI+BDW4yRa+ip+DTWjkjMYmf5qM=,IjjlDn84wWfu8Edn8XpUFAk7Z90=
88,-228,EI+BDW4yRa+ip+DTWjkjMYmf5qM=,IjjlDn84wWfu8Edn8XpUFAk7Z90=
94,-229,EI+BDW4yRa+ip+DTWjkjMYmf5qM=,IjjlDn84wWfu8Edn8XpUFAk7Z90=
82,-240,EI+BDW4yRa+ip+DTWjkjMYmf5qM=,IjjlDn84wWfu8Edn8XpUFAk7Z90=
87,-225,EI+BDW4yRa+ip+DTWjkjMYmf5qM=,IjjlDn84wWfu8Edn8XpUFAk7Z90=
89,-228,EI+BDW4yRa+ip+DTWjkjMYmf5qM=,IjjlDn84wWfu8Edn8XpUFAk7Z90=
92,-229,EI+BDW4yRa+ip+DTWjkjMYmf5qM=,IjjlDn84wWfu8Edn8XpUFAk7Z90=
90,-229,EI+BDW4yRa+ip+DTWjkjMYmf5qM=,IjjlDn84wWfu8Edn8XpUFAk7Z90=
84,-229,EI+BDW4yRa+ip+DTWjkjMYmf5qM=,IjjlDn84wWfu8Edn8XpUFAk7Z90=
94,-240,EI+BDW4yRa+ip+DTWjkjMYmf5qM=,IjjlDn84wWfu8Edn8XpUFAk7Z90=
80,-229,EI+BDW4yRa+ip+DTWjkjMYmf5qM=,IjjlDn84wWfu8Edn8XpUFAk7Z90=
85,-229,EI+BDW4yRa+ip+DTWjkjMYmf5qM=,IjjlDn84wWfu8Edn8XpUFAk7Z90=
89,-229,EI+BDW4yRa+ip+DTWjkjMYmf5qM=,IjjlDn84wWfu8Edn8XpUFAk7Z90=
87,-229,EI+BDW4yRa+ip+DTWjkjMYmf5qM=,IjjlDn84wWfu8Edn8XpUFAk7Z90=
83,-229,EI+BDW4yRa+ip+DTWjkjMYmf5qM=,IjjlDn84wWfu8Edn8XpUFAk7Z90=
88,-229,EI+BDW4yRa+ip+DTWjkjMYmf5qM=,IjjlDn84wWfu8Edn8XpUFAk7Z90=
95,-240,EI+BDW4yRa+ip+DTWjkjMYmf5qM=,IjjlDn84wWfu8Edn8XpUFAk7Z90=
94,-239,EI+BDW4yRa+ip+DTWjkjMYmf5qM=,IjjlDn84wWfu8Edn8XpUFAk7Z90=
95,-238,EI+BDW4yRa+ip+DTWjkjMYmf5qM=,IjjlDn84wWfu8Edn8XpUFAk7Z90=
86,-229,EI+BDW4yRa+ip+DTWjkjMYmf5qM=,IjjlDn84wWfu8Edn8XpUFAk7Z90=
95,-239,EI+BDW4yRa+ip+DTWjkjMYmf5qM=,IjjlDn84wWfu8Edn8XpUFAk7Z90=
91,-229,EI+BDW4yRa+ip+DTWjkjMYmf5qM=,IjjlDn84wWfu8Edn8XpUFAk7Z90=
82,-229,EI+BDW4yRa+ip+DTWjkjMYmf5qM=,IjjlDn84wWfu8Edn8XpUFAk7Z90=
81,-229,EI+BDW4yRa+ip+DTWjkjMYmf5qM=,IjjlDn84wWfu8Edn8XpUFAk7Z90=
84,-230,EI+BDW4yRa+ip+DTWjkjMYmf5qM=,IjjlDn84wWfu8Edn8XpUFAk7Z90=
94,-230,EI+BDW4yRa+ip+DTWjkjMYmf5qM=,IjjlDn84wWfu8Edn8XpUFAk7Z90=
95,-230,EI+BDW4yRa+ip+DTWjkjMYmf5qM=,IjjlDn84wWfu8Edn8XpUFAk7Z90=
93,-239,EI+BDW4yRa+ip+DTWjkjMYmf5qM=,IjjlDn84wWfu8Edn8XpUFAk7Z90=
93,-230,EI+BDW4yRa+ip+DTWjkjMYmf5qM=,IjjlDn84wWfu8Edn8XpUFAk7Z90=
86,-230,EI+BDW4yRa+ip+DTWjkjMYmf5qM=,IjjlDn84wWfu8Edn8XpUFAk7Z90=
90,-230,EI+BDW4yRa+ip+DTWjkjMYmf5qM=,IjjlDn84wWfu8Edn8XpUFAk7Z90=
93,-240,EI+BDW4yRa+ip+DTWjkjMYmf5qM=,IjjlDn84wWfu8Edn8XpUFAk7Z90=
94,-238,EI+BDW4yRa+ip+DTWjkjMYmf5qM=,IjjlDn84wWfu8Edn8XpUFAk7Z90=
87,-230,EI+BDW4yRa+ip+DTWjkjMYmf5qM=,IjjlDn84wWfu8Edn8XpUFAk7Z90=
88,-230,EI+BDW4yRa+ip+DTWjkjMYmf5qM=,IjjlDn84wWfu8Edn8XpUFAk7Z90=
85,-230,EI+BDW4yRa+ip+DTWjkjMYmf5qM=,IjjlDn84wWfu8Edn8XpUFAk7Z90=
92,-230,EI+BDW4yRa+ip+DTWjkjMYmf5qM=,IjjlDn84wWfu8Edn8XpUFAk7Z90=
95,-231,EI+BDW4yRa+ip+DTWjkjMYmf5qM=,IjjlDn84wWfu8Edn8XpUFAk7Z90=
89,-230,EI+BDW4yRa+ip+DTWjkjMYmf5qM=,IjjlDn84wWfu8Edn8XpUFAk7Z90=
91,-230,EI+BDW4yRa+ip+DTWjkjMYmf5qM=,IjjlDn84wWfu8Edn8XpUFAk7Z90=
80,-230,EI+BDW4yRa+ip+DTWjkjMYmf5qM=,IjjlDn84wWfu8Edn8XpUFAk7Z90=
92,-239,EI+BDW4yRa+ip+DTWjkjMYmf5qM=,IjjlDn84wWfu8Edn8XpUFAk7Z90=
90,-231,EI+BDW4yRa+ip+DTWjkjMYmf5qM=,IjjlDn84wWfu8Edn8XpUFAk7Z90=
94,-231,EI+BDW4yRa+ip+DTWjkjMYmf5qM=,IjjlDn84wWfu8Edn8XpUFAk7Z90=
81,-230,EI+BDW4yRa+ip+DTWjkjMYmf5qM=,IjjlDn84wWfu8Edn8XpUFAk7Z90=
83,-230,EI+BDW4yRa+ip+DTWjkjMYmf5qM=,IjjlDn84wWfu8Edn8XpUFAk7Z90=
85,-231,EI+BDW4yRa+ip+DTWjkjMYmf5qM=,IjjlDn84wWfu8Edn8XpUFAk7Z90=
92,-240,EI+BDW4yRa+ip+DTWjkjMYmf5qM=,IjjlDn84wWfu8Edn8XpUFAk7Z90=
81,-231,EI+BDW4yRa+ip+DTWjkjMYmf5qM=,IjjlDn84wWfu8Edn8XpUFAk7Z90=
80,-231,EI+BDW4yRa+ip+DTWjkjMYmf5qM=,IjjlDn84wWfu8Edn8XpUFAk7Z90=
93,-231,EI+BDW4yRa+ip+DTWjkjMYmf5qM=,IjjlDn84wWfu8Edn8XpUFAk7Z90=
93,-238,EI+BDW4yRa+ip+DTWjkjMYmf5qM=,IjjlDn84wWfu8Edn8XpUFAk7Z90=
92,-231,EI+BDW4yRa+ip+DTWjkjMYmf5qM=,IjjlDn84wWfu8Edn8XpUFAk7Z90=
84,-231,EI+BDW4yRa+ip+DTWjkjMYmf5qM=,IjjlDn84wWfu8Edn8XpUFAk7Z90=
87,-231,EI+BDW4yRa+ip+DTWjkjMYmf5qM=,IjjlDn84wWfu8Edn8XpUFAk7Z90=
86,-231,EI+BDW4yRa+ip+DTWjkjMYmf5qM=,IjjlDn84wWfu8Edn8XpUFAk7Z90=
92,-238,EI+BDW4yRa+ip+DTWjkjMYmf5qM=,IjjlDn84wWfu8Edn8XpUFAk7Z90=
94,-232,EI+BDW4yRa+ip+DTWjkjMYmf5qM=,IjjlDn84wWfu8Edn8XpUFAk7Z90=
82,-231,EI+BDW4yRa+ip+DTWjkjMYmf5qM=,IjjlDn84wWfu8Edn8XpUFAk7Z90=
91,-232,EI+BDW4yRa+ip+DTWjkjMYmf5qM=,IjjlDn84wWfu8Edn8XpUFAk7Z90=
81,-232,EI+BDW4yRa+ip+DTWjkjMYmf5qM=,IjjlDn84wWfu8Edn8XpUFAk7Z90=
82,-230,EI+BDW4yRa+ip+DTWjkjMYmf5qM=,IjjlDn84wWfu8Edn8XpUFAk7Z90=
80,-232,EI+BDW4yRa+ip+DTWjkjMYmf5qM=,IjjlDn84wWfu8Edn8XpUFAk7Z90=
93,-232,EI+BDW4yRa+ip+DTWjkjMYmf5qM=,IjjlDn84wWfu8Edn8XpUFAk7Z90=
92,-232,EI+BDW4yRa+ip+DTWjkjMYmf5qM=,IjjlDn84wWfu8Edn8XpUFAk7Z90=
89,-231,EI+BDW4yRa+ip+DTWjkjMYmf5qM=,IjjlDn84wWfu8Edn8XpUFAk7Z90=
90,-232,EI+BDW4yRa+ip+DTWjkjMYmf5qM=,IjjlDn84wWfu8Edn8XpUFAk7Z90=
86,-232,EI+BDW4yRa+ip+DTWjkjMYmf5qM=,IjjlDn84wWfu8Edn8XpUFAk7Z90=
91,-239,EI+BDW4yRa+ip+DTWjkjMYmf5qM=,IjjlDn84wWfu8Edn8XpUFAk7Z90=
85,-232,EI+BDW4yRa+ip+DTWjkjMYmf5qM=,IjjlDn84wWfu8Edn8XpUFAk7Z90=
83,-231,EI+BDW4yRa+ip+DTWjkjMYmf5qM=,IjjlDn84wWfu8Edn8XpUFAk7Z90=
89,-232,EI+BDW4yRa+ip+DTWjkjMYmf5qM=,IjjlDn84wWfu8Edn8XpUFAk7Z90=
82,-232,EI+BDW4yRa+ip+DTWjkjMYmf5qM=,IjjlDn84wWfu8Edn8XpUFAk7Z90=
91,-240,EI+BDW4yRa+ip+DTWjkjMYmf5qM=,IjjlDn84wWfu8Edn8XpUFAk7Z90=
91,-238,EI+BDW4yRa+ip+DTWjkjMYmf5qM=,IjjlDn84wWfu8Edn8XpUFAk7Z90=
84,-232,EI+BDW4yRa+ip+DTWjkjMYmf5qM=,IjjlDn84wWfu8Edn8XpUFAk7Z90=
94,-233,EI+BDW4yRa+ip+DTWjkjMYmf5qM=,IjjlDn84wWfu8Edn8XpUFAk7Z90=
87,-232,EI+BDW4yRa+ip+DTWjkjMYmf5qM=,IjjlDn84wWfu8Edn8XpUFAk7Z90=
93,-233,EI+BDW4yRa+ip+DTWjkjMYmf5qM=,IjjlDn84wWfu8Edn8XpUFAk7Z90=
90,-239,EI+BDW4yRa+ip+DTWjkjMYmf5qM=,IjjlDn84wWfu8Edn8XpUFAk7Z90=
92,-233,EI+BDW4yRa+ip+DTWjkjMYmf5qM=,IjjlDn84wWfu8Edn8XpUFAk7Z90=
85,-233,EI+BDW4yRa+ip+DTWjkjMYmf5qM=,IjjlDn84wWfu8Edn8XpUFAk7Z90=
81,-233,EI+BDW4yRa+ip+DTWjkjMYmf5qM=,IjjlDn84wWfu8Edn8XpUFAk7Z90=
86,-233,EI+BDW4yRa+ip+DTWjkjMYmf5qM=,IjjlDn84wWfu8Edn8XpUFAk7Z90=
95,-232,EI+BDW4yRa+ip+DTWjkjMYmf5qM=,IjjlDn84wWfu8Edn8XpUFAk7Z90=
90,-233,EI+BDW4yRa+ip+DTWjkjMYmf5qM=,IjjlDn84wWfu8Edn8XpUFAk7Z90=
88,-233,EI+BDW4yRa+ip+DTWjkjMYmf5qM=,IjjlDn84wWfu8Edn8XpUFAk7Z90=
87,-233,EI+BDW4yRa+ip+DTWjkjMYmf5qM=,IjjlDn84wWfu8Edn8XpUFAk7Z90=
88,-231,EI+BDW4yRa+ip+DTWjkjMYmf5qM=,IjjlDn84wWfu8Edn8XpUFAk7Z90=
82,-233,EI+BDW4yRa+ip+DTWjkjMYmf5qM=,IjjlDn84wWfu8Edn8XpUFAk7Z90=
94,-234,EI+BDW4yRa+ip+DTWjkjMYmf5qM=,IjjlDn84wWfu8Edn8XpUFAk7Z90=
90,-238,EI+BDW4yRa+ip+DTWjkjMYmf5qM=,IjjlDn84wWfu8Edn8XpUFAk7Z90=
93,-234,EI+BDW4yRa+ip+DTWjkjMYmf5qM=,IjjlDn84wWfu8Edn8XpUFAk7Z90=
92,-234,EI+BDW4yRa+ip+DTWjkjMYmf5qM=,IjjlDn84wWfu8Edn8XpUFAk7Z90=
80,-233,EI+BDW4yRa+ip+DTWjkjMYmf5qM=,IjjlDn84wWfu8Edn8XpUFAk7Z90=
89,-239,EI+BDW4yRa+ip+DTWjkjMYmf5qM=,IjjlDn84wWfu8Edn8XpUFAk7Z90=
87,-234,EI+BDW4yRa+ip+DTWjkjMYmf5qM=,IjjlDn84wWfu8Edn8XpUFAk7Z90=
91,-233,EI+BDW4yRa+ip+DTWjkjMYmf5qM=,IjjlDn84wWfu8Edn8XpUFAk7Z90=
80,-234,EI+BDW4yRa+ip+DTWjkjMYmf5qM=,IjjlDn84wWfu8Edn8XpUFAk7Z90=
83,-233,EI+BDW4yRa+ip+DTWjkjMYmf5qM=,IjjlDn84wWfu8Edn8XpUFAk7Z90=
84,-233,EI+BDW4yRa+ip+DTWjkjMYmf5qM=,IjjlDn84wWfu8Edn8XpUFAk7Z90=
84,-234,EI+BDW4yRa+ip+DTWjkjMYmf5qM=,IjjlDn84wWfu8Edn8XpUFAk7Z90=
89,-234,EI+BDW4yRa+ip+DTWjkjMYmf5qM=,IjjlDn84wWfu8Edn8XpUFAk7Z90=
95,-234,EI+BDW4yRa+ip+DTWjkjMYmf5qM=,IjjlDn84wWfu8Edn8XpUFAk7Z90=
89,-233,EI+BDW4yRa+ip+DTWjkjMYmf5qM=,IjjlDn84wWfu8Edn8XpUFAk7Z90=
82,-234,EI+BDW4yRa+ip+DTWjkjMYmf5qM=,IjjlDn84wWfu8Edn8XpUFAk7Z90=
90,-240,EI+BDW4yRa+ip+DTWjkjMYmf5qM=,IjjlDn84wWfu8Edn8XpUFAk7Z90=
91,-231,EI+BDW4yRa+ip+DTWjkjMYmf5qM=,IjjlDn84wWfu8Edn8XpUFAk7Z90=
83,-234,EI+BDW4yRa+ip+DTWjkjMYmf5qM=,IjjlDn84wWfu8Edn8XpUFAk7Z90=
83,-232,EI+BDW4yRa+ip+DTWjkjMYmf5qM=,IjjlDn84wWfu8Edn8XpUFAk7Z90=
91,-234,EI+BDW4yRa+ip+DTWjkjMYmf5qM=,IjjlDn84wWfu8Edn8XpUFAk7Z90=
95,-233,EI+BDW4yRa+ip+DTWjkjMYmf5qM=,IjjlDn84wWfu8Edn8XpUFAk7Z90=
94,-235,EI+BDW4yRa+ip+DTWjkjMYmf5qM=,IjjlDn84wWfu8Edn8XpUFAk7Z90=
81,-234,EI+BDW4yRa+ip+DTWjkjMYmf5qM=,IjjlDn84wWfu8Edn8XpUFAk7Z90=
88,-232,EI+BDW4yRa+ip+DTWjkjMYmf5qM=,IjjlDn84wWfu8Edn8XpUFAk7Z90=
84,-235,EI+BDW4yRa+ip+DTWjkjMYmf5qM=,IjjlDn84wWfu8Edn8XpUFAk7Z90=
89,-235,EI+BDW4yRa+ip+DTWjkjMYmf5qM=,IjjlDn84wWfu8Edn8XpUFAk7Z90=
88,-235,EI+BDW4yRa+ip+DTWjkjMYmf5qM=,IjjlDn84wWfu8Edn8XpUFAk7Z90=
86,-234,EI+BDW4yRa+ip+DTWjkjMYmf5qM=,IjjlDn84wWfu8Edn8XpUFAk7Z90=
90,-234,EI+BDW4yRa+ip+DTWjkjMYmf5qM=,IjjlDn84wWfu8Edn8XpUFAk7Z90=
85,-234,EI+BDW4yRa+ip+DTWjkjMYmf5qM=,IjjlDn84wWfu8Edn8XpUFAk7Z90=
91,-235,EI+BDW4yRa+ip+DTWjkjMYmf5qM=,IjjlDn84wWfu8Edn8XpUFAk7Z90=
86,-235,EI+BDW4yRa+ip+DTWjkjMYmf5qM=,IjjlDn84wWfu8Edn8XpUFAk7Z90=
88,-239,EI+BDW4yRa+ip+DTWjkjMYmf5qM=,IjjlDn84wWfu8Edn8XpUFAk7Z90=
93,-235,EI+BDW4yRa+ip+DTWjkjMYmf5qM=,IjjlDn84wWfu8Edn8XpUFAk7Z90=
87,-235,EI+BDW4yRa+ip+DTWjkjMYmf5qM=,IjjlDn84wWfu8Edn8XpUFAk7Z90=
89,-240,EI+BDW4yRa+ip+DTWjkjMYmf5qM=,IjjlDn84wWfu8Edn8XpUFAk7Z90=
95,-236,EI+BDW4yRa+ip+DTWjkjMYmf5qM=,IjjlDn84wWfu8Edn8XpUFAk7Z90=
90,-235,EI+BDW4yRa+ip+DTWjkjMYmf5qM=,IjjlDn84wWfu8Edn8XpUFAk7Z90=
82,-235,EI+BDW4yRa+ip+DTWjkjMYmf5qM=,IjjlDn84wWfu8Edn8XpUFAk7Z90=
93,-236,EI+BDW4yRa+ip+DTWjkjMYmf5qM=,IjjlDn84wWfu8Edn8XpUFAk7Z90=
88,-234,EI+BDW4yRa+ip+DTWjkjMYmf5qM=,IjjlDn84wWfu8Edn8XpUFAk7Z90=
90,-236,EI+BDW4yRa+ip+DTWjkjMYmf5qM=,IjjlDn84wWfu8Edn8XpUFAk7Z90=
80,-240,EI+BDW4yRa+ip+DTWjkjMYmf5qM=,IjjlDn84wWfu8Edn8XpUFAk7Z90=
80,-235,EI+BDW4yRa+ip+DTWjkjMYmf5qM=,IjjlDn84wWfu8Edn8XpUFAk7Z90=
81,-235,EI+BDW4yRa+ip+DTWjkjMYmf5qM=,IjjlDn84wWfu8Edn8XpUFAk7Z90=
89,-238,EI+BDW4yRa+ip+DTWjkjMYmf5qM=,IjjlDn84wWfu8Edn8XpUFAk7Z90=
92,-235,EI+BDW4yRa+ip+DTWjkjMYmf5qM=,IjjlDn84wWfu8Edn8XpUFAk7Z90=
87,-236,EI+BDW4yRa+ip+DTWjkjMYmf5qM=,IjjlDn84wWfu8Edn8XpUFAk7Z90=
82,-236,EI+BDW4yRa+ip+DTWjkjMYmf5qM=,IjjlDn84wWfu8Edn8XpUFAk7Z90=
86,-240,EI+BDW4yRa+ip+DTWjkjMYmf5qM=,IjjlDn84wWfu8Edn8XpUFAk7Z90=
85,-235,EI+BDW4yRa+ip+DTWjkjMYmf5qM=,IjjlDn84wWfu8Edn8XpUFAk7Z90=
83,-236,EI+BDW4yRa+ip+DTWjkjMYmf5qM=,IjjlDn84wWfu8Edn8XpUFAk7Z90=
83,-235,EI+BDW4yRa+ip+DTWjkjMYmf5qM=,IjjlDn84wWfu8Edn8XpUFAk7Z90=
86,-236,EI+BDW4yRa+ip+DTWjkjMYmf5qM=,IjjlDn84wWfu8Edn8XpUFAk7Z90=
95,-235,EI+BDW4yRa+ip+DTWjkjMYmf5qM=,IjjlDn84wWfu8Edn8XpUFAk7Z90=
95,-237,EI+BDW4yRa+ip+DTWjkjMYmf5qM=,IjjlDn84wWfu8Edn8XpUFAk7Z90=
92,-237,EI+BDW4yRa+ip+DTWjkjMYmf5qM=,IjjlDn84wWfu8Edn8XpUFAk7Z90=
91,-236,EI+BDW4yRa+ip+DTWjkjMYmf5qM=,IjjlDn84wWfu8Edn8XpUFAk7Z90=
84,-236,EI+BDW4yRa+ip+DTWjkjMYmf5qM=,IjjlDn84wWfu8Edn8XpUFAk7Z90=
88,-236,EI+BDW4yRa+ip+DTWjkjMYmf5qM=,IjjlDn84wWfu8Edn8XpUFAk7Z90=
85,-236,EI+BDW4yRa+ip+DTWjkjMYmf5qM=,IjjlDn84wWfu8Edn8XpUFAk7Z90=
94,-236,EI+BDW4yRa+ip+DTWjkjMYmf5qM=,IjjlDn84wWfu8Edn8XpUFAk7Z90=
89,-236,EI+BDW4yRa+ip+DTWjkjMYmf5qM=,IjjlDn84wWfu8Edn8XpUFAk7Z90=
87,-240,EI+BDW4yRa+ip+DTWjkjMYmf5qM=,IjjlDn84wWfu8Edn8XpUFAk7Z90=
80,-236,EI+BDW4yRa+ip+DTWjkjMYmf5qM=,IjjlDn84wWfu8Edn8XpUFAk7Z90=
88,-240,EI+BDW4yRa+ip+DTWjkjMYmf5qM=,IjjlDn84wWfu8Edn8XpUFAk7Z90=
81,-236,EI+BDW4yRa+ip+DTWjkjMYmf5qM=,IjjlDn84wWfu8Edn8XpUFAk7Z90=
91,-237,EI+BDW4yRa+ip+DTWjkjMYmf5qM=,IjjlDn84wWfu8Edn8XpUFAk7Z90=
92,-236,EI+BDW4yRa+ip+DTWjkjMYmf5qM=,IjjlDn84wWfu8Edn8XpUFAk7Z90=
94,-237,EI+BDW4yRa+ip+DTWjkjMYmf5qM=,IjjlDn84wWfu8Edn8XpUFAk7Z90=
93,-237,EI+BDW4yRa+ip+DTWjkjMYmf5qM=,IjjlDn84wWfu8Edn8XpUFAk7Z90=
88,-237,EI+BDW4yRa+ip+DTWjkjMYmf5qM=,IjjlDn84wWfu8Edn8XpUFAk7Z90=
87,-239,EI+BDW4yRa+ip+DTWjkjMYmf5qM=,IjjlDn84wWfu8Edn8XpUFAk7Z90=
86,-239,EI+BDW4yRa+ip+DTWjkjMYmf5qM=,IjjlDn84wWfu8Edn8XpUFAk7Z90=
89,-237,EI+BDW4yRa+ip+DTWjkjMYmf5qM=,IjjlDn84wWfu8Edn8XpUFAk7Z90=
88,-238,EI+BDW4yRa+ip+DTWjkjMYmf5qM=,IjjlDn84wWfu8Edn8XpUFAk7Z90=
90,-237,EI+BDW4yRa+ip+DTWjkjMYmf5qM=,IjjlDn84wWfu8Edn8XpUFAk7Z90=
87,-238,EI+BDW4yRa+ip+DTWjkjMYmf5qM=,IjjlDn84wWfu8Edn8XpUFAk7Z90=
87,-253,x1Ymrzzix51gFd1V+CZFX7R+5Nk=,dzm1cEFqDECnjwWUgGXNUuXYSvI=
86,-253,x1Ymrzzix51gFd1V+CZFX7R+5Nk=,dzm1cEFqDECnjwWUgGXNUuXYSvI=
85,-256,x1Ymrzzix51gFd1V+CZFX7R+5Nk=,dzm1cEFqDECnjwWUgGXNUuXYSvI=
86,-254,x1Ymrzzix51gFd1V+CZFX7R+5Nk=,dzm1cEFqDECnjwWUgGXNUuXYSvI=
85,-254,x1Ymrzzix51gFd1V+CZFX7R+5Nk=,dzm1cEFqDECnjwWUgGXNUuXYSvI=
85,-253,x1Ymrzzix51gFd1V+CZFX7R+5Nk=,dzm1cEFqDECnjwWUgGXNUuXYSvI=
83,-256,x1Ymrzzix51gFd1V+CZFX7R+5Nk=,dzm1cEFqDECnjwWUgGXNUuXYSvI=
84,-253,x1Ymrzzix51gFd1V+CZFX7R+5Nk=,dzm1cEFqDECnjwWUgGXNUuXYSvI=
83,-253,x1Ymrzzix51gFd1V+CZFX7R+5Nk=,dzm1cEFqDECnjwWUgGXNUuXYSvI=
85,-255,x1Ymrzzix51gFd1V+CZFX7R+5Nk=,dzm1cEFqDECnjwWUgGXNUuXYSvI=
84,-255,x1Ymrzzix51gFd1V+CZFX7R+5Nk=,dzm1cEFqDECnjwWUgGXNUuXYSvI=
82,-253,x1Ymrzzix51gFd1V+CZFX7R+5Nk=,dzm1cEFqDECnjwWUgGXNUuXYSvI=
81,-256,x1Ymrzzix51gFd1V+CZFX7R+5Nk=,dzm1cEFqDECnjwWUgGXNUuXYSvI=
84,-254,x1Ymrzzix51gFd1V+CZFX7R+5Nk=,dzm1cEFqDECnjwWUgGXNUuXYSvI=
84,-256,x1Ymrzzix51gFd1V+CZFX7R+5Nk=,dzm1cEFqDECnjwWUgGXNUuXYSvI=
81,-253,x1Ymrzzix51gFd1V+CZFX7R+5Nk=,dzm1cEFqDECnjwWUgGXNUuXYSvI=
83,-254,x1Ymrzzix51gFd1V+CZFX7R+5Nk=,dzm1cEFqDECnjwWUgGXNUuXYSvI=
85,-242,x1Ymrzzix51gFd1V+CZFX7R+5Nk=,dzm1cEFqDECnjwWUgGXNUuXYSvI=
84,-242,x1Ymrzzix51gFd1V+CZFX7R+5Nk=,dzm1cEFqDECnjwWUgGXNUuXYSvI=
83,-242,x1Ymrzzix51gFd1V+CZFX7R+5Nk=,dzm1cEFqDECnjwWUgGXNUuXYSvI=
82,-242,x1Ymrzzix51gFd1V+CZFX7R+5Nk=,dzm1cEFqDECnjwWUgGXNUuXYSvI=
83,-255,x1Ymrzzix51gFd1V+CZFX7R+5Nk=,dzm1cEFqDECnjwWUgGXNUuXYSvI=
82,-254,x1Ymrzzix51gFd1V+CZFX7R+5Nk=,dzm1cEFqDECnjwWUgGXNUuXYSvI=
80,-242,x1Ymrzzix51gFd1V+CZFX7R+5Nk=,dzm1cEFqDECnjwWUgGXNUuXYSvI=
84,-243,x1Ymrzzix51gFd1V+CZFX7R+5Nk=,dzm1cEFqDECnjwWUgGXNUuXYSvI=
83,-243,x1Ymrzzix51gFd1V+CZFX7R+5Nk=,dzm1cEFqDECnjwWUgGXNUuXYSvI=
82,-243,x1Ymrzzix51gFd1V+CZFX7R+5Nk=,dzm1cEFqDECnjwWUgGXNUuXYSvI=
82,-255,x1Ymrzzix51gFd1V+CZFX7R+5Nk=,dzm1cEFqDECnjwWUgGXNUuXYSvI=
81,-243,x1Ymrzzix51gFd1V+CZFX7R+5Nk=,dzm1cEFqDECnjwWUgGXNUuXYSvI=
81,-254,x1Ymrzzix51gFd1V+CZFX7R+5Nk=,dzm1cEFqDECnjwWUgGXNUuXYSvI=
80,-243,x1Ymrzzix51gFd1V+CZFX7R+5Nk=,dzm1cEFqDECnjwWUgGXNUuXYSvI=
85,-244,x1Ymrzzix51gFd1V+CZFX7R+5Nk=,dzm1cEFqDECnjwWUgGXNUuXYSvI=
86,-244,x1Ymrzzix51gFd1V+CZFX7R+5Nk=,dzm1cEFqDECnjwWUgGXNUuXYSvI=
84,-244,x1Ymrzzix51gFd1V+CZFX7R+5Nk=,dzm1cEFqDECnjwWUgGXNUuXYSvI=
83,-244,x1Ymrzzix51gFd1V+CZFX7R+5Nk=,dzm1cEFqDECnjwWUgGXNUuXYSvI=
81,-244,x1Ymrzzix51gFd1V+CZFX7R+5Nk=,dzm1cEFqDECnjwWUgGXNUuXYSvI=
82,-244,x1Ymrzzix51gFd1V+CZFX7R+5Nk=,dzm1cEFqDECnjwWUgGXNUuXYSvI=
80,-244,x1Ymrzzix51gFd1V+CZFX7R+5Nk=,dzm1cEFqDECnjwWUgGXNUuXYSvI=
81,-255,x1Ymrzzix51gFd1V+CZFX7R+5Nk=,dzm1cEFqDECnjwWUgGXNUuXYSvI=
80,-255,x1Ymrzzix51gFd1V+CZFX7R+5Nk=,dzm1cEFqDECnjwWUgGXNUuXYSvI=
80,-253,x1Ymrzzix51gFd1V+CZFX7R+5Nk=,dzm1cEFqDECnjwWUgGXNUuXYSvI=
82,-256,x1Ymrzzix51gFd1V+CZFX7R+5Nk=,dzm1cEFqDECnjwWUgGXNUuXYSvI=
80,-254,x1Ymrzzix51gFd1V+CZFX7R+5Nk=,dzm1cEFqDECnjwWUgGXNUuXYSvI=
94,-255,x1Ymrzzix51gFd1V+CZFX7R+5Nk=,dzm1cEFqDECnjwWUgGXNUuXYSvI=
86,-245,x1Ymrzzix51gFd1V+CZFX7R+5Nk=,dzm1cEFqDECnjwWUgGXNUuXYSvI=
85,-245,x1Ymrzzix51gFd1V+CZFX7R+5Nk=,dzm1cEFqDECnjwWUgGXNUuXYSvI=
84,-245,x1Ymrzzix51gFd1V+CZFX7R+5Nk=,dzm1cEFqDECnjwWUgGXNUuXYSvI=
83,-245,x1Ymrzzix51gFd1V+CZFX7R+5Nk=,dzm1cEFqDECnjwWUgGXNUuXYSvI=
82,-245,x1Ymrzzix51gFd1V+CZFX7R+5Nk=,dzm1cEFqDECnjwWUgGXNUuXYSvI=
81,-245,x1Ymrzzix51gFd1V+CZFX7R+5Nk=,dzm1cEFqDECnjwWUgGXNUuXYSvI=
80,-245,x1Ymrzzix51gFd1V+CZFX7R+5Nk=,dzm1cEFqDECnjwWUgGXNUuXYSvI=
91,-246,x1Ymrzzix51gFd1V+CZFX7R+5Nk=,dzm1cEFqDECnjwWUgGXNUuXYSvI=
88,-246,x1Ymrzzix51gFd1V+CZFX7R+5Nk=,dzm1cEFqDECnjwWUgGXNUuXYSvI=
87,-246,x1Ymrzzix51gFd1V+CZFX7R+5Nk=,dzm1cEFqDECnjwWUgGXNUuXYSvI=
86,-246,x1Ymrzzix51gFd1V+CZFX7R+5Nk=,dzm1cEFqDECnjwWUgGXNUuXYSvI=
85,-246,x1Ymrzzix51gFd1V+CZFX7R+5Nk=,dzm1cEFqDECnjwWUgGXNUuXYSvI=
84,-246,x1Ymrzzix51gFd1V+CZFX7R+5Nk=,dzm1cEFqDECnjwWUgGXNUuXYSvI=
83,-246,x1Ymrzzix51gFd1V+CZFX7R+5Nk=,dzm1cEFqDECnjwWUgGXNUuXYSvI=
81,-246,x1Ymrzzix51gFd1V+CZFX7R+5Nk=,dzm1cEFqDECnjwWUgGXNUuXYSvI=
82,-246,x1Ymrzzix51gFd1V+CZFX7R+5Nk=,dzm1cEFqDECnjwWUgGXNUuXYSvI=
80,-246,x1Ymrzzix51gFd1V+CZFX7R+5Nk=,dzm1cEFqDECnjwWUgGXNUuXYSvI=
92,-256,x1Ymrzzix51gFd1V+CZFX7R+5Nk=,dzm1cEFqDECnjwWUgGXNUuXYSvI=
92,-255,x1Ymrzzix51gFd1V+CZFX7R+5Nk=,dzm1cEFqDECnjwWUgGXNUuXYSvI=
90,-247,x1Ymrzzix51gFd1V+CZFX7R+5Nk=,dzm1cEFqDECnjwWUgGXNUuXYSvI=
91,-247,x1Ymrzzix51gFd1V+CZFX7R+5Nk=,dzm1cEFqDECnjwWUgGXNUuXYSvI=
89,-247,x1Ymrzzix51gFd1V+CZFX7R+5Nk=,dzm1cEFqDECnjwWUgGXNUuXYSvI=
88,-247,x1Ymrzzix51gFd1V+CZFX7R+5Nk=,dzm1cEFqDECnjwWUgGXNUuXYSvI=
86,-247,x1Ymrzzix51gFd1V+CZFX7R+5Nk=,dzm1cEFqDECnjwWUgGXNUuXYSvI=
87,-247,x1Ymrzzix51gFd1V+CZFX7R+5Nk=,dzm1cEFqDECnjwWUgGXNUuXYSvI=
85,-247,x1Ymrzzix51gFd1V+CZFX7R+5Nk=,dzm1cEFqDECnjwWUgGXNUuXYSvI=
84,-247,x1Ymrzzix51gFd1V+CZFX7R+5Nk=,dzm1cEFqDECnjwWUgGXNUuXYSvI=
83,-247,x1Ymrzzix51gFd1V+CZFX7R+5Nk=,dzm1cEFqDECnjwWUgGXNUuXYSvI=
82,-247,x1Ymrzzix51gFd1V+CZFX7R+5Nk=,dzm1cEFqDECnjwWUgGXNUuXYSvI=
81,-247,x1Ymrzzix51gFd1V+CZFX7R+5Nk=,dzm1cEFqDECnjwWUgGXNUuXYSvI=
80,-247,x1Ymrzzix51gFd1V+CZFX7R+5Nk=,dzm1cEFqDECnjwWUgGXNUuXYSvI=
91,-256,x1Ymrzzix51gFd1V+CZFX7R+5Nk=,dzm1cEFqDECnjwWUgGXNUuXYSvI=
92,-254,x1Ymrzzix51gFd1V+CZFX7R+5Nk=,dzm1cEFqDECnjwWUgGXNUuXYSvI=
91,-248,x1Ymrzzix51gFd1V+CZFX7R+5Nk=,dzm1cEFqDECnjwWUgGXNUuXYSvI=
91,-255,x1Ymrzzix51gFd1V+CZFX7R+5Nk=,dzm1cEFqDECnjwWUgGXNUuXYSvI=
89,-248,x1Ymrzzix51gFd1V+CZFX7R+5Nk=,dzm1cEFqDECnjwWUgGXNUuXYSvI=
90,-248,x1Ymrzzix51gFd1V+CZFX7R+5Nk=,dzm1cEFqDECnjwWUgGXNUuXYSvI=
88,-248,x1Ymrzzix51gFd1V+CZFX7R+5Nk=,dzm1cEFqDECnjwWUgGXNUuXYSvI=
87,-248,x1Ymrzzix51gFd1V+CZFX7R+5Nk=,dzm1cEFqDECnjwWUgGXNUuXYSvI=
86,-248,x1Ymrzzix51gFd1V+CZFX7R+5Nk=,dzm1cEFqDECnjwWUgGXNUuXYSvI=
85,-248,x1Ymrzzix51gFd1V+CZFX7R+5Nk=,dzm1cEFqDECnjwWUgGXNUuXYSvI=
84,-248,x1Ymrzzix51gFd1V+CZFX7R+5Nk=,dzm1cEFqDECnjwWUgGXNUuXYSvI=
83,-248,x1Ymrzzix51gFd1V+CZFX7R+5Nk=,dzm1cEFqDECnjwWUgGXNUuXYSvI=
82,-248,x1Ymrzzix51gFd1V+CZFX7R+5Nk=,dzm1cEFqDECnjwWUgGXNUuXYSvI=
81,-248,x1Ymrzzix51gFd1V+CZFX7R+5Nk=,dzm1cEFqDECnjwWUgGXNUuXYSvI=
90,-256,x1Ymrzzix51gFd1V+CZFX7R+5Nk=,dzm1cEFqDECnjwWUgGXNUuXYSvI=
80,-248,x1Ymrzzix51gFd1V+CZFX7R+5Nk=,dzm1cEFqDECnjwWUgGXNUuXYSvI=
91,-254,x1Ymrzzix51gFd1V+CZFX7R+5Nk=,dzm1cEFqDECnjwWUgGXNUuXYSvI=
92,-249,x1Ymrzzix51gFd1V+CZFX7R+5Nk=,dzm1cEFqDECnjwWUgGXNUuXYSvI=
90,-255,x1Ymrzzix51gFd1V+CZFX7R+5Nk=,dzm1cEFqDECnjwWUgGXNUuXYSvI=
91,-249,x1Ymrzzix51gFd1V+CZFX7R+5Nk=,dzm1cEFqDECnjwWUgGXNUuXYSvI=
90,-249,x1Ymrzzix51gFd1V+CZFX7R+5Nk=,dzm1cEFqDECnjwWUgGXNUuXYSvI=
89,-249,x1Ymrzzix51gFd1V+CZFX7R+5Nk=,dzm1cEFqDECnjwWUgGXNUuXYSvI=
88,-249,x1Ymrzzix51gFd1V+CZFX7R+5Nk=,dzm1cEFqDECnjwWUgGXNUuXYSvI=
87,-249,x1Ymrzzix51gFd1V+CZFX7R+5Nk=,dzm1cEFqDECnjwWUgGXNUuXYSvI=
85,-249,x1Ymrzzix51gFd1V+CZFX7R+5Nk=,dzm1cEFqDECnjwWUgGXNUuXYSvI=
86,-249,x1Ymrzzix51gFd1V+CZFX7R+5Nk=,dzm1cEFqDECnjwWUgGXNUuXYSvI=
84,-249,x1Ymrzzix51gFd1V+CZFX7R+5Nk=,dzm1cEFqDECnjwWUgGXNUuXYSvI=
83,-249,x1Ymrzzix51gFd1V+CZFX7R+5Nk=,dzm1cEFqDECnjwWUgGXNUuXYSvI=
82,-249,x1Ymrzzix51gFd1V+CZFX7R+5Nk=,dzm1cEFqDECnjwWUgGXNUuXYSvI=
81,-249,x1Ymrzzix51gFd1V+CZFX7R+5Nk=,dzm1cEFqDECnjwWUgGXNUuXYSvI=
80,-249,x1Ymrzzix51gFd1V+CZFX7R+5Nk=,dzm1cEFqDECnjwWUgGXNUuXYSvI=
90,-254,x1Ymrzzix51gFd1V+CZFX7R+5Nk=,dzm1cEFqDECnjwWUgGXNUuXYSvI=
89,-256,x1Ymrzzix51gFd1V+CZFX7R+5Nk=,dzm1cEFqDECnjwWUgGXNUuXYSvI=
89,-255,x1Ymrzzix51gFd1V+CZFX7R+5Nk=,dzm1cEFqDECnjwWUgGXNUuXYSvI=
93,-249,x1Ymrzzix51gFd1V+CZFX7R+5Nk=,dzm1cEFqDECnjwWUgGXNUuXYSvI=
93,-250,x1Ymrzzix51gFd1V+CZFX7R+5Nk=,dzm1cEFqDECnjwWUgGXNUuXYSvI=
91,-250,x1Ymrzzix51gFd1V+CZFX7R+5Nk=,dzm1cEFqDECnjwWUgGXNUuXYSvI=
90,-250,x1Ymrzzix51gFd1V+CZFX7R+5Nk=,dzm1cEFqDECnjwWUgGXNUuXYSvI=
89,-250,x1Ymrzzix51gFd1V+CZFX7R+5Nk=,dzm1cEFqDECnjwWUgGXNUuXYSvI=
93,-254,x1Ymrzzix51gFd1V+CZFX7R+5Nk=,dzm1cEFqDECnjwWUgGXNUuXYSvI=
93,-255,x1Ymrzzix51gFd1V+CZFX7R+5Nk=,dzm1cEFqDECnjwWUgGXNUuXYSvI=
88,-250,x1Ymrzzix51gFd1V+CZFX7R+5Nk=,dzm1cEFqDECnjwWUgGXNUuXYSvI=
87,-250,x1Ymrzzix51gFd1V+CZFX7R+5Nk=,dzm1cEFqDECnjwWUgGXNUuXYSvI=
85,-250,x1Ymrzzix51gFd1V+CZFX7R+5Nk=,dzm1cEFqDECnjwWUgGXNUuXYSvI=
86,-250,x1Ymrzzix51gFd1V+CZFX7R+5Nk=,dzm1cEFqDECnjwWUgGXNUuXYSvI=
83,-250,x1Ymrzzix51gFd1V+CZFX7R+5Nk=,dzm1cEFqDECnjwWUgGXNUuXYSvI=
84,-250,x1Ymrzzix51gFd1V+CZFX7R+5Nk=,dzm1cEFqDECnjwWUgGXNUuXYSvI=
82,-250,x1Ymrzzix51gFd1V+CZFX7R+5Nk=,dzm1cEFqDECnjwWUgGXNUuXYSvI=
81,-250,x1Ymrzzix51gFd1V+CZFX7R+5Nk=,dzm1cEFqDECnjwWUgGXNUuXYSvI=
80,-250,x1Ymrzzix51gFd1V+CZFX7R+5Nk=,dzm1cEFqDECnjwWUgGXNUuXYSvI=
89,-254,x1Ymrzzix51gFd1V+CZFX7R+5Nk=,dzm1cEFqDECnjwWUgGXNUuXYSvI=
88,-256,x1Ymrzzix51gFd1V+CZFX7R+5Nk=,dzm1cEFqDECnjwWUgGXNUuXYSvI=
88,-255,x1Ymrzzix51gFd1V+CZFX7R+5Nk=,dzm1cEFqDECnjwWUgGXNUuXYSvI=
93,-256,x1Ymrzzix51gFd1V+CZFX7R+5Nk=,dzm1cEFqDECnjwWUgGXNUuXYSvI=
94,-254,x1Ymrzzix51gFd1V+CZFX7R+5Nk=,dzm1cEFqDECnjwWUgGXNUuXYSvI=
92,-251,x1Ymrzzix51gFd1V+CZFX7R+5Nk=,dzm1cEFqDECnjwWUgGXNUuXYSvI=
94,-256,x1Ymrzzix51gFd1V+CZFX7R+5Nk=,dzm1cEFqDECnjwWUgGXNUuXYSvI=
91,-251,x1Ymrzzix51gFd1V+CZFX7R+5Nk=,dzm1cEFqDECnjwWUgGXNUuXYSvI=
93,-251,x1Ymrzzix51gFd1V+CZFX7R+5Nk=,dzm1cEFqDECnjwWUgGXNUuXYSvI=
90,-251,x1Ymrzzix51gFd1V+CZFX7R+5Nk=,dzm1cEFqDECnjwWUgGXNUuXYSvI=
89,-251,x1Ymrzzix51gFd1V+CZFX7R+5Nk=,dzm1cEFqDECnjwWUgGXNUuXYSvI=
88,-251,x1Ymrzzix51gFd1V+CZFX7R+5Nk=,dzm1cEFqDECnjwWUgGXNUuXYSvI=
87,-251,x1Ymrzzix51gFd1V+CZFX7R+5Nk=,dzm1cEFqDECnjwWUgGXNUuXYSvI=
86,-251,x1Ymrzzix51gFd1V+CZFX7R+5Nk=,dzm1cEFqDECnjwWUgGXNUuXYSvI=
84,-251,x1Ymrzzix51gFd1V+CZFX7R+5Nk=,dzm1cEFqDECnjwWUgGXNUuXYSvI=
83,-251,x1Ymrzzix51gFd1V+CZFX7R+5Nk=,dzm1cEFqDECnjwWUgGXNUuXYSvI=
82,-251,x1Ymrzzix51gFd1V+CZFX7R+5Nk=,dzm1cEFqDECnjwWUgGXNUuXYSvI=
81,-251,x1Ymrzzix51gFd1V+CZFX7R+5Nk=,dzm1cEFqDECnjwWUgGXNUuXYSvI=
87,-256,x1Ymrzzix51gFd1V+CZFX7R+5Nk=,dzm1cEFqDECnjwWUgGXNUuXYSvI=
85,-251,x1Ymrzzix51gFd1V+CZFX7R+5Nk=,dzm1cEFqDECnjwWUgGXNUuXYSvI=
88,-254,x1Ymrzzix51gFd1V+CZFX7R+5Nk=,dzm1cEFqDECnjwWUgGXNUuXYSvI=
87,-255,x1Ymrzzix51gFd1V+CZFX7R+5Nk=,dzm1cEFqDECnjwWUgGXNUuXYSvI=
92,-250,x1Ymrzzix51gFd1V+CZFX7R+5Nk=,dzm1cEFqDECnjwWUgGXNUuXYSvI=
94,-249,x1Ymrzzix51gFd1V+CZFX7R+5Nk=,dzm1cEFqDECnjwWUgGXNUuXYSvI=
93,-252,x1Ymrzzix51gFd1V+CZFX7R+5Nk=,dzm1cEFqDECnjwWUgGXNUuXYSvI=
80,-251,x1Ymrzzix51gFd1V+CZFX7R+5Nk=,dzm1cEFqDECnjwWUgGXNUuXYSvI=
92,-252,x1Ymrzzix51gFd1V+CZFX7R+5Nk=,dzm1cEFqDECnjwWUgGXNUuXYSvI=
90,-252,x1Ymrzzix51gFd1V+CZFX7R+5Nk=,dzm1cEFqDECnjwWUgGXNUuXYSvI=
89,-252,x1Ymrzzix51gFd1V+CZFX7R+5Nk=,dzm1cEFqDECnjwWUgGXNUuXYSvI=
91,-252,x1Ymrzzix51gFd1V+CZFX7R+5Nk=,dzm1cEFqDECnjwWUgGXNUuXYSvI=
88,-252,x1Ymrzzix51gFd1V+CZFX7R+5Nk=,dzm1cEFqDECnjwWUgGXNUuXYSvI=
80,-256,x1Ymrzzix51gFd1V+CZFX7R+5Nk=,dzm1cEFqDECnjwWUgGXNUuXYSvI=
86,-252,x1Ymrzzix51gFd1V+CZFX7R+5Nk=,dzm1cEFqDECnjwWUgGXNUuXYSvI=
87,-252,x1Ymrzzix51gFd1V+CZFX7R+5Nk=,dzm1cEFqDECnjwWUgGXNUuXYSvI=
84,-252,x1Ymrzzix51gFd1V+CZFX7R+5Nk=,dzm1cEFqDECnjwWUgGXNUuXYSvI=
83,-252,x1Ymrzzix51gFd1V+CZFX7R+5Nk=,dzm1cEFqDECnjwWUgGXNUuXYSvI=
85,-252,x1Ymrzzix51gFd1V+CZFX7R+5Nk=,dzm1cEFqDECnjwWUgGXNUuXYSvI=
82,-252,x1Ymrzzix51gFd1V+CZFX7R+5Nk=,dzm1cEFqDECnjwWUgGXNUuXYSvI=
86,-256,x1Ymrzzix51gFd1V+CZFX7R+5Nk=,dzm1cEFqDECnjwWUgGXNUuXYSvI=
81,-252,x1Ymrzzix51gFd1V+CZFX7R+5Nk=,dzm1cEFqDECnjwWUgGXNUuXYSvI=
80,-252,x1Ymrzzix51gFd1V+CZFX7R+5Nk=,dzm1cEFqDECnjwWUgGXNUuXYSvI=
94,-251,x1Ymrzzix51gFd1V+CZFX7R+5Nk=,dzm1cEFqDECnjwWUgGXNUuXYSvI=
87,-254,x1Ymrzzix51gFd1V+CZFX7R+5Nk=,dzm1cEFqDECnjwWUgGXNUuXYSvI=
86,-255,x1Ymrzzix51gFd1V+CZFX7R+5Nk=,dzm1cEFqDECnjwWUgGXNUuXYSvI=
95,-249,x1Ymrzzix51gFd1V+CZFX7R+5Nk=,dzm1cEFqDECnjwWUgGXNUuXYSvI=
91,-253,x1Ymrzzix51gFd1V+CZFX7R+5Nk=,dzm1cEFqDECnjwWUgGXNUuXYSvI=
90,-253,x1Ymrzzix51gFd1V+CZFX7R+5Nk=,dzm1cEFqDECnjwWUgGXNUuXYSvI=
94,-250,x1Ymrzzix51gFd1V+CZFX7R+5Nk=,dzm1cEFqDECnjwWUgGXNUuXYSvI=
89,-253,x1Ymrzzix51gFd1V+CZFX7R+5Nk=,dzm1cEFqDECnjwWUgGXNUuXYSvI=
95,-250,x1Ymrzzix51gFd1V+CZFX7R+5Nk=,dzm1cEFqDECnjwWUgGXNUuXYSvI=
93,-253,x1Ymrzzix51gFd1V+CZFX7R+5Nk=,dzm1cEFqDECnjwWUgGXNUuXYSvI=
94,-252,x1Ymrzzix51gFd1V+CZFX7R+5Nk=,dzm1cEFqDECnjwWUgGXNUuXYSvI=
88,-253,x1Ymrzzix51gFd1V+CZFX7R+5Nk=,dzm1cEFqDECnjwWUgGXNUuXYSvI=
92,-253,x1Ymrzzix51gFd1V+CZFX7R+5Nk=,dzm1cEFqDECnjwWUgGXNUuXYSvI=
95,-256,x1Ymrzzix51gFd1V+CZFX7R+5Nk=,dzm1cEFqDECnjwWUgGXNUuXYSvI=
95,-251,x1Ymrzzix51gFd1V+CZFX7R+5Nk=,dzm1cEFqDECnjwWUgGXNUuXYSvI=
95,-255,x1Ymrzzix51gFd1V+CZFX7R+5Nk=,dzm1cEFqDECnjwWUgGXNUuXYSvI=
95,-252,x1Ymrzzix51gFd1V+CZFX7R+5Nk=,dzm1cEFqDECnjwWUgGXNUuXYSvI=
83,-241,x1Ymrzzix51gFd1V+CZFX7R+5Nk=,dzm1cEFqDECnjwWUgGXNUuXYSvI=
82,-241,x1Ymrzzix51gFd1V+CZFX7R+5Nk=,dzm1cEFqDECnjwWUgGXNUuXYSvI=
80,-241,x1Ymrzzix51gFd1V+CZFX7R+5Nk=,dzm1cEFqDECnjwWUgGXNUuXYSvI=
81,-241,x1Ymrzzix51gFd1V+CZFX7R+5Nk=,dzm1cEFqDECnjwWUgGXNUuXYSvI=
85,-241,x1Ymrzzix51gFd1V+CZFX7R+5Nk=,dzm1cEFqDECnjwWUgGXNUuXYSvI=
92,-248,x1Ymrzzix51gFd1V+CZFX7R+5Nk=,dzm1cEFqDECnjwWUgGXNUuXYSvI=
92,-242,x1Ymrzzix51gFd1V+CZFX7R+5Nk=,dzm1cEFqDECnjwWUgGXNUuXYSvI=
95,-254,x1Ymrzzix51gFd1V+CZFX7R+5Nk=,dzm1cEFqDECnjwWUgGXNUuXYSvI=
94,-242,x1Ymrzzix51gFd1V+CZFX7R+5Nk=,dzm1cEFqDECnjwWUgGXNUuXYSvI=
84,-241,x1Ymrzzix51gFd1V+CZFX7R+5Nk=,dzm1cEFqDECnjwWUgGXNUuXYSvI=
94,-253,x1Ymrzzix51gFd1V+CZFX7R+5Nk=,dzm1cEFqDECnjwWUgGXNUuXYSvI=
88,-242,x1Ymrzzix51gFd1V+CZFX7R+5Nk=,dzm1cEFqDECnjwWUgGXNUuXYSvI=
91,-242,x1Ymrzzix51gFd1V+CZFX7R+5Nk=,dzm1cEFqDECnjwWUgGXNUuXYSvI=
86,-241,x1Ymrzzix51gFd1V+CZFX7R+5Nk=,dzm1cEFqDECnjwWUgGXNUuXYSvI=
95,-253,x1Ymrzzix51gFd1V+CZFX7R+5Nk=,dzm1cEFqDECnjwWUgGXNUuXYSvI=
93,-248,x1Ymrzzix51gFd1V+CZFX7R+5Nk=,dzm1cEFqDECnjwWUgGXNUuXYSvI=
89,-242,x1Ymrzzix51gFd1V+CZFX7R+5Nk=,dzm1cEFqDECnjwWUgGXNUuXYSvI=
90,-242,x1Ymrzzix51gFd1V+CZFX7R+5Nk=,dzm1cEFqDECnjwWUgGXNUuXYSvI=
86,-242,x1Ymrzzix51gFd1V+CZFX7R+5Nk=,dzm1cEFqDECnjwWUgGXNUuXYSvI=
93,-242,x1Ymrzzix51gFd1V+CZFX7R+5Nk=,dzm1cEFqDECnjwWUgGXNUuXYSvI=
87,-241,x1Ymrzzix51gFd1V+CZFX7R+5Nk=,dzm1cEFqDECnjwWUgGXNUuXYSvI=
95,-242,x1Ymrzzix51gFd1V+CZFX7R+5Nk=,dzm1cEFqDECnjwWUgGXNUuXYSvI=
81,-242,x1Ymrzzix51gFd1V+CZFX7R+5Nk=,dzm1cEFqDECnjwWUgGXNUuXYSvI=
87,-242,x1Ymrzzix51gFd1V+CZFX7R+5Nk=,dzm1cEFqDECnjwWUgGXNUuXYSvI=
94,-241,x1Ymrzzix51gFd1V+CZFX7R+5Nk=,dzm1cEFqDECnjwWUgGXNUuXYSvI=
93,-241,x1Ymrzzix51gFd1V+CZFX7R+5Nk=,dzm1cEFqDECnjwWUgGXNUuXYSvI=
86,-243,x1Ymrzzix51gFd1V+CZFX7R+5Nk=,dzm1cEFqDECnjwWUgGXNUuXYSvI=
91,-243,x1Ymrzzix51gFd1V+CZFX7R+5Nk=,dzm1cEFqDECnjwWUgGXNUuXYSvI=
90,-243,x1Ymrzzix51gFd1V+CZFX7R+5Nk=,dzm1cEFqDECnjwWUgGXNUuXYSvI=
87,-243,x1Ymrzzix51gFd1V+CZFX7R+5Nk=,dzm1cEFqDECnjwWUgGXNUuXYSvI=
93,-243,x1Ymrzzix51gFd1V+CZFX7R+5Nk=,dzm1cEFqDECnjwWUgGXNUuXYSvI=
94,-243,x1Ymrzzix51gFd1V+CZFX7R+5Nk=,dzm1cEFqDECnjwWUgGXNUuXYSvI=
94,-248,x1Ymrzzix51gFd1V+CZFX7R+5Nk=,dzm1cEFqDECnjwWUgGXNUuXYSvI=
85,-243,x1Ymrzzix51gFd1V+CZFX7R+5Nk=,dzm1cEFqDECnjwWUgGXNUuXYSvI=
92,-243,x1Ymrzzix51gFd1V+CZFX7R+5Nk=,dzm1cEFqDECnjwWUgGXNUuXYSvI=
88,-241,x1Ymrzzix51gFd1V+CZFX7R+5Nk=,dzm1cEFqDECnjwWUgGXNUuXYSvI=
92,-241,x1Ymrzzix51gFd1V+CZFX7R+5Nk=,dzm1cEFqDECnjwWUgGXNUuXYSvI=
95,-241,x1Ymrzzix51gFd1V+CZFX7R+5Nk=,dzm1cEFqDECnjwWUgGXNUuXYSvI=
95,-243,x1Ymrzzix51gFd1V+CZFX7R+5Nk=,dzm1cEFqDECnjwWUgGXNUuXYSvI=
93,-244,x1Ymrzzix51gFd1V+CZFX7R+5Nk=,dzm1cEFqDECnjwWUgGXNUuXYSvI=
89,-243,x1Ymrzzix51gFd1V+CZFX7R+5Nk=,dzm1cEFqDECnjwWUgGXNUuXYSvI=
88,-243,x1Ymrzzix51gFd1V+CZFX7R+5Nk=,dzm1cEFqDECnjwWUgGXNUuXYSvI=
87,-244,x1Ymrzzix51gFd1V+CZFX7R+5Nk=,dzm1cEFqDECnjwWUgGXNUuXYSvI=
88,-244,x1Ymrzzix51gFd1V+CZFX7R+5Nk=,dzm1cEFqDECnjwWUgGXNUuXYSvI=
91,-244,x1Ymrzzix51gFd1V+CZFX7R+5Nk=,dzm1cEFqDECnjwWUgGXNUuXYSvI=
90,-244,x1Ymrzzix51gFd1V+CZFX7R+5Nk=,dzm1cEFqDECnjwWUgGXNUuXYSvI=
94,-244,x1Ymrzzix51gFd1V+CZFX7R+5Nk=,dzm1cEFqDECnjwWUgGXNUuXYSvI=
89,-244,x1Ymrzzix51gFd1V+CZFX7R+5Nk=,dzm1cEFqDECnjwWUgGXNUuXYSvI=
91,-245,x1Ymrzzix51gFd1V+CZFX7R+5Nk=,dzm1cEFqDECnjwWUgGXNUuXYSvI=
92,-244,x1Ymrzzix51gFd1V+CZFX7R+5Nk=,dzm1cEFqDECnjwWUgGXNUuXYSvI=
95,-248,x1Ymrzzix51gFd1V+CZFX7R+5Nk=,dzm1cEFqDECnjwWUgGXNUuXYSvI=
95,-244,x1Ymrzzix51gFd1V+CZFX7R+5Nk=,dzm1cEFqDECnjwWUgGXNUuXYSvI=
93,-245,x1Ymrzzix51gFd1V+CZFX7R+5Nk=,dzm1cEFqDECnjwWUgGXNUuXYSvI=
92,-245,x1Ymrzzix51gFd1V+CZFX7R+5Nk=,dzm1cEFqDECnjwWUgGXNUuXYSvI=
88,-245,x1Ymrzzix51gFd1V+CZFX7R+5Nk=,dzm1cEFqDECnjwWUgGXNUuXYSvI=
87,-245,x1Ymrzzix51gFd1V+CZFX7R+5Nk=,dzm1cEFqDECnjwWUgGXNUuXYSvI=
93,-246,x1Ymrzzix51gFd1V+CZFX7R+5Nk=,dzm1cEFqDECnjwWUgGXNUuXYSvI=
90,-246,x1Ymrzzix51gFd1V+CZFX7R+5Nk=,dzm1cEFqDECnjwWUgGXNUuXYSvI=
90,-245,x1Ymrzzix51gFd1V+CZFX7R+5Nk=,dzm1cEFqDECnjwWUgGXNUuXYSvI=
91,-241,x1Ymrzzix51gFd1V+CZFX7R+5Nk=,dzm1cEFqDECnjwWUgGXNUuXYSvI=
94,-245,x1Ymrzzix51gFd1V+CZFX7R+5Nk=,dzm1cEFqDECnjwWUgGXNUuXYSvI=
95,-245,x1Ymrzzix51gFd1V+CZFX7R+5Nk=,dzm1cEFqDECnjwWUgGXNUuXYSvI=
89,-245,x1Ymrzzix51gFd1V+CZFX7R+5Nk=,dzm1cEFqDECnjwWUgGXNUuXYSvI=
89,-246,x1Ymrzzix51gFd1V+CZFX7R+5Nk=,dzm1cEFqDECnjwWUgGXNUuXYSvI=
89,-241,x1Ymrzzix51gFd1V+CZFX7R+5Nk=,dzm1cEFqDECnjwWUgGXNUuXYSvI=
92,-247,x1Ymrzzix51gFd1V+CZFX7R+5Nk=,dzm1cEFqDECnjwWUgGXNUuXYSvI=
94,-246,x1Ymrzzix51gFd1V+CZFX7R+5Nk=,dzm1cEFqDECnjwWUgGXNUuXYSvI=
93,-247,x1Ymrzzix51gFd1V+CZFX7R+5Nk=,dzm1cEFqDECnjwWUgGXNUuXYSvI=
94,-247,x1Ymrzzix51gFd1V+CZFX7R+5Nk=,dzm1cEFqDECnjwWUgGXNUuXYSvI=
92,-246,x1Ymrzzix51gFd1V+CZFX7R+5Nk=,dzm1cEFqDECnjwWUgGXNUuXYSvI=
95,-246,x1Ymrzzix51gFd1V+CZFX7R+5Nk=,dzm1cEFqDECnjwWUgGXNUuXYSvI=
95,-247,x1Ymrzzix51gFd1V+CZFX7R+5Nk=,dzm1cEFqDECnjwWUgGXNUuXYSvI=
90,-241,x1Ymrzzix51gFd1V+CZFX7R+5Nk=,dzm1cEFqDECnjwWUgGXNUuXYSvI=
71,-253,vpuzXaSkupk/YbHNKX5SR0p9uVk=,5jVHLcv+C1xSKGOw6fi63EFs+/I=
69,-256,vpuzXaSkupk/YbHNKX5SR0p9uVk=,5jVHLcv+C1xSKGOw6fi63EFs+/I=
70,-253,vpuzXaSkupk/YbHNKX5SR0p9uVk=,5jVHLcv+C1xSKGOw6fi63EFs+/I=
70,-254,vpuzXaSkupk/YbHNKX5SR0p9uVk=,5jVHLcv+C1xSKGOw6fi63EFs+/I=
69,-254,vpuzXaSkupk/YbHNKX5SR0p9uVk=,5jVHLcv+C1xSKGOw6fi63EFs+/I=
67,-256,vpuzXaSkupk/YbHNKX5SR0p9uVk=,5jVHLcv+C1xSKGOw6fi63EFs+/I=
69,-253,vpuzXaSkupk/YbHNKX5SR0p9uVk=,5jVHLcv+C1xSKGOw6fi63EFs+/I=
68,-253,vpuzXaSkupk/YbHNKX5SR0p9uVk=,5jVHLcv+C1xSKGOw6fi63EFs+/I=
69,-255,vpuzXaSkupk/YbHNKX5SR0p9uVk=,5jVHLcv+C1xSKGOw6fi63EFs+/I=
67,-253,vpuzXaSkupk/YbHNKX5SR0p9uVk=,5jVHLcv+C1xSKGOw6fi63EFs+/I=
65,-256,vpuzXaSkupk/YbHNKX5SR0p9uVk=,5jVHLcv+C1xSKGOw6fi63EFs+/I=
66,-253,vpuzXaSkupk/YbHNKX5SR0p9uVk=,5jVHLcv+C1xSKGOw6fi63EFs+/I=
68,-255,vpuzXaSkupk/YbHNKX5SR0p9uVk=,5jVHLcv+C1xSKGOw6fi63EFs+/I=
68,-254,vpuzXaSkupk/YbHNKX5SR0p9uVk=,5jVHLcv+C1xSKGOw6fi63EFs+/I=
77,-241,vpuzXaSkupk/YbHNKX5SR0p9uVk=,5jVHLcv+C1xSKGOw6fi63EFs+/I=
76,-241,vpuzXaSkupk/YbHNKX5SR0p9uVk=,5jVHLcv+C1xSKGOw6fi63EFs+/I=
75,-241,vpuzXaSkupk/YbHNKX5SR0p9uVk=,5jVHLcv+C1xSKGOw6fi63EFs+/I=
74,-241,vpuzXaSkupk/YbHNKX5SR0p9uVk=,5jVHLcv+C1xSKGOw6fi63EFs+/I=
72,-241,vpuzXaSkupk/YbHNKX5SR0p9uVk=,5jVHLcv+C1xSKGOw6fi63EFs+/I=
73,-241,vpuzXaSkupk/YbHNKX5SR0p9uVk=,5jVHLcv+C1xSKGOw6fi63EFs+/I=
70,-241,vpuzXaSkupk/YbHNKX5SR0p9uVk=,5jVHLcv+C1xSKGOw6fi63EFs+/I=
69,-241,vpuzXaSkupk/YbHNKX5SR0p9uVk=,5jVHLcv+C1xSKGOw6fi63EFs+/I=
68,-241,vpuzXaSkupk/YbHNKX5SR0p9uVk=,5jVHLcv+C1xSKGOw6fi63EFs+/I=
71,-241,vpuzXaSkupk/YbHNKX5SR0p9uVk=,5jVHLcv+C1xSKGOw6fi63EFs+/I=
67,-241,vpuzXaSkupk/YbHNKX5SR0p9uVk=,5jVHLcv+C1xSKGOw6fi63EFs+/I=
66,-241,vpuzXaSkupk/YbHNKX5SR0p9uVk=,5jVHLcv+C1xSKGOw6fi63EFs+/I=
65,-241,vpuzXaSkupk/YbHNKX5SR0p9uVk=,5jVHLcv+C1xSKGOw6fi63EFs+/I=
65,-253,vpuzXaSkupk/YbHNKX5SR0p9uVk=,5jVHLcv+C1xSKGOw6fi63EFs+/I=
64,-241,vpuzXaSkupk/YbHNKX5SR0p9uVk=,5jVHLcv+C1xSKGOw6fi63EFs+/I=
68,-256,vpuzXaSkupk/YbHNKX5SR0p9uVk=,5jVHLcv+C1xSKGOw6fi63EFs+/I=
67,-254,vpuzXaSkupk/YbHNKX5SR0p9uVk=,5jVHLcv+C1xSKGOw6fi63EFs+/I=
77,-242,vpuzXaSkupk/YbHNKX5SR0p9uVk=,5jVHLcv+C1xSKGOw6fi63EFs+/I=
79,-242,vpuzXaSkupk/YbHNKX5SR0p9uVk=,5jVHLcv+C1xSKGOw6fi63EFs+/I=
78,-242,vpuzXaSkupk/YbHNKX5SR0p9uVk=,5jVHLcv+C1xSKGOw6fi63EFs+/I=
76,-242,vpuzXaSkupk/YbHNKX5SR0p9uVk=,5jVHLcv+C1xSKGOw6fi63EFs+/I=
75,-242,vpuzXaSkupk/YbHNKX5SR0p9uVk=,5jVHLcv+C1xSKGOw6fi63EFs+/I=
74,-242,vpuzXaSkupk/YbHNKX5SR0p9uVk=,5jVHLcv+C1xSKGOw6fi63EFs+/I=
73,-242,vpuzXaSkupk/YbHNKX5SR0p9uVk=,5jVHLcv+C1xSKGOw6fi63EFs+/I=
72,-242,vpuzXaSkupk/YbHNKX5SR0p9uVk=,5jVHLcv+C1xSKGOw6fi63EFs+/I=
71,-242,vpuzXaSkupk/YbHNKX5SR0p9uVk=,5jVHLcv+C1xSKGOw6fi63EFs+/I=
70,-242,vpuzXaSkupk/YbHNKX5SR0p9uVk=,5jVHLcv+C1xSKGOw6fi63EFs+/I=
69,-242,vpuzXaSkupk/YbHNKX5SR0p9uVk=,5jVHLcv+C1xSKGOw6fi63EFs+/I=
67,-242,vpuzXaSkupk/YbHNKX5SR0p9uVk=,5jVHLcv+C1xSKGOw6fi63EFs+/I=
68,-242,vpuzXaSkupk/YbHNKX5SR0p9uVk=,5jVHLcv+C1xSKGOw6fi63EFs+/I=
66,-242,vpuzXaSkupk/YbHNKX5SR0p9uVk=,5jVHLcv+C1xSKGOw6fi63EFs+/I=
67,-255,vpuzXaSkupk/YbHNKX5SR0p9uVk=,5jVHLcv+C1xSKGOw6fi63EFs+/I=
66,-254,vpuzXaSkupk/YbHNKX5SR0p9uVk=,5jVHLcv+C1xSKGOw6fi63EFs+/I=
64,-242,vpuzXaSkupk/YbHNKX5SR0p9uVk=,5jVHLcv+C1xSKGOw6fi63EFs+/I=
65,-242,vpuzXaSkupk/YbHNKX5SR0p9uVk=,5jVHLcv+C1xSKGOw6fi63EFs+/I=
79,-243,vpuzXaSkupk/YbHNKX5SR0p9uVk=,5jVHLcv+C1xSKGOw6fi63EFs+/I=
78,-243,vpuzXaSkupk/YbHNKX5SR0p9uVk=,5jVHLcv+C1xSKGOw6fi63EFs+/I=
77,-243,vpuzXaSkupk/YbHNKX5SR0p9uVk=,5jVHLcv+C1xSKGOw6fi63EFs+/I=
76,-243,vpuzXaSkupk/YbHNKX5SR0p9uVk=,5jVHLcv+C1xSKGOw6fi63EFs+/I=
75,-243,vpuzXaSkupk/YbHNKX5SR0p9uVk=,5jVHLcv+C1xSKGOw6fi63EFs+/I=
74,-243,vpuzXaSkupk/YbHNKX5SR0p9uVk=,5jVHLcv+C1xSKGOw6fi63EFs+/I=
73,-243,vpuzXaSkupk/YbHNKX5SR0p9uVk=,5jVHLcv+C1xSKGOw6fi63EFs+/I=
71,-243,vpuzXaSkupk/YbHNKX5SR0p9uVk=,5jVHLcv+C1xSKGOw6fi63EFs+/I=
72,-243,vpuzXaSkupk/YbHNKX5SR0p9uVk=,5jVHLcv+C1xSKGOw6fi63EFs+/I=
70,-243,vpuzXaSkupk/YbHNKX5SR0p9uVk=,5jVHLcv+C1xSKGOw6fi63EFs+/I=
69,-243,vpuzXaSkupk/YbHNKX5SR0p9uVk=,5jVHLcv+C1xSKGOw6fi63EFs+/I=
67,-243,vpuzXaSkupk/YbHNKX5SR0p9uVk=,5jVHLcv+C1xSKGOw6fi63EFs+/I=
66,-243,vpuzXaSkupk/YbHNKX5SR0p9uVk=,5jVHLcv+C1xSKGOw6fi63EFs+/I=
65,-243,vpuzXaSkupk/YbHNKX5SR0p9uVk=,5jVHLcv+C1xSKGOw6fi63EFs+/I=
66,-255,vpuzXaSkupk/YbHNKX5SR0p9uVk=,5jVHLcv+C1xSKGOw6fi63EFs+/I=
68,-243,vpuzXaSkupk/YbHNKX5SR0p9uVk=,5jVHLcv+C1xSKGOw6fi63EFs+/I=
65,-254,vpuzXaSkupk/YbHNKX5SR0p9uVk=,5jVHLcv+C1xSKGOw6fi63EFs+/I=
79,-244,vpuzXaSkupk/YbHNKX5SR0p9uVk=,5jVHLcv+C1xSKGOw6fi63EFs+/I=
77,-244,vpuzXaSkupk/YbHNKX5SR0p9uVk=,5jVHLcv+C1xSKGOw6fi63EFs+/I=
78,-244,vpuzXaSkupk/YbHNKX5SR0p9uVk=,5jVHLcv+C1xSKGOw6fi63EFs+/I=
76,-244,vpuzXaSkupk/YbHNKX5SR0p9uVk=,5jVHLcv+C1xSKGOw6fi63EFs+/I=
64,-243,vpuzXaSkupk/YbHNKX5SR0p9uVk=,5jVHLcv+C1xSKGOw6fi63EFs+/I=
75,-244,vpuzXaSkupk/YbHNKX5SR0p9uVk=,5jVHLcv+C1xSKGOw6fi63EFs+/I=
74,-244,vpuzXaSkupk/YbHNKX5SR0p9uVk=,5jVHLcv+C1xSKGOw6fi63EFs+/I=
73,-244,vpuzXaSkupk/YbHNKX5SR0p9uVk=,5jVHLcv+C1xSKGOw6fi63EFs+/I=
71,-244,vpuzXaSkupk/YbHNKX5SR0p9uVk=,5jVHLcv+C1xSKGOw6fi63EFs+/I=
72,-244,vpuzXaSkupk/YbHNKX5SR0p9uVk=,5jVHLcv+C1xSKGOw6fi63EFs+/I=
70,-244,vpuzXaSkupk/YbHNKX5SR0p9uVk=,5jVHLcv+C1xSKGOw6fi63EFs+/I=
69,-244,vpuzXaSkupk/YbHNKX5SR0p9uVk=,5jVHLcv+C1xSKGOw6fi63EFs+/I=
68,-244,vpuzXaSkupk/YbHNKX5SR0p9uVk=,5jVHLcv+C1xSKGOw6fi63EFs+/I=
67,-244,vpuzXaSkupk/YbHNKX5SR0p9uVk=,5jVHLcv+C1xSKGOw6fi63EFs+/I=
66,-244,vpuzXaSkupk/YbHNKX5SR0p9uVk=,5jVHLcv+C1xSKGOw6fi63EFs+/I=
65,-244,vpuzXaSkupk/YbHNKX5SR0p9uVk=,5jVHLcv+C1xSKGOw6fi63EFs+/I=
64,-244,vpuzXaSkupk/YbHNKX5SR0p9uVk=,5jVHLcv+C1xSKGOw6fi63EFs+/I=
65,-255,vpuzXaSkupk/YbHNKX5SR0p9uVk=,5jVHLcv+C1xSKGOw6fi63EFs+/I=
64,-255,vpuzXaSkupk/YbHNKX5SR0p9uVk=,5jVHLcv+C1xSKGOw6fi63EFs+/I=
66,-256,vpuzXaSkupk/YbHNKX5SR0p9uVk=,5jVHLcv+C1xSKGOw6fi63EFs+/I=
79,-254,vpuzXaSkupk/YbHNKX5SR0p9uVk=,5jVHLcv+C1xSKGOw6fi63EFs+/I=
64,-253,vpuzXaSkupk/YbHNKX5SR0p9uVk=,5jVHLcv+C1xSKGOw6fi63EFs+/I=
79,-256,vpuzXaSkupk/YbHNKX5SR0p9uVk=,5jVHLcv+C1xSKGOw6fi63EFs+/I=
78,-256,vpuzXaSkupk/YbHNKX5SR0p9uVk=,5jVHLcv+C1xSKGOw6fi63EFs+/I=
79,-255,vpuzXaSkupk/YbHNKX5SR0p9uVk=,5jVHLcv+C1xSKGOw6fi63EFs+/I=
78,-255,vpuzXaSkupk/YbHNKX5SR0p9uVk=,5jVHLcv+C1xSKGOw6fi63EFs+/I=
64,-254,vpuzXaSkupk/YbHNKX5SR0p9uVk=,5jVHLcv+C1xSKGOw6fi63EFs+/I=
79,-245,vpuzXaSkupk/YbHNKX5SR0p9uVk=,5jVHLcv+C1xSKGOw6fi63EFs+/I=
76,-245,vpuzXaSkupk/YbHNKX5SR0p9uVk=,5jVHLcv+C1xSKGOw6fi63EFs+/I=
78,-245,vpuzXaSkupk/YbHNKX5SR0p9uVk=,5jVHLcv+C1xSKGOw6fi63EFs+/I=
77,-245,vpuzXaSkupk/YbHNKX5SR0p9uVk=,5jVHLcv+C1xSKGOw6fi63EFs+/I=
75,-245,vpuzXaSkupk/YbHNKX5SR0p9uVk=,5jVHLcv+C1xSKGOw6fi63EFs+/I=
73,-245,vpuzXaSkupk/YbHNKX5SR0p9uVk=,5jVHLcv+C1xSKGOw6fi63EFs+/I=
72,-245,vpuzXaSkupk/YbHNKX5SR0p9uVk=,5jVHLcv+C1xSKGOw6fi63EFs+/I=
74,-245,vpuzXaSkupk/YbHNKX5SR0p9uVk=,5jVHLcv+C1xSKGOw6fi63EFs+/I=
71,-245,vpuzXaSkupk/YbHNKX5SR0p9uVk=,5jVHLcv+C1xSKGOw6fi63EFs+/I=
70,-245,vpuzXaSkupk/YbHNKX5SR0p9uVk=,5jVHLcv+C1xSKGOw6fi63EFs+/I=
69,-245,vpuzXaSkupk/YbHNKX5SR0p9uVk=,5jVHLcv+C1xSKGOw6fi63EFs+/I=
68,-245,vpuzXaSkupk/YbHNKX5SR0p9uVk=,5jVHLcv+C1xSKGOw6fi63EFs+/I=
67,-245,vpuzXaSkupk/YbHNKX5SR0p9uVk=,5jVHLcv+C1xSKGOw6fi63EFs+/I=
65,-245,vpuzXaSkupk/YbHNKX5SR0p9uVk=,5jVHLcv+C1xSKGOw6fi63EFs+/I=
66,-245,vpuzXaSkupk/YbHNKX5SR0p9uVk=,5jVHLcv+C1xSKGOw6fi63EFs+/I=
78,-254,vpuzXaSkupk/YbHNKX5SR0p9uVk=,5jVHLcv+C1xSKGOw6fi63EFs+/I=
77,-256,vpuzXaSkupk/YbHNKX5SR0p9uVk=,5jVHLcv+C1xSKGOw6fi63EFs+/I=
79,-246,vpuzXaSkupk/YbHNKX5SR0p9uVk=,5jVHLcv+C1xSKGOw6fi63EFs+/I=
64,-245,vpuzXaSkupk/YbHNKX5SR0p9uVk=,5jVHLcv+C1xSKGOw6fi63EFs+/I=
77,-255,vpuzXaSkupk/YbHNKX5SR0p9uVk=,5jVHLcv+C1xSKGOw6fi63EFs+/I=
78,-246,vpuzXaSkupk/YbHNKX5SR0p9uVk=,5jVHLcv+C1xSKGOw6fi63EFs+/I=
76,-246,vpuzXaSkupk/YbHNKX5SR0p9uVk=,5jVHLcv+C1xSKGOw6fi63EFs+/I=
77,-246,vpuzXaSkupk/YbHNKX5SR0p9uVk=,5jVHLcv+C1xSKGOw6fi63EFs+/I=
75,-246,vpuzXaSkupk/YbHNKX5SR0p9uVk=,5jVHLcv+C1xSKGOw6fi63EFs+/I=
74,-246,vpuzXaSkupk/YbHNKX5SR0p9uVk=,5jVHLcv+C1xSKGOw6fi63EFs+/I=
73,-246,vpuzXaSkupk/YbHNKX5SR0p9uVk=,5jVHLcv+C1xSKGOw6fi63EFs+/I=
72,-246,vpuzXaSkupk/YbHNKX5SR0p9uVk=,5jVHLcv+C1xSKGOw6fi63EFs+/I=
70,-246,vpuzXaSkupk/YbHNKX5SR0p9uVk=,5jVHLcv+C1xSKGOw6fi63EFs+/I=
71,-246,vpuzXaSkupk/YbHNKX5SR0p9uVk=,5jVHLcv+C1xSKGOw6fi63EFs+/I=
69,-246,vpuzXaSkupk/YbHNKX5SR0p9uVk=,5jVHLcv+C1xSKGOw6fi63EFs+/I=
68,-246,vpuzXaSkupk/YbHNKX5SR0p9uVk=,5jVHLcv+C1xSKGOw6fi63EFs+/I=
67,-246,vpuzXaSkupk/YbHNKX5SR0p9uVk=,5jVHLcv+C1xSKGOw6fi63EFs+/I=
66,-246,vpuzXaSkupk/YbHNKX5SR0p9uVk=,5jVHLcv+C1xSKGOw6fi63EFs+/I=
65,-246,vpuzXaSkupk/YbHNKX5SR0p9uVk=,5jVHLcv+C1xSKGOw6fi63EFs+/I=
64,-246,vpuzXaSkupk/YbHNKX5SR0p9uVk=,5jVHLcv+C1xSKGOw6fi63EFs+/I=
76,-256,vpuzXaSkupk/YbHNKX5SR0p9uVk=,5jVHLcv+C1xSKGOw6fi63EFs+/I=
79,-247,vpuzXaSkupk/YbHNKX5SR0p9uVk=,5jVHLcv+C1xSKGOw6fi63EFs+/I=
77,-254,vpuzXaSkupk/YbHNKX5SR0p9uVk=,5jVHLcv+C1xSKGOw6fi63EFs+/I=
78,-247,vpuzXaSkupk/YbHNKX5SR0p9uVk=,5jVHLcv+C1xSKGOw6fi63EFs+/I=
76,-255,vpuzXaSkupk/YbHNKX5SR0p9uVk=,5jVHLcv+C1xSKGOw6fi63EFs+/I=
77,-247,vpuzXaSkupk/YbHNKX5SR0p9uVk=,5jVHLcv+C1xSKGOw6fi63EFs+/I=
76,-247,vpuzXaSkupk/YbHNKX5SR0p9uVk=,5jVHLcv+C1xSKGOw6fi63EFs+/I=
74,-247,vpuzXaSkupk/YbHNKX5SR0p9uVk=,5jVHLcv+C1xSKGOw6fi63EFs+/I=
75,-247,vpuzXaSkupk/YbHNKX5SR0p9uVk=,5jVHLcv+C1xSKGOw6fi63EFs+/I=
73,-247,vpuzXaSkupk/YbHNKX5SR0p9uVk=,5jVHLcv+C1xSKGOw6fi63EFs+/I=
72,-247,vpuzXaSkupk/YbHNKX5SR0p9uVk=,5jVHLcv+C1xSKGOw6fi63EFs+/I=
71,-247,vpuzXaSkupk/YbHNKX5SR0p9uVk=,5jVHLcv+C1xSKGOw6fi63EFs+/I=
70,-247,vpuzXaSkupk/YbHNKX5SR0p9uVk=,5jVHLcv+C1xSKGOw6fi63EFs+/I=
69,-247,vpuzXaSkupk/YbHNKX5SR0p9uVk=,5jVHLcv+C1xSKGOw6fi63EFs+/I=
68,-247,vpuzXaSkupk/YbHNKX5SR0p9uVk=,5jVHLcv+C1xSKGOw6fi63EFs+/I=
67,-247,vpuzXaSkupk/YbHNKX5SR0p9uVk=,5jVHLcv+C1xSKGOw6fi63EFs+/I=
66,-247,vpuzXaSkupk/YbHNKX5SR0p9uVk=,5jVHLcv+C1xSKGOw6fi63EFs+/I=
65,-247,vpuzXaSkupk/YbHNKX5SR0p9uVk=,5jVHLcv+C1xSKGOw6fi63EFs+/I=
75,-256,vpuzXaSkupk/YbHNKX5SR0p9uVk=,5jVHLcv+C1xSKGOw6fi63EFs+/I=
64,-247,vpuzXaSkupk/YbHNKX5SR0p9uVk=,5jVHLcv+C1xSKGOw6fi63EFs+/I=
76,-254,vpuzXaSkupk/YbHNKX5SR0p9uVk=,5jVHLcv+C1xSKGOw6fi63EFs+/I=
79,-248,vpuzXaSkupk/YbHNKX5SR0p9uVk=,5jVHLcv+C1xSKGOw6fi63EFs+/I=
75,-255,vpuzXaSkupk/YbHNKX5SR0p9uVk=,5jVHLcv+C1xSKGOw6fi63EFs+/I=
77,-248,vpuzXaSkupk/YbHNKX5SR0p9uVk=,5jVHLcv+C1xSKGOw6fi63EFs+/I=
78,-248,vpuzXaSkupk/YbHNKX5SR0p9uVk=,5jVHLcv+C1xSKGOw6fi63EFs+/I=
76,-248,vpuzXaSkupk/YbHNKX5SR0p9uVk=,5jVHLcv+C1xSKGOw6fi63EFs+/I=
75,-248,vpuzXaSkupk/YbHNKX5SR0p9uVk=,5jVHLcv+C1xSKGOw6fi63EFs+/I=
74,-248,vpuzXaSkupk/YbHNKX5SR0p9uVk=,5jVHLcv+C1xSKGOw6fi63EFs+/I=
73,-248,vpuzXaSkupk/YbHNKX5SR0p9uVk=,5jVHLcv+C1xSKGOw6fi63EFs+/I=
72,-248,vpuzXaSkupk/YbHNKX5SR0p9uVk=,5jVHLcv+C1xSKGOw6fi63EFs+/I=
71,-248,vpuzXaSkupk/YbHNKX5SR0p9uVk=,5jVHLcv+C1xSKGOw6fi63EFs+/I=
70,-248,vpuzXaSkupk/YbHNKX5SR0p9uVk=,5jVHLcv+C1xSKGOw6fi63EFs+/I=
68,-248,vpuzXaSkupk/YbHNKX5SR0p9uVk=,5jVHLcv+C1xSKGOw6fi63EFs+/I=
66,-248,vpuzXaSkupk/YbHNKX5SR0p9uVk=,5jVHLcv+C1xSKGOw6fi63EFs+/I=
69,-248,vpuzXaSkupk/YbHNKX5SR0p9uVk=,5jVHLcv+C1xSKGOw6fi63EFs+/I=
67,-248,vpuzXaSkupk/YbHNKX5SR0p9uVk=,5jVHLcv+C1xSKGOw6fi63EFs+/I=
65,-248,vpuzXaSkupk/YbHNKX5SR0p9uVk=,5jVHLcv+C1xSKGOw6fi63EFs+/I=
74,-256,vpuzXaSkupk/YbHNKX5SR0p9uVk=,5jVHLcv+C1xSKGOw6fi63EFs+/I=
64,-248,vpuzXaSkupk/YbHNKX5SR0p9uVk=,5jVHLcv+C1xSKGOw6fi63EFs+/I=
75,-254,vpuzXaSkupk/YbHNKX5SR0p9uVk=,5jVHLcv+C1xSKGOw6fi63EFs+/I=
79,-249,vpuzXaSkupk/YbHNKX5SR0p9uVk=,5jVHLcv+C1xSKGOw6fi63EFs+/I=
74,-255,vpuzXaSkupk/YbHNKX5SR0p9uVk=,5jVHLcv+C1xSKGOw6fi63EFs+/I=
77,-249,vpuzXaSkupk/YbHNKX5SR0p9uVk=,5jVHLcv+C1xSKGOw6fi63EFs+/I=
76,-249,vpuzXaSkupk/YbHNKX5SR0p9uVk=,5jVHLcv+C1xSKGOw6fi63EFs+/I=
78,-249,vpuzXaSkupk/YbHNKX5SR0p9uVk=,5jVHLcv+C1xSKGOw6fi63EFs+/I=
74,-249,vpuzXaSkupk/YbHNKX5SR0p9uVk=,5jVHLcv+C1xSKGOw6fi63EFs+/I=
73,-249,vpuzXaSkupk/YbHNKX5SR0p9uVk=,5jVHLcv+C1xSKGOw6fi63EFs+/I=
72,-249,vpuzXaSkupk/YbHNKX5SR0p9uVk=,5jVHLcv+C1xSKGOw6fi63EFs+/I=
75,-249,vpuzXaSkupk/YbHNKX5SR0p9uVk=,5jVHLcv+C1xSKGOw6fi63EFs+/I=
71,-249,vpuzXaSkupk/YbHNKX5SR0p9uVk=,5jVHLcv+C1xSKGOw6fi63EFs+/I=
69,-249,vpuzXaSkupk/YbHNKX5SR0p9uVk=,5jVHLcv+C1xSKGOw6fi63EFs+/I=
70,-249,vpuzXaSkupk/YbHNKX5SR0p9uVk=,5jVHLcv+C1xSKGOw6fi63EFs+/I=
68,-249,vpuzXaSkupk/YbHNKX5SR0p9uVk=,5jVHLcv+C1xSKGOw6fi63EFs+/I=
67,-249,vpuzXaSkupk/YbHNKX5SR0p9uVk=,5jVHLcv+C1xSKGOw6fi63EFs+/I=
66,-249,vpuzXaSkupk/YbHNKX5SR0p9uVk=,5jVHLcv+C1xSKGOw6fi63EFs+/I=
65,-249,vpuzXaSkupk/YbHNKX5SR0p9uVk=,5jVHLcv+C1xSKGOw6fi63EFs+/I=
73,-256,vpuzXaSkupk/YbHNKX5SR0p9uVk=,5jVHLcv+C1xSKGOw6fi63EFs+/I=
74,-254,vpuzXaSkupk/YbHNKX5SR0p9uVk=,5jVHLcv+C1xSKGOw6fi63EFs+/I=
64,-249,vpuzXaSkupk/YbHNKX5SR0p9uVk=,5jVHLcv+C1xSKGOw6fi63EFs+/I=
73,-255,vpuzXaSkupk/YbHNKX5SR0p9uVk=,5jVHLcv+C1xSKGOw6fi63EFs+/I=
79,-250,vpuzXaSkupk/YbHNKX5SR0p9uVk=,5jVHLcv+C1xSKGOw6fi63EFs+/I=
78,-250,vpuzXaSkupk/YbHNKX5SR0p9uVk=,5jVHLcv+C1xSKGOw6fi63EFs+/I=
77,-250,vpuzXaSkupk/YbHNKX5SR0p9uVk=,5jVHLcv+C1xSKGOw6fi63EFs+/I=
76,-250,vpuzXaSkupk/YbHNKX5SR0p9uVk=,5jVHLcv+C1xSKGOw6fi63EFs+/I=
75,-250,vpuzXaSkupk/YbHNKX5SR0p9uVk=,5jVHLcv+C1xSKGOw6fi63EFs+/I=
74,-250,vpuzXaSkupk/YbHNKX5SR0p9uVk=,5jVHLcv+C1xSKGOw6fi63EFs+/I=
72,-250,vpuzXaSkupk/YbHNKX5SR0p9uVk=,5jVHLcv+C1xSKGOw6fi63EFs+/I=
73,-250,vpuzXaSkupk/YbHNKX5SR0p9uVk=,5jVHLcv+C1xSKGOw6fi63EFs+/I=
71,-250,vpuzXaSkupk/YbHNKX5SR0p9uVk=,5jVHLcv+C1xSKGOw6fi63EFs+/I=
70,-250,vpuzXaSkupk/YbHNKX5SR0p9uVk=,5jVHLcv+C1xSKGOw6fi63EFs+/I=
69,-250,vpuzXaSkupk/YbHNKX5SR0p9uVk=,5jVHLcv+C1xSKGOw6fi63EFs+/I=
68,-250,vpuzXaSkupk/YbHNKX5SR0p9uVk=,5jVHLcv+C1xSKGOw6fi63EFs+/I=
66,-250,vpuzXaSkupk/YbHNKX5SR0p9uVk=,5jVHLcv+C1xSKGOw6fi63EFs+/I=
67,-250,vpuzXaSkupk/YbHNKX5SR0p9uVk=,5jVHLcv+C1xSKGOw6fi63EFs+/I=
65,-250,vpuzXaSkupk/YbHNKX5SR0p9uVk=,5jVHLcv+C1xSKGOw6fi63EFs+/I=
73,-254,vpuzXaSkupk/YbHNKX5SR0p9uVk=,5jVHLcv+C1xSKGOw6fi63EFs+/I=
64,-250,vpuzXaSkupk/YbHNKX5SR0p9uVk=,5jVHLcv+C1xSKGOw6fi63EFs+/I=
72,-256,vpuzXaSkupk/YbHNKX5SR0p9uVk=,5jVHLcv+C1xSKGOw6fi63EFs+/I=
79,-251,vpuzXaSkupk/YbHNKX5SR0p9uVk=,5jVHLcv+C1xSKGOw6fi63EFs+/I=
78,-251,vpuzXaSkupk/YbHNKX5SR0p9uVk=,5jVHLcv+C1xSKGOw6fi63EFs+/I=
72,-255,vpuzXaSkupk/YbHNKX5SR0p9uVk=,5jVHLcv+C1xSKGOw6fi63EFs+/I=
75,-251,vpuzXaSkupk/YbHNKX5SR0p9uVk=,5jVHLcv+C1xSKGOw6fi63EFs+/I=
74,-251,vpuzXaSkupk/YbHNKX5SR0p9uVk=,5jVHLcv+C1xSKGOw6fi63EFs+/I=
77,-251,vpuzXaSkupk/YbHNKX5SR0p9uVk=,5jVHLcv+C1xSKGOw6fi63EFs+/I=
76,-251,vpuzXaSkupk/YbHNKX5SR0p9uVk=,5jVHLcv+C1xSKGOw6fi63EFs+/I=
73,-251,vpuzXaSkupk/YbHNKX5SR0p9uVk=,5jVHLcv+C1xSKGOw6fi63EFs+/I=
71,-251,vpuzXaSkupk/YbHNKX5SR0p9uVk=,5jVHLcv+C1xSKGOw6fi63EFs+/I=
70,-251,vpuzXaSkupk/YbHNKX5SR0p9uVk=,5jVHLcv+C1xSKGOw6fi63EFs+/I=
72,-251,vpuzXaSkupk/YbHNKX5SR0p9uVk=,5jVHLcv+C1xSKGOw6fi63EFs+/I=
66,-251,vpuzXaSkupk/YbHNKX5SR0p9uVk=,5jVHLcv+C1xSKGOw6fi63EFs+/I=
65,-251,vpuzXaSkupk/YbHNKX5SR0p9uVk=,5jVHLcv+C1xSKGOw6fi63EFs+/I=
64,-251,vpuzXaSkupk/YbHNKX5SR0p9uVk=,5jVHLcv+C1xSKGOw6fi63EFs+/I=
68,-251,vpuzXaSkupk/YbHNKX5SR0p9uVk=,5jVHLcv+C1xSKGOw6fi63EFs+/I=
72,-254,vpuzXaSkupk/YbHNKX5SR0p9uVk=,5jVHLcv+C1xSKGOw6fi63EFs+/I=
67,-251,vpuzXaSkupk/YbHNKX5SR0p9uVk=,5jVHLcv+C1xSKGOw6fi63EFs+/I=
69,-251,vpuzXaSkupk/YbHNKX5SR0p9uVk=,5jVHLcv+C1xSKGOw6fi63EFs+/I=
71,-256,vpuzXaSkupk/YbHNKX5SR0p9uVk=,5jVHLcv+C1xSKGOw6fi63EFs+/I=
78,-252,vpuzXaSkupk/YbHNKX5SR0p9uVk=,5jVHLcv+C1xSKGOw6fi63EFs+/I=
71,-255,vpuzXaSkupk/YbHNKX5SR0p9uVk=,5jVHLcv+C1xSKGOw6fi63EFs+/I=
79,-252,vpuzXaSkupk/YbHNKX5SR0p9uVk=,5jVHLcv+C1xSKGOw6fi63EFs+/I=
76,-252,vpuzXaSkupk/YbHNKX5SR0p9uVk=,5jVHLcv+C1xSKGOw6fi63EFs+/I=
77,-252,vpuzXaSkupk/YbHNKX5SR0p9uVk=,5jVHLcv+C1xSKGOw6fi63EFs+/I=
75,-252,vpuzXaSkupk/YbHNKX5SR0p9uVk=,5jVHLcv+C1xSKGOw6fi63EFs+/I=
72,-252,vpuzXaSkupk/YbHNKX5SR0p9uVk=,5jVHLcv+C1xSKGOw6fi63EFs+/I=
64,-256,vpuzXaSkupk/YbHNKX5SR0p9uVk=,5jVHLcv+C1xSKGOw6fi63EFs+/I=
73,-252,vpuzXaSkupk/YbHNKX5SR0p9uVk=,5jVHLcv+C1xSKGOw6fi63EFs+/I=
74,-252,vpuzXaSkupk/YbHNKX5SR0p9uVk=,5jVHLcv+C1xSKGOw6fi63EFs+/I=
71,-252,vpuzXaSkupk/YbHNKX5SR0p9uVk=,5jVHLcv+C1xSKGOw6fi63EFs+/I=
68,-252,vpuzXaSkupk/YbHNKX5SR0p9uVk=,5jVHLcv+C1xSKGOw6fi63EFs+/I=
70,-252,vpuzXaSkupk/YbHNKX5SR0p9uVk=,5jVHLcv+C1xSKGOw6fi63EFs+/I=
69,-252,vpuzXaSkupk/YbHNKX5SR0p9uVk=,5jVHLcv+C1xSKGOw6fi63EFs+/I=
66,-252,vpuzXaSkupk/YbHNKX5SR0p9uVk=,5jVHLcv+C1xSKGOw6fi63EFs+/I=
65,-252,vpuzXaSkupk/YbHNKX5SR0p9uVk=,5jVHLcv+C1xSKGOw6fi63EFs+/I=
67,-252,vpuzXaSkupk/YbHNKX5SR0p9uVk=,5jVHLcv+C1xSKGOw6fi63EFs+/I=
71,-254,vpuzXaSkupk/YbHNKX5SR0p9uVk=,5jVHLcv+C1xSKGOw6fi63EFs+/I=
79,-253,vpuzXaSkupk/YbHNKX5SR0p9uVk=,5jVHLcv+C1xSKGOw6fi63EFs+/I=
70,-255,vpuzXaSkupk/YbHNKX5SR0p9uVk=,5jVHLcv+C1xSKGOw6fi63EFs+/I=
70,-256,vpuzXaSkupk/YbHNKX5SR0p9uVk=,5jVHLcv+C1xSKGOw6fi63EFs+/I=
78,-253,vpuzXaSkupk/YbHNKX5SR0p9uVk=,5jVHLcv+C1xSKGOw6fi63EFs+/I=
77,-253,vpuzXaSkupk/YbHNKX5SR0p9uVk=,5jVHLcv+C1xSKGOw6fi63EFs+/I=
76,-253,vpuzXaSkupk/YbHNKX5SR0p9uVk=,5jVHLcv+C1xSKGOw6fi63EFs+/I=
75,-253,vpuzXaSkupk/YbHNKX5SR0p9uVk=,5jVHLcv+C1xSKGOw6fi63EFs+/I=
64,-252,vpuzXaSkupk/YbHNKX5SR0p9uVk=,5jVHLcv+C1xSKGOw6fi63EFs+/I=
73,-253,vpuzXaSkupk/YbHNKX5SR0p9uVk=,5jVHLcv+C1xSKGOw6fi63EFs+/I=
74,-253,vpuzXaSkupk/YbHNKX5SR0p9uVk=,5jVHLcv+C1xSKGOw6fi63EFs+/I=
79,-241,vpuzXaSkupk/YbHNKX5SR0p9uVk=,5jVHLcv+C1xSKGOw6fi63EFs+/I=
72,-253,vpuzXaSkupk/YbHNKX5SR0p9uVk=,5jVHLcv+C1xSKGOw6fi63EFs+/I=
78,-241,vpuzXaSkupk/YbHNKX5SR0p9uVk=,5jVHLcv+C1xSKGOw6fi63EFs+/I=
71,-237,ONKAeXnrtuC9m9vNjYKoGvS1+w4=,c4wFSBSVaYuAq/YpwioANE26qKQ=
69,-240,ONKAeXnrtuC9m9vNjYKoGvS1+w4=,c4wFSBSVaYuAq/YpwioANE26qKQ=
70,-237,ONKAeXnrtuC9m9vNjYKoGvS1+w4=,c4wFSBSVaYuAq/YpwioANE26qKQ=
70,-238,ONKAeXnrtuC9m9vNjYKoGvS1+w4=,c4wFSBSVaYuAq/YpwioANE26qKQ=
69,-238,ONKAeXnrtuC9m9vNjYKoGvS1+w4=,c4wFSBSVaYuAq/YpwioANE26qKQ=
67,-240,KOU5HzMLhCYUPqOhQ3siRaQ8l/o=,c4wFSBSVaYuAq/YpwioANE26qKQ=
69,-237,ONKAeXnrtuC9m9vNjYKoGvS1+w4=,c4wFSBSVaYuAq/YpwioANE26qKQ=
68,-237,ONKAeXnrtuC9m9vNjYKoGvS1+w4=,c4wFSBSVaYuAq/YpwioANE26qKQ=
67,-237,KOU5HzMLhCYUPqOhQ3siRaQ8l/o=,c4wFSBSVaYuAq/YpwioANE26qKQ=
69,-239,ONKAeXnrtuC9m9vNjYKoGvS1+w4=,c4wFSBSVaYuAq/YpwioANE26qKQ=
68,-239,ONKAeXnrtuC9m9vNjYKoGvS1+w4=,c4wFSBSVaYuAq/YpwioANE26qKQ=
66,-237,KOU5HzMLhCYUPqOhQ3siRaQ8l/o=,c4wFSBSVaYuAq/YpwioANE26qKQ=
65,-240,KOU5HzMLhCYUPqOhQ3siRaQ8l/o=,c4wFSBSVaYuAq/YpwioANE26qKQ=
68,-238,ONKAeXnrtuC9m9vNjYKoGvS1+w4=,c4wFSBSVaYuAq/YpwioANE26qKQ=
78,-225,KOU5HzMLhCYUPqOhQ3siRaQ8l/o=,c4wFSBSVaYuAq/YpwioANE26qKQ=
77,-225,KOU5HzMLhCYUPqOhQ3siRaQ8l/o=,c4wFSBSVaYuAq/YpwioANE26qKQ=
76,-225,KOU5HzMLhCYUPqOhQ3siRaQ8l/o=,c4wFSBSVaYuAq/YpwioANE26qKQ=
75,-225,KOU5HzMLhCYUPqOhQ3siRaQ8l/o=,c4wFSBSVaYuAq/YpwioANE26qKQ=
73,-225,KOU5HzMLhCYUPqOhQ3siRaQ8l/o=,c4wFSBSVaYuAq/YpwioANE26qKQ=
74,-225,KOU5HzMLhCYUPqOhQ3siRaQ8l/o=,c4wFSBSVaYuAq/YpwioANE26qKQ=
71,-225,KOU5HzMLhCYUPqOhQ3siRaQ8l/o=,c4wFSBSVaYuAq/YpwioANE26qKQ=
72,-225,KOU5HzMLhCYUPqOhQ3siRaQ8l/o=,c4wFSBSVaYuAq/YpwioANE26qKQ=
70,-225,KOU5HzMLhCYUPqOhQ3siRaQ8l/o=,c4wFSBSVaYuAq/YpwioANE26qKQ=
68,-225,KOU5HzMLhCYUPqOhQ3siRaQ8l/o=,c4wFSBSVaYuAq/YpwioANE26qKQ=
67,-225,KOU5HzMLhCYUPqOhQ3siRaQ8l/o=,c4wFSBSVaYuAq/YpwioANE26qKQ=
69,-225,KOU5HzMLhCYUPqOhQ3siRaQ8l/o=,c4wFSBSVaYuAq/YpwioANE26qKQ=
66,-225,KOU5HzMLhCYUPqOhQ3siRaQ8l/o=,c4wFSBSVaYuAq/YpwioANE26qKQ=
65,-225,KOU5HzMLhCYUPqOhQ3siRaQ8l/o=,c4wFSBSVaYuAq/YpwioANE26qKQ=
64,-225,KOU5HzMLhCYUPqOhQ3siRaQ8l/o=,c4wFSBSVaYuAq/YpwioANE26qKQ=
68,-240,KOU5HzMLhCYUPqOhQ3siRaQ8l/o=,c4wFSBSVaYuAq/YpwioANE26qKQ=
65,-237,KOU5HzMLhCYUPqOhQ3siRaQ8l/o=,c4wFSBSVaYuAq/YpwioANE26qKQ=
67,-238,KOU5HzMLhCYUPqOhQ3siRaQ8l/o=,c4wFSBSVaYuAq/YpwioANE26qKQ=
78,-226,KOU5HzMLhCYUPqOhQ3siRaQ8l/o=,c4wFSBSVaYuAq/YpwioANE26qKQ=
77,-226,KOU5HzMLhCYUPqOhQ3siRaQ8l/o=,c4wFSBSVaYuAq/YpwioANE26qKQ=
75,-226,KOU5HzMLhCYUPqOhQ3siRaQ8l/o=,c4wFSBSVaYuAq/YpwioANE26qKQ=
74,-226,KOU5HzMLhCYUPqOhQ3siRaQ8l/o=,c4wFSBSVaYuAq/YpwioANE26qKQ=
73,-226,KOU5HzMLhCYUPqOhQ3siRaQ8l/o=,c4wFSBSVaYuAq/YpwioANE26qKQ=
72,-226,KOU5HzMLhCYUPqOhQ3siRaQ8l/o=,c4wFSBSVaYuAq/YpwioANE26qKQ=
71,-226,KOU5HzMLhCYUPqOhQ3siRaQ8l/o=,c4wFSBSVaYuAq/YpwioANE26qKQ=
69,-226,KOU5HzMLhCYUPqOhQ3siRaQ8l/o=,c4wFSBSVaYuAq/YpwioANE26qKQ=
70,-226,KOU5HzMLhCYUPqOhQ3siRaQ8l/o=,c4wFSBSVaYuAq/YpwioANE26qKQ=
68,-226,KOU5HzMLhCYUPqOhQ3siRaQ8l/o=,c4wFSBSVaYuAq/YpwioANE26qKQ=
76,-226,KOU5HzMLhCYUPqOhQ3siRaQ8l/o=,c4wFSBSVaYuAq/YpwioANE26qKQ=
67,-226,KOU5HzMLhCYUPqOhQ3siRaQ8l/o=,c4wFSBSVaYuAq/YpwioANE26qKQ=
66,-226,KOU5HzMLhCYUPqOhQ3siRaQ8l/o=,c4wFSBSVaYuAq/YpwioANE26qKQ=
65,-226,KOU5HzMLhCYUPqOhQ3siRaQ8l/o=,c4wFSBSVaYuAq/YpwioANE26qKQ=
64,-226,KOU5HzMLhCYUPqOhQ3siRaQ8l/o=,c4wFSBSVaYuAq/YpwioANE26qKQ=
67,-239,KOU5HzMLhCYUPqOhQ3siRaQ8l/o=,c4wFSBSVaYuAq/YpwioANE26qKQ=
66,-238,KOU5HzMLhCYUPqOhQ3siRaQ8l/o=,c4wFSBSVaYuAq/YpwioANE26qKQ=
78,-227,KOU5HzMLhCYUPqOhQ3siRaQ8l/o=,c4wFSBSVaYuAq/YpwioANE26qKQ=
77,-227,KOU5HzMLhCYUPqOhQ3siRaQ8l/o=,c4wFSBSVaYuAq/YpwioANE26qKQ=
76,-227,KOU5HzMLhCYUPqOhQ3siRaQ8l/o=,c4wFSBSVaYuAq/YpwioANE26qKQ=
75,-227,KOU5HzMLhCYUPqOhQ3siRaQ8l/o=,c4wFSBSVaYuAq/YpwioANE26qKQ=
74,-227,KOU5HzMLhCYUPqOhQ3siRaQ8l/o=,c4wFSBSVaYuAq/YpwioANE26qKQ=
73,-227,KOU5HzMLhCYUPqOhQ3siRaQ8l/o=,c4wFSBSVaYuAq/YpwioANE26qKQ=
71,-227,KOU5HzMLhCYUPqOhQ3siRaQ8l/o=,c4wFSBSVaYuAq/YpwioANE26qKQ=
72,-227,KOU5HzMLhCYUPqOhQ3siRaQ8l/o=,c4wFSBSVaYuAq/YpwioANE26qKQ=
70,-227,KOU5HzMLhCYUPqOhQ3siRaQ8l/o=,c4wFSBSVaYuAq/YpwioANE26qKQ=
69,-227,KOU5HzMLhCYUPqOhQ3siRaQ8l/o=,c4wFSBSVaYuAq/YpwioANE26qKQ=
68,-227,KOU5HzMLhCYUPqOhQ3siRaQ8l/o=,c4wFSBSVaYuAq/YpwioANE26qKQ=
67,-227,KOU5HzMLhCYUPqOhQ3siRaQ8l/o=,c4wFSBSVaYuAq/YpwioANE26qKQ=
66,-227,KOU5HzMLhCYUPqOhQ3siRaQ8l/o=,c4wFSBSVaYuAq/YpwioANE26qKQ=
65,-227,KOU5HzMLhCYUPqOhQ3siRaQ8l/o=,c4wFSBSVaYuAq/YpwioANE26qKQ=
64,-227,KOU5HzMLhCYUPqOhQ3siRaQ8l/o=,c4wFSBSVaYuAq/YpwioANE26qKQ=
66,-239,KOU5HzMLhCYUPqOhQ3siRaQ8l/o=,c4wFSBSVaYuAq/YpwioANE26qKQ=
65,-238,KOU5HzMLhCYUPqOhQ3siRaQ8l/o=,c4wFSBSVaYuAq/YpwioANE26qKQ=
78,-228,KOU5HzMLhCYUPqOhQ3siRaQ8l/o=,c4wFSBSVaYuAq/YpwioANE26qKQ=
77,-228,KOU5HzMLhCYUPqOhQ3siRaQ8l/o=,c4wFSBSVaYuAq/YpwioANE26qKQ=
76,-228,KOU5HzMLhCYUPqOhQ3siRaQ8l/o=,c4wFSBSVaYuAq/YpwioANE26qKQ=
74,-228,KOU5HzMLhCYUPqOhQ3siRaQ8l/o=,c4wFSBSVaYuAq/YpwioANE26qKQ=
75,-228,KOU5HzMLhCYUPqOhQ3siRaQ8l/o=,c4wFSBSVaYuAq/YpwioANE26qKQ=
73,-228,KOU5HzMLhCYUPqOhQ3siRaQ8l/o=,c4wFSBSVaYuAq/YpwioANE26qKQ=
72,-228,KOU5HzMLhCYUPqOhQ3siRaQ8l/o=,c4wFSBSVaYuAq/YpwioANE26qKQ=
71,-228,KOU5HzMLhCYUPqOhQ3siRaQ8l/o=,c4wFSBSVaYuAq/YpwioANE26qKQ=
70,-228,KOU5HzMLhCYUPqOhQ3siRaQ8l/o=,c4wFSBSVaYuAq/YpwioANE26qKQ=
68,-228,KOU5HzMLhCYUPqOhQ3siRaQ8l/o=,c4wFSBSVaYuAq/YpwioANE26qKQ=
69,-228,KOU5HzMLhCYUPqOhQ3siRaQ8l/o=,c4wFSBSVaYuAq/YpwioANE26qKQ=
67,-228,KOU5HzMLhCYUPqOhQ3siRaQ8l/o=,c4wFSBSVaYuAq/YpwioANE26qKQ=
66,-228,KOU5HzMLhCYUPqOhQ3siRaQ8l/o=,c4wFSBSVaYuAq/YpwioANE26qKQ=
65,-228,KOU5HzMLhCYUPqOhQ3siRaQ8l/o=,c4wFSBSVaYuAq/YpwioANE26qKQ=
65,-239,KOU5HzMLhCYUPqOhQ3siRaQ8l/o=,c4wFSBSVaYuAq/YpwioANE26qKQ=
64,-228,KOU5HzMLhCYUPqOhQ3siRaQ8l/o=,c4wFSBSVaYuAq/YpwioANE26qKQ=
64,-237,KOU5HzMLhCYUPqOhQ3siRaQ8l/o=,c4wFSBSVaYuAq/YpwioANE26qKQ=
64,-238,KOU5HzMLhCYUPqOhQ3siRaQ8l/o=,c4wFSBSVaYuAq/YpwioANE26qKQ=
66,-240,KOU5HzMLhCYUPqOhQ3siRaQ8l/o=,c4wFSBSVaYuAq/YpwioANE26qKQ=
78,-240,KOU5HzMLhCYUPqOhQ3siRaQ8l/o=,c4wFSBSVaYuAq/YpwioANE26qKQ=
64,-239,KOU5HzMLhCYUPqOhQ3siRaQ8l/o=,c4wFSBSVaYuAq/YpwioANE26qKQ=
75,-229,KOU5HzMLhCYUPqOhQ3siRaQ8l/o=,c4wFSBSVaYuAq/YpwioANE26qKQ=
77,-229,KOU5HzMLhCYUPqOhQ3siRaQ8l/o=,c4wFSBSVaYuAq/YpwioANE26qKQ=
78,-229,KOU5HzMLhCYUPqOhQ3siRaQ8l/o=,c4wFSBSVaYuAq/YpwioANE26qKQ=
73,-229,KOU5HzMLhCYUPqOhQ3siRaQ8l/o=,c4wFSBSVaYuAq/YpwioANE26qKQ=
74,-229,KOU5HzMLhCYUPqOhQ3siRaQ8l/o=,c4wFSBSVaYuAq/YpwioANE26qKQ=
72,-229,KOU5HzMLhCYUPqOhQ3siRaQ8l/o=,c4wFSBSVaYuAq/YpwioANE26qKQ=
76,-229,KOU5HzMLhCYUPqOhQ3siRaQ8l/o=,c4wFSBSVaYuAq/YpwioANE26qKQ=
70,-229,KOU5HzMLhCYUPqOhQ3siRaQ8l/o=,c4wFSBSVaYuAq/YpwioANE26qKQ=
71,-229,KOU5HzMLhCYUPqOhQ3siRaQ8l/o=,c4wFSBSVaYuAq/YpwioANE26qKQ=
69,-229,KOU5HzMLhCYUPqOhQ3siRaQ8l/o=,c4wFSBSVaYuAq/YpwioANE26qKQ=
67,-229,KOU5HzMLhCYUPqOhQ3siRaQ8l/o=,c4wFSBSVaYuAq/YpwioANE26qKQ=
68,-229,KOU5HzMLhCYUPqOhQ3siRaQ8l/o=,c4wFSBSVaYuAq/YpwioANE26qKQ=
66,-229,KOU5HzMLhCYUPqOhQ3siRaQ8l/o=,c4wFSBSVaYuAq/YpwioANE26qKQ=
78,-238,KOU5HzMLhCYUPqOhQ3siRaQ8l/o=,c4wFSBSVaYuAq/YpwioANE26qKQ=
64,-229,KOU5HzMLhCYUPqOhQ3siRaQ8l/o=,c4wFSBSVaYuAq/YpwioANE26qKQ=
65,-229,KOU5HzMLhCYUPqOhQ3siRaQ8l/o=,c4wFSBSVaYuAq/YpwioANE26qKQ=
78,-230,KOU5HzMLhCYUPqOhQ3siRaQ8l/o=,c4wFSBSVaYuAq/YpwioANE26qKQ=
76,-230,KOU5HzMLhCYUPqOhQ3siRaQ8l/o=,c4wFSBSVaYuAq/YpwioANE26qKQ=
74,-230,KOU5HzMLhCYUPqOhQ3siRaQ8l/o=,c4wFSBSVaYuAq/YpwioANE26qKQ=
72,-230,KOU5HzMLhCYUPqOhQ3siRaQ8l/o=,c4wFSBSVaYuAq/YpwioANE26qKQ=
77,-240,KOU5HzMLhCYUPqOhQ3siRaQ8l/o=,c4wFSBSVaYuAq/YpwioANE26qKQ=
77,-230,KOU5HzMLhCYUPqOhQ3siRaQ8l/o=,c4wFSBSVaYuAq/YpwioANE26qKQ=
70,-230,KOU5HzMLhCYUPqOhQ3siRaQ8l/o=,c4wFSBSVaYuAq/YpwioANE26qKQ=
73,-230,KOU5HzMLhCYUPqOhQ3siRaQ8l/o=,c4wFSBSVaYuAq/YpwioANE26qKQ=
75,-230,KOU5HzMLhCYUPqOhQ3siRaQ8l/o=,c4wFSBSVaYuAq/YpwioANE26qKQ=
68,-230,KOU5HzMLhCYUPqOhQ3siRaQ8l/o=,c4wFSBSVaYuAq/YpwioANE26qKQ=
71,-230,KOU5HzMLhCYUPqOhQ3siRaQ8l/o=,c4wFSBSVaYuAq/YpwioANE26qKQ=
69,-230,KOU5HzMLhCYUPqOhQ3siRaQ8l/o=,c4wFSBSVaYuAq/YpwioANE26qKQ=
67,-230,KOU5HzMLhCYUPqOhQ3siRaQ8l/o=,c4wFSBSVaYuAq/YpwioANE26qKQ=
65,-230,KOU5HzMLhCYUPqOhQ3siRaQ8l/o=,c4wFSBSVaYuAq/YpwioANE26qKQ=
77,-238,KOU5HzMLhCYUPqOhQ3siRaQ8l/o=,c4wFSBSVaYuAq/YpwioANE26qKQ=
66,-230,KOU5HzMLhCYUPqOhQ3siRaQ8l/o=,c4wFSBSVaYuAq/YpwioANE26qKQ=
76,-240,KOU5HzMLhCYUPqOhQ3siRaQ8l/o=,c4wFSBSVaYuAq/YpwioANE26qKQ=
76,-239,KOU5HzMLhCYUPqOhQ3siRaQ8l/o=,c4wFSBSVaYuAq/YpwioANE26qKQ=
64,-230,KOU5HzMLhCYUPqOhQ3siRaQ8l/o=,c4wFSBSVaYuAq/YpwioANE26qKQ=
77,-231,KOU5HzMLhCYUPqOhQ3siRaQ8l/o=,c4wFSBSVaYuAq/YpwioANE26qKQ=
78,-231,KOU5HzMLhCYUPqOhQ3siRaQ8l/o=,c4wFSBSVaYuAq/YpwioANE26qKQ=
74,-231,KOU5HzMLhCYUPqOhQ3siRaQ8l/o=,c4wFSBSVaYuAq/YpwioANE26qKQ=
76,-231,KOU5HzMLhCYUPqOhQ3siRaQ8l/o=,c4wFSBSVaYuAq/YpwioANE26qKQ=
73,-231,KOU5HzMLhCYUPqOhQ3siRaQ8l/o=,c4wFSBSVaYuAq/YpwioANE26qKQ=
75,-231,KOU5HzMLhCYUPqOhQ3siRaQ8l/o=,c4wFSBSVaYuAq/YpwioANE26qKQ=
72,-231,KOU5HzMLhCYUPqOhQ3siRaQ8l/o=,c4wFSBSVaYuAq/YpwioANE26qKQ=
70,-231,KOU5HzMLhCYUPqOhQ3siRaQ8l/o=,c4wFSBSVaYuAq/YpwioANE26qKQ=
71,-231,KOU5HzMLhCYUPqOhQ3siRaQ8l/o=,c4wFSBSVaYuAq/YpwioANE26qKQ=
67,-231,KOU5HzMLhCYUPqOhQ3siRaQ8l/o=,c4wFSBSVaYuAq/YpwioANE26qKQ=
69,-231,KOU5HzMLhCYUPqOhQ3siRaQ8l/o=,c4wFSBSVaYuAq/YpwioANE26qKQ=
66,-231,KOU5HzMLhCYUPqOhQ3siRaQ8l/o=,c4wFSBSVaYuAq/YpwioANE26qKQ=
65,-231,KOU5HzMLhCYUPqOhQ3siRaQ8l/o=,c4wFSBSVaYuAq/YpwioANE26qKQ=
76,-238,KOU5HzMLhCYUPqOhQ3siRaQ8l/o=,c4wFSBSVaYuAq/YpwioANE26qKQ=
75,-240,KOU5HzMLhCYUPqOhQ3siRaQ8l/o=,c4wFSBSVaYuAq/YpwioANE26qKQ=
64,-231,KOU5HzMLhCYUPqOhQ3siRaQ8l/o=,c4wFSBSVaYuAq/YpwioANE26qKQ=
75,-239,KOU5HzMLhCYUPqOhQ3siRaQ8l/o=,c4wFSBSVaYuAq/YpwioANE26qKQ=
78,-232,KOU5HzMLhCYUPqOhQ3siRaQ8l/o=,c4wFSBSVaYuAq/YpwioANE26qKQ=
77,-232,KOU5HzMLhCYUPqOhQ3siRaQ8l/o=,c4wFSBSVaYuAq/YpwioANE26qKQ=
75,-232,KOU5HzMLhCYUPqOhQ3siRaQ8l/o=,c4wFSBSVaYuAq/YpwioANE26qKQ=
76,-232,KOU5HzMLhCYUPqOhQ3siRaQ8l/o=,c4wFSBSVaYuAq/YpwioANE26qKQ=
73,-232,KOU5HzMLhCYUPqOhQ3siRaQ8l/o=,c4wFSBSVaYuAq/YpwioANE26qKQ=
68,-231,KOU5HzMLhCYUPqOhQ3siRaQ8l/o=,c4wFSBSVaYuAq/YpwioANE26qKQ=
72,-232,KOU5HzMLhCYUPqOhQ3siRaQ8l/o=,c4wFSBSVaYuAq/YpwioANE26qKQ=
74,-232,KOU5HzMLhCYUPqOhQ3siRaQ8l/o=,c4wFSBSVaYuAq/YpwioANE26qKQ=
70,-232,KOU5HzMLhCYUPqOhQ3siRaQ8l/o=,c4wFSBSVaYuAq/YpwioANE26qKQ=
69,-232,KOU5HzMLhCYUPqOhQ3siRaQ8l/o=,c4wFSBSVaYuAq/YpwioANE26qKQ=
71,-232,KOU5HzMLhCYUPqOhQ3siRaQ8l/o=,c4wFSBSVaYuAq/YpwioANE26qKQ=
67,-232,KOU5HzMLhCYUPqOhQ3siRaQ8l/o=,c4wFSBSVaYuAq/YpwioANE26qKQ=
66,-232,KOU5HzMLhCYUPqOhQ3siRaQ8l/o=,c4wFSBSVaYuAq/YpwioANE26qKQ=
75,-238,KOU5HzMLhCYUPqOhQ3siRaQ8l/o=,c4wFSBSVaYuAq/YpwioANE26qKQ=
65,-232,KOU5HzMLhCYUPqOhQ3siRaQ8l/o=,c4wFSBSVaYuAq/YpwioANE26qKQ=
64,-232,KOU5HzMLhCYUPqOhQ3siRaQ8l/o=,c4wFSBSVaYuAq/YpwioANE26qKQ=
74,-240,KOU5HzMLhCYUPqOhQ3siRaQ8l/o=,c4wFSBSVaYuAq/YpwioANE26qKQ=
68,-232,KOU5HzMLhCYUPqOhQ3siRaQ8l/o=,c4wFSBSVaYuAq/YpwioANE26qKQ=
74,-239,KOU5HzMLhCYUPqOhQ3siRaQ8l/o=,c4wFSBSVaYuAq/YpwioANE26qKQ=
78,-233,KOU5HzMLhCYUPqOhQ3siRaQ8l/o=,c4wFSBSVaYuAq/YpwioANE26qKQ=
77,-233,KOU5HzMLhCYUPqOhQ3siRaQ8l/o=,c4wFSBSVaYuAq/YpwioANE26qKQ=
75,-233,KOU5HzMLhCYUPqOhQ3siRaQ8l/o=,c4wFSBSVaYuAq/YpwioANE26qKQ=
74,-233,KOU5HzMLhCYUPqOhQ3siRaQ8l/o=,c4wFSBSVaYuAq/YpwioANE26qKQ=
73,-233,KOU5HzMLhCYUPqOhQ3siRaQ8l/o=,c4wFSBSVaYuAq/YpwioANE26qKQ=
72,-233,KOU5HzMLhCYUPqOhQ3siRaQ8l/o=,c4wFSBSVaYuAq/YpwioANE26qKQ=
69,-233,KOU5HzMLhCYUPqOhQ3siRaQ8l/o=,c4wFSBSVaYuAq/YpwioANE26qKQ=
71,-233,KOU5HzMLhCYUPqOhQ3siRaQ8l/o=,c4wFSBSVaYuAq/YpwioANE26qKQ=
68,-233,KOU5HzMLhCYUPqOhQ3siRaQ8l/o=,c4wFSBSVaYuAq/YpwioANE26qKQ=
76,-233,KOU5HzMLhCYUPqOhQ3siRaQ8l/o=,c4wFSBSVaYuAq/YpwioANE26qKQ=
70,-233,KOU5HzMLhCYUPqOhQ3siRaQ8l/o=,c4wFSBSVaYuAq/YpwioANE26qKQ=
67,-233,KOU5HzMLhCYUPqOhQ3siRaQ8l/o=,c4wFSBSVaYuAq/YpwioANE26qKQ=
65,-233,KOU5HzMLhCYUPqOhQ3siRaQ8l/o=,c4wFSBSVaYuAq/YpwioANE26qKQ=
74,-238,KOU5HzMLhCYUPqOhQ3siRaQ8l/o=,c4wFSBSVaYuAq/YpwioANE26qKQ=
64,-233,KOU5HzMLhCYUPqOhQ3siRaQ8l/o=,c4wFSBSVaYuAq/YpwioANE26qKQ=
66,-233,KOU5HzMLhCYUPqOhQ3siRaQ8l/o=,c4wFSBSVaYuAq/YpwioANE26qKQ=
73,-240,KOU5HzMLhCYUPqOhQ3siRaQ8l/o=,c4wFSBSVaYuAq/YpwioANE26qKQ=
78,-234,KOU5HzMLhCYUPqOhQ3siRaQ8l/o=,c4wFSBSVaYuAq/YpwioANE26qKQ=
76,-234,KOU5HzMLhCYUPqOhQ3siRaQ8l/o=,c4wFSBSVaYuAq/YpwioANE26qKQ=
73,-234,KOU5HzMLhCYUPqOhQ3siRaQ8l/o=,c4wFSBSVaYuAq/YpwioANE26qKQ=
73,-239,KOU5HzMLhCYUPqOhQ3siRaQ8l/o=,c4wFSBSVaYuAq/YpwioANE26qKQ=
77,-234,KOU5HzMLhCYUPqOhQ3siRaQ8l/o=,c4wFSBSVaYuAq/YpwioANE26qKQ=
72,-234,KOU5HzMLhCYUPqOhQ3siRaQ8l/o=,c4wFSBSVaYuAq/YpwioANE26qKQ=
70,-234,KOU5HzMLhCYUPqOhQ3siRaQ8l/o=,c4wFSBSVaYuAq/YpwioANE26qKQ=
69,-234,KOU5HzMLhCYUPqOhQ3siRaQ8l/o=,c4wFSBSVaYuAq/YpwioANE26qKQ=
71,-234,KOU5HzMLhCYUPqOhQ3siRaQ8l/o=,c4wFSBSVaYuAq/YpwioANE26qKQ=
68,-234,KOU5HzMLhCYUPqOhQ3siRaQ8l/o=,c4wFSBSVaYuAq/YpwioANE26qKQ=
66,-234,KOU5HzMLhCYUPqOhQ3siRaQ8l/o=,c4wFSBSVaYuAq/YpwioANE26qKQ=
67,-234,KOU5HzMLhCYUPqOhQ3siRaQ8l/o=,c4wFSBSVaYuAq/YpwioANE26qKQ=
72,-240,KOU5HzMLhCYUPqOhQ3siRaQ8l/o=,c4wFSBSVaYuAq/YpwioANE26qKQ=
74,-234,KOU5HzMLhCYUPqOhQ3siRaQ8l/o=,c4wFSBSVaYuAq/YpwioANE26qKQ=
72,-239,KOU5HzMLhCYUPqOhQ3siRaQ8l/o=,c4wFSBSVaYuAq/YpwioANE26qKQ=
73,-238,KOU5HzMLhCYUPqOhQ3siRaQ8l/o=,c4wFSBSVaYuAq/YpwioANE26qKQ=
64,-234,KOU5HzMLhCYUPqOhQ3siRaQ8l/o=,c4wFSBSVaYuAq/YpwioANE26qKQ=
65,-234,KOU5HzMLhCYUPqOhQ3siRaQ8l/o=,c4wFSBSVaYuAq/YpwioANE26qKQ=
75,-234,KOU5HzMLhCYUPqOhQ3siRaQ8l/o=,c4wFSBSVaYuAq/YpwioANE26qKQ=
78,-235,KOU5HzMLhCYUPqOhQ3siRaQ8l/o=,c4wFSBSVaYuAq/YpwioANE26qKQ=
77,-235,KOU5HzMLhCYUPqOhQ3siRaQ8l/o=,c4wFSBSVaYuAq/YpwioANE26qKQ=
76,-235,KOU5HzMLhCYUPqOhQ3siRaQ8l/o=,c4wFSBSVaYuAq/YpwioANE26qKQ=
75,-235,KOU5HzMLhCYUPqOhQ3siRaQ8l/o=,c4wFSBSVaYuAq/YpwioANE26qKQ=
73,-235,KOU5HzMLhCYUPqOhQ3siRaQ8l/o=,c4wFSBSVaYuAq/YpwioANE26qKQ=
71,-235,KOU5HzMLhCYUPqOhQ3siRaQ8l/o=,c4wFSBSVaYuAq/YpwioANE26qKQ=
72,-235,KOU5HzMLhCYUPqOhQ3siRaQ8l/o=,c4wFSBSVaYuAq/YpwioANE26qKQ=
70,-235,KOU5HzMLhCYUPqOhQ3siRaQ8l/o=,c4wFSBSVaYuAq/YpwioANE26qKQ=
69,-235,KOU5HzMLhCYUPqOhQ3siRaQ8l/o=,c4wFSBSVaYuAq/YpwioANE26qKQ=
68,-235,KOU5HzMLhCYUPqOhQ3siRaQ8l/o=,c4wFSBSVaYuAq/YpwioANE26qKQ=
74,-235,KOU5HzMLhCYUPqOhQ3siRaQ8l/o=,c4wFSBSVaYuAq/YpwioANE26qKQ=
66,-235,KOU5HzMLhCYUPqOhQ3siRaQ8l/o=,c4wFSBSVaYuAq/YpwioANE26qKQ=
65,-235,KOU5HzMLhCYUPqOhQ3siRaQ8l/o=,c4wFSBSVaYuAq/YpwioANE26qKQ=
67,-235,KOU5HzMLhCYUPqOhQ3siRaQ8l/o=,c4wFSBSVaYuAq/YpwioANE26qKQ=
71,-240,KOU5HzMLhCYUPqOhQ3siRaQ8l/o=,c4wFSBSVaYuAq/YpwioANE26qKQ=
71,-239,KOU5HzMLhCYUPqOhQ3siRaQ8l/o=,c4wFSBSVaYuAq/YpwioANE26qKQ=
64,-235,KOU5HzMLhCYUPqOhQ3siRaQ8l/o=,c4wFSBSVaYuAq/YpwioANE26qKQ=
78,-236,KOU5HzMLhCYUPqOhQ3siRaQ8l/o=,c4wFSBSVaYuAq/YpwioANE26qKQ=
72,-238,KOU5HzMLhCYUPqOhQ3siRaQ8l/o=,c4wFSBSVaYuAq/YpwioANE26qKQ=
77,-236,KOU5HzMLhCYUPqOhQ3siRaQ8l/o=,c4wFSBSVaYuAq/YpwioANE26qKQ=
76,-236,KOU5HzMLhCYUPqOhQ3siRaQ8l/o=,c4wFSBSVaYuAq/YpwioANE26qKQ=
75,-236,KOU5HzMLhCYUPqOhQ3siRaQ8l/o=,c4wFSBSVaYuAq/YpwioANE26qKQ=
74,-236,KOU5HzMLhCYUPqOhQ3siRaQ8l/o=,c4wFSBSVaYuAq/YpwioANE26qKQ=
72,-236,KOU5HzMLhCYUPqOhQ3siRaQ8l/o=,c4wFSBSVaYuAq/YpwioANE26qKQ=
73,-236,KOU5HzMLhCYUPqOhQ3siRaQ8l/o=,c4wFSBSVaYuAq/YpwioANE26qKQ=
64,-240,ONKAeXnrtuC9m9vNjYKoGvS1+w4=,c4wFSBSVaYuAq/YpwioANE26qKQ=
70,-236,KOU5HzMLhCYUPqOhQ3siRaQ8l/o=,c4wFSBSVaYuAq/YpwioANE26qKQ=
71,-236,KOU5HzMLhCYUPqOhQ3siRaQ8l/o=,c4wFSBSVaYuAq/YpwioANE26qKQ=
68,-236,KOU5HzMLhCYUPqOhQ3siRaQ8l/o=,c4wFSBSVaYuAq/YpwioANE26qKQ=
69,-236,KOU5HzMLhCYUPqOhQ3siRaQ8l/o=,c4wFSBSVaYuAq/YpwioANE26qKQ=
66,-236,KOU5HzMLhCYUPqOhQ3siRaQ8l/o=,c4wFSBSVaYuAq/YpwioANE26qKQ=
65,-236,KOU5HzMLhCYUPqOhQ3siRaQ8l/o=,c4wFSBSVaYuAq/YpwioANE26qKQ=
67,-236,KOU5HzMLhCYUPqOhQ3siRaQ8l/o=,c4wFSBSVaYuAq/YpwioANE26qKQ=
64,-236,KOU5HzMLhCYUPqOhQ3siRaQ8l/o=,c4wFSBSVaYuAq/YpwioANE26qKQ=
71,-238,KOU5HzMLhCYUPqOhQ3siRaQ8l/o=,c4wFSBSVaYuAq/YpwioANE26qKQ=
78,-237,ONKAeXnrtuC9m9vNjYKoGvS1+w4=,c4wFSBSVaYuAq/YpwioANE26qKQ=
70,-239,KOU5HzMLhCYUPqOhQ3siRaQ8l/o=,c4wFSBSVaYuAq/YpwioANE26qKQ=
76,-237,KOU5HzMLhCYUPqOhQ3siRaQ8l/o=,c4wFSBSVaYuAq/YpwioANE26qKQ=
75,-237,KOU5HzMLhCYUPqOhQ3siRaQ8l/o=,c4wFSBSVaYuAq/YpwioANE26qKQ=
77,-237,ONKAeXnrtuC9m9vNjYKoGvS1+w4=,c4wFSBSVaYuAq/YpwioANE26qKQ=
74,-237,KOU5HzMLhCYUPqOhQ3siRaQ8l/o=,c4wFSBSVaYuAq/YpwioANE26qKQ=
73,-237,ONKAeXnrtuC9m9vNjYKoGvS1+w4=,c4wFSBSVaYuAq/YpwioANE26qKQ=
72,-237,ONKAeXnrtuC9m9vNjYKoGvS1+w4=,c4wFSBSVaYuAq/YpwioANE26qKQ=
70,-240,KOU5HzMLhCYUPqOhQ3siRaQ8l/o=,c4wFSBSVaYuAq/YpwioANE26qKQ=
79,-225,KOU5HzMLhCYUPqOhQ3siRaQ8l/o=,c4wFSBSVaYuAq/YpwioANE26qKQ=
79,-226,KOU5HzMLhCYUPqOhQ3siRaQ8l/o=,c4wFSBSVaYuAq/YpwioANE26qKQ=
79,-227,KOU5HzMLhCYUPqOhQ3siRaQ8l/o=,c4wFSBSVaYuAq/YpwioANE26qKQ=
79,-228,KOU5HzMLhCYUPqOhQ3siRaQ8l/o=,c4wFSBSVaYuAq/YpwioANE26qKQ=
79,-230,KOU5HzMLhCYUPqOhQ3siRaQ8l/o=,c4wFSBSVaYuAq/YpwioANE26qKQ=
79,-229,KOU5HzMLhCYUPqOhQ3siRaQ8l/o=,c4wFSBSVaYuAq/YpwioANE26qKQ=
79,-232,KOU5HzMLhCYUPqOhQ3siRaQ8l/o=,c4wFSBSVaYuAq/YpwioANE26qKQ=
79,-233,KOU5HzMLhCYUPqOhQ3siRaQ8l/o=,c4wFSBSVaYuAq/YpwioANE26qKQ=
79,-231,KOU5HzMLhCYUPqOhQ3siRaQ8l/o=,c4wFSBSVaYuAq/YpwioANE26qKQ=
79,-237,KOU5HzMLhCYUPqOhQ3siRaQ8l/o=,c4wFSBSVaYuAq/YpwioANE26qKQ=
79,-236,KOU5HzMLhCYUPqOhQ3siRaQ8l/o=,c4wFSBSVaYuAq/YpwioANE26qKQ=
79,-234,KOU5HzMLhCYUPqOhQ3siRaQ8l/o=,c4wFSBSVaYuAq/YpwioANE26qKQ=
79,-235,KOU5HzMLhCYUPqOhQ3siRaQ8l/o=,c4wFSBSVaYuAq/YpwioANE26qKQ=
77,-239,KOU5HzMLhCYUPqOhQ3siRaQ8l/o=,c4wFSBSVaYuAq/YpwioANE26qKQ=
79,-238,KOU5HzMLhCYUPqOhQ3siRaQ8l/o=,c4wFSBSVaYuAq/YpwioANE26qKQ=
79,-239,KOU5HzMLhCYUPqOhQ3siRaQ8l/o=,c4wFSBSVaYuAq/YpwioANE26qKQ=
79,-240,KOU5HzMLhCYUPqOhQ3siRaQ8l/o=,c4wFSBSVaYuAq/YpwioANE26qKQ=
78,-239,KOU5HzMLhCYUPqOhQ3siRaQ8l/o=,c4wFSBSVaYuAq/YpwioANE26qKQ=
