-2,3,S3i2t5/uqHClQnaILC6vRyNU528=,p0qTmnRetkxBEIzE0yi4JmO+Y5Y=
-8,0,S3i2t5/uqHClQnaILC6vRyNU528=,p0qTmnRetkxBEIzE0yi4JmO+Y5Y=
-1,3,S3i2t5/uqHClQnaILC6vRyNU528=,p0qTmnRetkxBEIzE0yi4JmO+Y5Y=
-5,0,S3i2t5/uqHClQnaILC6vRyNU528=,p0qTmnRetkxBEIzE0yi4JmO+Y5Y=
-2,7,S3i2t5/uqHClQnaILC6vRyNU528=,p0qTmnRetkxBEIzE0yi4JmO+Y5Y=
-3,7,S3i2t5/uqHClQnaILC6vRyNU528=,p0qTmnRetkxBEIzE0yi4JmO+Y5Y=
-4,7,S3i2t5/uqHClQnaILC6vRyNU528=,p0qTmnRetkxBEIzE0yi4JmO+Y5Y=
-5,7,S3i2t5/uqHClQnaILC6vRyNU528=,p0qTmnRetkxBEIzE0yi4JmO+Y5Y=
-7,7,S3i2t5/uqHClQnaILC6vRyNU528=,p0qTmnRetkxBEIzE0yi4JmO+Y5Y=
-6,7,S3i2t5/uqHClQnaILC6vRyNU528=,p0qTmnRetkxBEIzE0yi4JmO+Y5Y=
-8,7,S3i2t5/uqHClQnaILC6vRyNU528=,p0qTmnRetkxBEIzE0yi4JmO+Y5Y=
-1,7,S3i2t5/uqHClQnaILC6vRyNU528=,p0qTmnRetkxBEIzE0yi4JmO+Y5Y=
-3,6,S3i2t5/uqHClQnaILC6vRyNU528=,p0qTmnRetkxBEIzE0yi4JmO+Y5Y=
-4,6,S3i2t5/uqHClQnaILC6vRyNU528=,p0qTmnRetkxBEIzE0yi4JmO+Y5Y=
-3,2,S3i2t5/uqHClQnaILC6vRyNU528=,p0qTmnRetkxBEIzE0yi4JmO+Y5Y=
-5,6,S3i2t5/uqHClQnaILC6vRyNU528=,p0qTmnRetkxBEIzE0yi4JmO+Y5Y=
-4,0,S3i2t5/uqHClQnaILC6vRyNU528=,p0qTmnRetkxBEIzE0yi4JmO+Y5Y=
-1,6,S3i2t5/uqHClQnaILC6vRyNU528=,p0qTmnRetkxBEIzE0yi4JmO+Y5Y=
-6,6,S3i2t5/uqHClQnaILC6vRyNU528=,p0qTmnRetkxBEIzE0yi4JmO+Y5Y=
-7,6,S3i2t5/uqHClQnaILC6vRyNU528=,p0qTmnRetkxBEIzE0yi4JmO+Y5Y=
-3,3,S3i2t5/uqHClQnaILC6vRyNU528=,p0qTmnRetkxBEIzE0yi4JmO+Y5Y=
-6,0,S3i2t5/uqHClQnaILC6vRyNU528=,p0qTmnRetkxBEIzE0yi4JmO+Y5Y=
-2,6,S3i2t5/uqHClQnaILC6vRyNU528=,p0qTmnRetkxBEIzE0yi4JmO+Y5Y=
-5,1,S3i2t5/uqHClQnaILC6vRyNU528=,p0qTmnRetkxBEIzE0yi4JmO+Y5Y=
-3,1,S3i2t5/uqHClQnaILC6vRyNU528=,p0qTmnRetkxBEIzE0yi4JmO+Y5Y=
-8,6,S3i2t5/uqHClQnaILC6vRyNU528=,p0qTmnRetkxBEIzE0yi4JmO+Y5Y=
-3,0,S3i2t5/uqHClQnaILC6vRyNU528=,p0qTmnRetkxBEIzE0yi4JmO+Y5Y=
-1,1,S3i2t5/uqHClQnaILC6vRyNU528=,p0qTmnRetkxBEIzE0yi4JmO+Y5Y=
-8,2,S3i2t5/uqHClQnaILC6vRyNU528=,p0qTmnRetkxBEIzE0yi4JmO+Y5Y=
-5,3,S3i2t5/uqHClQnaILC6vRyNU528=,p0qTmnRetkxBEIzE0yi4JmO+Y5Y=
-5,2,S3i2t5/uqHClQnaILC6vRyNU528=,p0qTmnRetkxBEIzE0yi4JmO+Y5Y=
-4,2,S3i2t5/uqHClQnaILC6vRyNU528=,p0qTmnRetkxBEIzE0yi4JmO+Y5Y=
-8,1,S3i2t5/uqHClQnaILC6vRyNU528=,p0qTmnRetkxBEIzE0yi4JmO+Y5Y=
-4,3,S3i2t5/uqHClQnaILC6vRyNU528=,p0qTmnRetkxBEIzE0yi4JmO+Y5Y=
-1,2,S3i2t5/uqHClQnaILC6vRyNU528=,p0qTmnRetkxBEIzE0yi4JmO+Y5Y=
-3,5,S3i2t5/uqHClQnaILC6vRyNU528=,p0qTmnRetkxBEIzE0yi4JmO+Y5Y=
-4,1,S3i2t5/uqHClQnaILC6vRyNU528=,p0qTmnRetkxBEIzE0yi4JmO+Y5Y=
-2,0,S3i2t5/uqHClQnaILC6vRyNU528=,p0qTmnRetkxBEIzE0yi4JmO+Y5Y=
-8,5,S3i2t5/uqHClQnaILC6vRyNU528=,p0qTmnRetkxBEIzE0yi4JmO+Y5Y=
-8,3,S3i2t5/uqHClQnaILC6vRyNU528=,p0qTmnRetkxBEIzE0yi4JmO+Y5Y=
-7,0,S3i2t5/uqHClQnaILC6vRyNU528=,p0qTmnRetkxBEIzE0yi4JmO+Y5Y=
-2,2,S3i2t5/uqHClQnaILC6vRyNU528=,p0qTmnRetkxBEIzE0yi4JmO+Y5Y=
-2,1,S3i2t5/uqHClQnaILC6vRyNU528=,p0qTmnRetkxBEIzE0yi4JmO+Y5Y=
-6,2,S3i2t5/uqHClQnaILC6vRyNU528=,p0qTmnRetkxBEIzE0yi4JmO+Y5Y=
-6,1,S3i2t5/uqHClQnaILC6vRyNU528=,p0qTmnRetkxBEIzE0yi4JmO+Y5Y=
-7,3,S3i2t5/uqHClQnaILC6vRyNU528=,p0qTmnRetkxBEIzE0yi4JmO+Y5Y=
-1,4,S3i2t5/uqHClQnaILC6vRyNU528=,p0qTmnRetkxBEIzE0yi4JmO+Y5Y=
-7,1,S3i2t5/uqHClQnaILC6vRyNU528=,p0qTmnRetkxBEIzE0yi4JmO+Y5Y=
-4,5,S3i2t5/uqHClQnaILC6vRyNU528=,p0qTmnRetkxBEIzE0yi4JmO+Y5Y=
-2,5,S3i2t5/uqHClQnaILC6vRyNU528=,p0qTmnRetkxBEIzE0yi4JmO+Y5Y=
-1,5,S3i2t5/uqHClQnaILC6vRyNU528=,p0qTmnRetkxBEIzE0yi4JmO+Y5Y=
-6,3,S3i2t5/uqHClQnaILC6vRyNU528=,p0qTmnRetkxBEIzE0yi4JmO+Y5Y=
-8,4,S3i2t5/uqHClQnaILC6vRyNU528=,p0qTmnRetkxBEIzE0yi4JmO+Y5Y=
-5,5,S3i2t5/uqHClQnaILC6vRyNU528=,p0qTmnRetkxBEIzE0yi4JmO+Y5Y=
-7,5,S3i2t5/uqHClQnaILC6vRyNU528=,p0qTmnRetkxBEIzE0yi4JmO+Y5Y=
-7,2,S3i2t5/uqHClQnaILC6vRyNU528=,p0qTmnRetkxBEIzE0yi4JmO+Y5Y=
-6,5,S3i2t5/uqHClQnaILC6vRyNU528=,p0qTmnRetkxBEIzE0yi4JmO+Y5Y=
-2,4,S3i2t5/uqHClQnaILC6vRyNU528=,p0qTmnRetkxBEIzE0yi4JmO+Y5Y=
-3,4,S3i2t5/uqHClQnaILC6vRyNU528=,p0qTmnRetkxBEIzE0yi4JmO+Y5Y=
-7,4,S3i2t5/uqHClQnaILC6vRyNU528=,p0qTmnRetkxBEIzE0yi4JmO+Y5Y=
-4,4,S3i2t5/uqHClQnaILC6vRyNU528=,p0qTmnRetkxBEIzE0yi4JmO+Y5Y=
-6,4,S3i2t5/uqHClQnaILC6vRyNU528=,p0qTmnRetkxBEIzE0yi4JmO+Y5Y=
-1,0,S3i2t5/uqHClQnaILC6vRyNU528=,p0qTmnRetkxBEIzE0yi4JmO+Y5Y=
-5,4,S3i2t5/uqHClQnaILC6vRyNU528=,p0qTmnRetkxBEIzE0yi4JmO+Y5Y=
-15,7,7g9JhkksPqNEaoexDM6PFZTixQc=,xUpc/6ruwnudml0VClZYm9k7A74=
-14,7,7g9JhkksPqNEaoexDM6PFZTixQc=,xUpc/6ruwnudml0VClZYm9k7A74=
-10,6,LEifRtJ4dRJJmBnZIHNV3fjUq1Q=,xUpc/6ruwnudml0VClZYm9k7A74=
-11,6,LEifRtJ4dRJJmBnZIHNV3fjUq1Q=,xUpc/6ruwnudml0VClZYm9k7A74=
-12,6,LEifRtJ4dRJJmBnZIHNV3fjUq1Q=,xUpc/6ruwnudml0VClZYm9k7A74=
-13,6,7g9JhkksPqNEaoexDM6PFZTixQc=,xUpc/6ruwnudml0VClZYm9k7A74=
-14,6,7g9JhkksPqNEaoexDM6PFZTixQc=,xUpc/6ruwnudml0VClZYm9k7A74=
-15,6,7g9JhkksPqNEaoexDM6PFZTixQc=,xUpc/6ruwnudml0VClZYm9k7A74=
-10,5,LEifRtJ4dRJJmBnZIHNV3fjUq1Q=,xUpc/6ruwnudml0VClZYm9k7A74=
-11,5,LEifRtJ4dRJJmBnZIHNV3fjUq1Q=,xUpc/6ruwnudml0VClZYm9k7A74=
-12,5,LEifRtJ4dRJJmBnZIHNV3fjUq1Q=,xUpc/6ruwnudml0VClZYm9k7A74=
-13,5,7g9JhkksPqNEaoexDM6PFZTixQc=,xUpc/6ruwnudml0VClZYm9k7A74=
-14,5,7g9JhkksPqNEaoexDM6PFZTixQc=,xUpc/6ruwnudml0VClZYm9k7A74=
-15,5,7g9JhkksPqNEaoexDM6PFZTixQc=,xUpc/6ruwnudml0VClZYm9k7A74=
-10,7,LEifRtJ4dRJJmBnZIHNV3fjUq1Q=,xUpc/6ruwnudml0VClZYm9k7A74=
-11,7,LEifRtJ4dRJJmBnZIHNV3fjUq1Q=,xUpc/6ruwnudml0VClZYm9k7A74=
-10,4,LEifRtJ4dRJJmBnZIHNV3fjUq1Q=,xUpc/6ruwnudml0VClZYm9k7A74=
-12,7,LEifRtJ4dRJJmBnZIHNV3fjUq1Q=,xUpc/6ruwnudml0VClZYm9k7A74=
-11,4,LEifRtJ4dRJJmBnZIHNV3fjUq1Q=,xUpc/6ruwnudml0VClZYm9k7A74=
-12,4,LEifRtJ4dRJJmBnZIHNV3fjUq1Q=,xUpc/6ruwnudml0VClZYm9k7A74=
-13,4,7g9JhkksPqNEaoexDM6PFZTixQc=,xUpc/6ruwnudml0VClZYm9k7A74=
-14,4,7g9JhkksPqNEaoexDM6PFZTixQc=,xUpc/6ruwnudml0VClZYm9k7A74=
-15,4,7g9JhkksPqNEaoexDM6PFZTixQc=,xUpc/6ruwnudml0VClZYm9k7A74=
-10,3,LEifRtJ4dRJJmBnZIHNV3fjUq1Q=,xUpc/6ruwnudml0VClZYm9k7A74=
-11,3,LEifRtJ4dRJJmBnZIHNV3fjUq1Q=,xUpc/6ruwnudml0VClZYm9k7A74=
-12,3,LEifRtJ4dRJJmBnZIHNV3fjUq1Q=,xUpc/6ruwnudml0VClZYm9k7A74=
-13,3,7g9JhkksPqNEaoexDM6PFZTixQc=,xUpc/6ruwnudml0VClZYm9k7A74=
-14,3,7g9JhkksPqNEaoexDM6PFZTixQc=,xUpc/6ruwnudml0VClZYm9k7A74=
-15,3,7g9JhkksPqNEaoexDM6PFZTixQc=,xUpc/6ruwnudml0VClZYm9k7A74=
-10,2,LEifRtJ4dRJJmBnZIHNV3fjUq1Q=,xUpc/6ruwnudml0VClZYm9k7A74=
-11,2,LEifRtJ4dRJJmBnZIHNV3fjUq1Q=,xUpc/6ruwnudml0VClZYm9k7A74=
-12,2,LEifRtJ4dRJJmBnZIHNV3fjUq1Q=,xUpc/6ruwnudml0VClZYm9k7A74=
-13,2,7g9JhkksPqNEaoexDM6PFZTixQc=,xUpc/6ruwnudml0VClZYm9k7A74=
-14,2,7g9JhkksPqNEaoexDM6PFZTixQc=,xUpc/6ruwnudml0VClZYm9k7A74=
-15,2,7g9JhkksPqNEaoexDM6PFZTixQc=,xUpc/6ruwnudml0VClZYm9k7A74=
-10,1,LEifRtJ4dRJJmBnZIHNV3fjUq1Q=,xUpc/6ruwnudml0VClZYm9k7A74=
-11,1,LEifRtJ4dRJJmBnZIHNV3fjUq1Q=,xUpc/6ruwnudml0VClZYm9k7A74=
-12,1,LEifRtJ4dRJJmBnZIHNV3fjUq1Q=,xUpc/6ruwnudml0VClZYm9k7A74=
-13,1,7g9JhkksPqNEaoexDM6PFZTixQc=,xUpc/6ruwnudml0VClZYm9k7A74=
-14,1,7g9JhkksPqNEaoexDM6PFZTixQc=,xUpc/6ruwnudml0VClZYm9k7A74=
-15,1,7g9JhkksPqNEaoexDM6PFZTixQc=,xUpc/6ruwnudml0VClZYm9k7A74=
-13,7,7g9JhkksPqNEaoexDM6PFZTixQc=,xUpc/6ruwnudml0VClZYm9k7A74=
-12,0,LEifRtJ4dRJJmBnZIHNV3fjUq1Q=,xUpc/6ruwnudml0VClZYm9k7A74=
-11,0,LEifRtJ4dRJJmBnZIHNV3fjUq1Q=,xUpc/6ruwnudml0VClZYm9k7A74=
-10,0,LEifRtJ4dRJJmBnZIHNV3fjUq1Q=,xUpc/6ruwnudml0VClZYm9k7A74=
-15,0,7g9JhkksPqNEaoexDM6PFZTixQc=,xUpc/6ruwnudml0VClZYm9k7A74=
-14,0,7g9JhkksPqNEaoexDM6PFZTixQc=,xUpc/6ruwnudml0VClZYm9k7A74=
-13,0,7g9JhkksPqNEaoexDM6PFZTixQc=,xUpc/6ruwnudml0VClZYm9k7A74=
-2,11,QNRNTxrSGzdfr5LO6+JPUOMc8gQ=,1RpVMp9UTwRRYIZFAV1SLlkeGkI=
-3,11,QNRNTxrSGzdfr5LO6+JPUOMc8gQ=,1RpVMp9UTwRRYIZFAV1SLlkeGkI=
-8,12,QNRNTxrSGzdfr5LO6+JPUOMc8gQ=,1RpVMp9UTwRRYIZFAV1SLlkeGkI=
-4,11,QNRNTxrSGzdfr5LO6+JPUOMc8gQ=,1RpVMp9UTwRRYIZFAV1SLlkeGkI=
-5,11,QNRNTxrSGzdfr5LO6+JPUOMc8gQ=,1RpVMp9UTwRRYIZFAV1SLlkeGkI=
-7,11,QNRNTxrSGzdfr5LO6+JPUOMc8gQ=,1RpVMp9UTwRRYIZFAV1SLlkeGkI=
-2,14,QNRNTxrSGzdfr5LO6+JPUOMc8gQ=,1RpVMp9UTwRRYIZFAV1SLlkeGkI=
-3,14,QNRNTxrSGzdfr5LO6+JPUOMc8gQ=,1RpVMp9UTwRRYIZFAV1SLlkeGkI=
-4,14,QNRNTxrSGzdfr5LO6+JPUOMc8gQ=,1RpVMp9UTwRRYIZFAV1SLlkeGkI=
-5,14,QNRNTxrSGzdfr5LO6+JPUOMc8gQ=,1RpVMp9UTwRRYIZFAV1SLlkeGkI=
-6,14,QNRNTxrSGzdfr5LO6+JPUOMc8gQ=,1RpVMp9UTwRRYIZFAV1SLlkeGkI=
-7,14,QNRNTxrSGzdfr5LO6+JPUOMc8gQ=,1RpVMp9UTwRRYIZFAV1SLlkeGkI=
-8,10,QNRNTxrSGzdfr5LO6+JPUOMc8gQ=,1RpVMp9UTwRRYIZFAV1SLlkeGkI=
-8,14,QNRNTxrSGzdfr5LO6+JPUOMc8gQ=,1RpVMp9UTwRRYIZFAV1SLlkeGkI=
-8,11,QNRNTxrSGzdfr5LO6+JPUOMc8gQ=,1RpVMp9UTwRRYIZFAV1SLlkeGkI=
-2,13,QNRNTxrSGzdfr5LO6+JPUOMc8gQ=,1RpVMp9UTwRRYIZFAV1SLlkeGkI=
-3,13,QNRNTxrSGzdfr5LO6+JPUOMc8gQ=,1RpVMp9UTwRRYIZFAV1SLlkeGkI=
-4,13,QNRNTxrSGzdfr5LO6+JPUOMc8gQ=,1RpVMp9UTwRRYIZFAV1SLlkeGkI=
-5,13,QNRNTxrSGzdfr5LO6+JPUOMc8gQ=,1RpVMp9UTwRRYIZFAV1SLlkeGkI=
-7,13,QNRNTxrSGzdfr5LO6+JPUOMc8gQ=,1RpVMp9UTwRRYIZFAV1SLlkeGkI=
-6,13,QNRNTxrSGzdfr5LO6+JPUOMc8gQ=,1RpVMp9UTwRRYIZFAV1SLlkeGkI=
-8,13,QNRNTxrSGzdfr5LO6+JPUOMc8gQ=,1RpVMp9UTwRRYIZFAV1SLlkeGkI=
-2,10,QNRNTxrSGzdfr5LO6+JPUOMc8gQ=,1RpVMp9UTwRRYIZFAV1SLlkeGkI=
-2,12,QNRNTxrSGzdfr5LO6+JPUOMc8gQ=,1RpVMp9UTwRRYIZFAV1SLlkeGkI=
-4,12,QNRNTxrSGzdfr5LO6+JPUOMc8gQ=,1RpVMp9UTwRRYIZFAV1SLlkeGkI=
-5,12,QNRNTxrSGzdfr5LO6+JPUOMc8gQ=,1RpVMp9UTwRRYIZFAV1SLlkeGkI=
-3,12,QNRNTxrSGzdfr5LO6+JPUOMc8gQ=,1RpVMp9UTwRRYIZFAV1SLlkeGkI=
-7,12,QNRNTxrSGzdfr5LO6+JPUOMc8gQ=,1RpVMp9UTwRRYIZFAV1SLlkeGkI=
-6,12,QNRNTxrSGzdfr5LO6+JPUOMc8gQ=,1RpVMp9UTwRRYIZFAV1SLlkeGkI=
-7,15,QNRNTxrSGzdfr5LO6+JPUOMc8gQ=,1RpVMp9UTwRRYIZFAV1SLlkeGkI=
-5,15,QNRNTxrSGzdfr5LO6+JPUOMc8gQ=,1RpVMp9UTwRRYIZFAV1SLlkeGkI=
-6,15,QNRNTxrSGzdfr5LO6+JPUOMc8gQ=,1RpVMp9UTwRRYIZFAV1SLlkeGkI=
-4,15,QNRNTxrSGzdfr5LO6+JPUOMc8gQ=,1RpVMp9UTwRRYIZFAV1SLlkeGkI=
-3,15,QNRNTxrSGzdfr5LO6+JPUOMc8gQ=,1RpVMp9UTwRRYIZFAV1SLlkeGkI=
-2,15,QNRNTxrSGzdfr5LO6+JPUOMc8gQ=,1RpVMp9UTwRRYIZFAV1SLlkeGkI=
-16,7,7g9JhkksPqNEaoexDM6PFZTixQc=,xUpc/6ruwnudml0VClZYm9k7A74=
-16,1,7g9JhkksPqNEaoexDM6PFZTixQc=,xUpc/6ruwnudml0VClZYm9k7A74=
-16,2,7g9JhkksPqNEaoexDM6PFZTixQc=,xUpc/6ruwnudml0VClZYm9k7A74=
-16,3,7g9JhkksPqNEaoexDM6PFZTixQc=,xUpc/6ruwnudml0VClZYm9k7A74=
-16,4,7g9JhkksPqNEaoexDM6PFZTixQc=,xUpc/6ruwnudml0VClZYm9k7A74=
-16,5,7g9JhkksPqNEaoexDM6PFZTixQc=,xUpc/6ruwnudml0VClZYm9k7A74=
-16,6,7g9JhkksPqNEaoexDM6PFZTixQc=,xUpc/6ruwnudml0VClZYm9k7A74=
-8,15,QNRNTxrSGzdfr5LO6+JPUOMc8gQ=,1RpVMp9UTwRRYIZFAV1SLlkeGkI=
-16,0,7g9JhkksPqNEaoexDM6PFZTixQc=,xUpc/6ruwnudml0VClZYm9k7A74=
-1,11,QNRNTxrSGzdfr5LO6+JPUOMc8gQ=,1RpVMp9UTwRRYIZFAV1SLlkeGkI=
-1,15,QNRNTxrSGzdfr5LO6+JPUOMc8gQ=,1RpVMp9UTwRRYIZFAV1SLlkeGkI=
-1,14,QNRNTxrSGzdfr5LO6+JPUOMc8gQ=,1RpVMp9UTwRRYIZFAV1SLlkeGkI=
-1,13,QNRNTxrSGzdfr5LO6+JPUOMc8gQ=,1RpVMp9UTwRRYIZFAV1SLlkeGkI=
-1,12,QNRNTxrSGzdfr5LO6+JPUOMc8gQ=,1RpVMp9UTwRRYIZFAV1SLlkeGkI=
-8,8,QNRNTxrSGzdfr5LO6+JPUOMc8gQ=,1RpVMp9UTwRRYIZFAV1SLlkeGkI=
-9,6,LEifRtJ4dRJJmBnZIHNV3fjUq1Q=,xUpc/6ruwnudml0VClZYm9k7A74=
-9,5,LEifRtJ4dRJJmBnZIHNV3fjUq1Q=,xUpc/6ruwnudml0VClZYm9k7A74=
-9,7,LEifRtJ4dRJJmBnZIHNV3fjUq1Q=,xUpc/6ruwnudml0VClZYm9k7A74=
-3,10,QNRNTxrSGzdfr5LO6+JPUOMc8gQ=,1RpVMp9UTwRRYIZFAV1SLlkeGkI=
-6,11,QNRNTxrSGzdfr5LO6+JPUOMc8gQ=,1RpVMp9UTwRRYIZFAV1SLlkeGkI=
-8,9,QNRNTxrSGzdfr5LO6+JPUOMc8gQ=,1RpVMp9UTwRRYIZFAV1SLlkeGkI=
-4,10,QNRNTxrSGzdfr5LO6+JPUOMc8gQ=,1RpVMp9UTwRRYIZFAV1SLlkeGkI=
-5,10,QNRNTxrSGzdfr5LO6+JPUOMc8gQ=,1RpVMp9UTwRRYIZFAV1SLlkeGkI=
-3,9,QNRNTxrSGzdfr5LO6+JPUOMc8gQ=,1RpVMp9UTwRRYIZFAV1SLlkeGkI=
-6,10,QNRNTxrSGzdfr5LO6+JPUOMc8gQ=,1RpVMp9UTwRRYIZFAV1SLlkeGkI=
-2,8,QNRNTxrSGzdfr5LO6+JPUOMc8gQ=,1RpVMp9UTwRRYIZFAV1SLlkeGkI=
-7,10,QNRNTxrSGzdfr5LO6+JPUOMc8gQ=,1RpVMp9UTwRRYIZFAV1SLlkeGkI=
-4,9,QNRNTxrSGzdfr5LO6+JPUOMc8gQ=,1RpVMp9UTwRRYIZFAV1SLlkeGkI=
-2,9,QNRNTxrSGzdfr5LO6+JPUOMc8gQ=,1RpVMp9UTwRRYIZFAV1SLlkeGkI=
-5,9,QNRNTxrSGzdfr5LO6+JPUOMc8gQ=,1RpVMp9UTwRRYIZFAV1SLlkeGkI=
-6,9,QNRNTxrSGzdfr5LO6+JPUOMc8gQ=,1RpVMp9UTwRRYIZFAV1SLlkeGkI=
-9,4,LEifRtJ4dRJJmBnZIHNV3fjUq1Q=,xUpc/6ruwnudml0VClZYm9k7A74=
-1,10,QNRNTxrSGzdfr5LO6+JPUOMc8gQ=,1RpVMp9UTwRRYIZFAV1SLlkeGkI=
-9,2,LEifRtJ4dRJJmBnZIHNV3fjUq1Q=,xUpc/6ruwnudml0VClZYm9k7A74=
-9,1,LEifRtJ4dRJJmBnZIHNV3fjUq1Q=,xUpc/6ruwnudml0VClZYm9k7A74=
-9,3,LEifRtJ4dRJJmBnZIHNV3fjUq1Q=,xUpc/6ruwnudml0VClZYm9k7A74=
-7,9,QNRNTxrSGzdfr5LO6+JPUOMc8gQ=,1RpVMp9UTwRRYIZFAV1SLlkeGkI=
-5,8,QNRNTxrSGzdfr5LO6+JPUOMc8gQ=,1RpVMp9UTwRRYIZFAV1SLlkeGkI=
-1,9,QNRNTxrSGzdfr5LO6+JPUOMc8gQ=,1RpVMp9UTwRRYIZFAV1SLlkeGkI=
-3,8,QNRNTxrSGzdfr5LO6+JPUOMc8gQ=,1RpVMp9UTwRRYIZFAV1SLlkeGkI=
-4,8,QNRNTxrSGzdfr5LO6+JPUOMc8gQ=,1RpVMp9UTwRRYIZFAV1SLlkeGkI=
-1,8,QNRNTxrSGzdfr5LO6+JPUOMc8gQ=,1RpVMp9UTwRRYIZFAV1SLlkeGkI=
-9,0,LEifRtJ4dRJJmBnZIHNV3fjUq1Q=,xUpc/6ruwnudml0VClZYm9k7A74=
-7,8,QNRNTxrSGzdfr5LO6+JPUOMc8gQ=,1RpVMp9UTwRRYIZFAV1SLlkeGkI=
-6,8,QNRNTxrSGzdfr5LO6+JPUOMc8gQ=,1RpVMp9UTwRRYIZFAV1SLlkeGkI=
-12,18,i6snJ/Z8WHKi6FsLssd4VrsReY4=,PMqa3ZG1/rdtUX/79tcAMAWQMVM=
-13,22,i6snJ/Z8WHKi6FsLssd4VrsReY4=,PMqa3ZG1/rdtUX/79tcAMAWQMVM=
-14,22,i6snJ/Z8WHKi6FsLssd4VrsReY4=,PMqa3ZG1/rdtUX/79tcAMAWQMVM=
-13,18,i6snJ/Z8WHKi6FsLssd4VrsReY4=,PMqa3ZG1/rdtUX/79tcAMAWQMVM=
-15,22,i6snJ/Z8WHKi6FsLssd4VrsReY4=,PMqa3ZG1/rdtUX/79tcAMAWQMVM=
-14,18,i6snJ/Z8WHKi6FsLssd4VrsReY4=,PMqa3ZG1/rdtUX/79tcAMAWQMVM=
-15,18,i6snJ/Z8WHKi6FsLssd4VrsReY4=,PMqa3ZG1/rdtUX/79tcAMAWQMVM=
-10,21,i6snJ/Z8WHKi6FsLssd4VrsReY4=,PMqa3ZG1/rdtUX/79tcAMAWQMVM=
-10,17,i6snJ/Z8WHKi6FsLssd4VrsReY4=,PMqa3ZG1/rdtUX/79tcAMAWQMVM=
-10,23,i6snJ/Z8WHKi6FsLssd4VrsReY4=,PMqa3ZG1/rdtUX/79tcAMAWQMVM=
-11,17,i6snJ/Z8WHKi6FsLssd4VrsReY4=,PMqa3ZG1/rdtUX/79tcAMAWQMVM=
-11,21,i6snJ/Z8WHKi6FsLssd4VrsReY4=,PMqa3ZG1/rdtUX/79tcAMAWQMVM=
-12,17,i6snJ/Z8WHKi6FsLssd4VrsReY4=,PMqa3ZG1/rdtUX/79tcAMAWQMVM=
-12,21,ykkgQUn4z6NXnw7tW8w4UxhlwG8=,PMqa3ZG1/rdtUX/79tcAMAWQMVM=
-13,21,i6snJ/Z8WHKi6FsLssd4VrsReY4=,PMqa3ZG1/rdtUX/79tcAMAWQMVM=
-13,17,i6snJ/Z8WHKi6FsLssd4VrsReY4=,PMqa3ZG1/rdtUX/79tcAMAWQMVM=
-14,17,i6snJ/Z8WHKi6FsLssd4VrsReY4=,PMqa3ZG1/rdtUX/79tcAMAWQMVM=
-15,17,i6snJ/Z8WHKi6FsLssd4VrsReY4=,PMqa3ZG1/rdtUX/79tcAMAWQMVM=
-14,21,i6snJ/Z8WHKi6FsLssd4VrsReY4=,PMqa3ZG1/rdtUX/79tcAMAWQMVM=
-15,21,i6snJ/Z8WHKi6FsLssd4VrsReY4=,PMqa3ZG1/rdtUX/79tcAMAWQMVM=
-10,19,i6snJ/Z8WHKi6FsLssd4VrsReY4=,PMqa3ZG1/rdtUX/79tcAMAWQMVM=
-11,19,i6snJ/Z8WHKi6FsLssd4VrsReY4=,PMqa3ZG1/rdtUX/79tcAMAWQMVM=
-12,19,i6snJ/Z8WHKi6FsLssd4VrsReY4=,PMqa3ZG1/rdtUX/79tcAMAWQMVM=
-13,19,i6snJ/Z8WHKi6FsLssd4VrsReY4=,PMqa3ZG1/rdtUX/79tcAMAWQMVM=
-14,19,i6snJ/Z8WHKi6FsLssd4VrsReY4=,PMqa3ZG1/rdtUX/79tcAMAWQMVM=
-15,19,i6snJ/Z8WHKi6FsLssd4VrsReY4=,PMqa3ZG1/rdtUX/79tcAMAWQMVM=
-11,23,i6snJ/Z8WHKi6FsLssd4VrsReY4=,PMqa3ZG1/rdtUX/79tcAMAWQMVM=
-12,23,i6snJ/Z8WHKi6FsLssd4VrsReY4=,PMqa3ZG1/rdtUX/79tcAMAWQMVM=
-10,20,ykkgQUn4z6NXnw7tW8w4UxhlwG8=,PMqa3ZG1/rdtUX/79tcAMAWQMVM=
-13,23,i6snJ/Z8WHKi6FsLssd4VrsReY4=,PMqa3ZG1/rdtUX/79tcAMAWQMVM=
-14,23,ykkgQUn4z6NXnw7tW8w4UxhlwG8=,PMqa3ZG1/rdtUX/79tcAMAWQMVM=
-11,20,ykkgQUn4z6NXnw7tW8w4UxhlwG8=,PMqa3ZG1/rdtUX/79tcAMAWQMVM=
-15,23,i6snJ/Z8WHKi6FsLssd4VrsReY4=,PMqa3ZG1/rdtUX/79tcAMAWQMVM=
-12,20,ykkgQUn4z6NXnw7tW8w4UxhlwG8=,PMqa3ZG1/rdtUX/79tcAMAWQMVM=
-14,20,i6snJ/Z8WHKi6FsLssd4VrsReY4=,PMqa3ZG1/rdtUX/79tcAMAWQMVM=
-13,20,ykkgQUn4z6NXnw7tW8w4UxhlwG8=,PMqa3ZG1/rdtUX/79tcAMAWQMVM=
-10,22,i6snJ/Z8WHKi6FsLssd4VrsReY4=,PMqa3ZG1/rdtUX/79tcAMAWQMVM=
-15,20,i6snJ/Z8WHKi6FsLssd4VrsReY4=,PMqa3ZG1/rdtUX/79tcAMAWQMVM=
-10,18,i6snJ/Z8WHKi6FsLssd4VrsReY4=,PMqa3ZG1/rdtUX/79tcAMAWQMVM=
-11,18,i6snJ/Z8WHKi6FsLssd4VrsReY4=,PMqa3ZG1/rdtUX/79tcAMAWQMVM=
-11,22,i6snJ/Z8WHKi6FsLssd4VrsReY4=,PMqa3ZG1/rdtUX/79tcAMAWQMVM=
-12,22,i6snJ/Z8WHKi6FsLssd4VrsReY4=,PMqa3ZG1/rdtUX/79tcAMAWQMVM=
-16,20,i6snJ/Z8WHKi6FsLssd4VrsReY4=,PMqa3ZG1/rdtUX/79tcAMAWQMVM=
-16,19,i6snJ/Z8WHKi6FsLssd4VrsReY4=,PMqa3ZG1/rdtUX/79tcAMAWQMVM=
-16,17,i6snJ/Z8WHKi6FsLssd4VrsReY4=,PMqa3ZG1/rdtUX/79tcAMAWQMVM=
-16,21,i6snJ/Z8WHKi6FsLssd4VrsReY4=,PMqa3ZG1/rdtUX/79tcAMAWQMVM=
-16,18,i6snJ/Z8WHKi6FsLssd4VrsReY4=,PMqa3ZG1/rdtUX/79tcAMAWQMVM=
-16,22,i6snJ/Z8WHKi6FsLssd4VrsReY4=,PMqa3ZG1/rdtUX/79tcAMAWQMVM=
-16,23,i6snJ/Z8WHKi6FsLssd4VrsReY4=,PMqa3ZG1/rdtUX/79tcAMAWQMVM=
-16,16,i6snJ/Z8WHKi6FsLssd4VrsReY4=,PMqa3ZG1/rdtUX/79tcAMAWQMVM=
-15,16,i6snJ/Z8WHKi6FsLssd4VrsReY4=,PMqa3ZG1/rdtUX/79tcAMAWQMVM=
-14,16,i6snJ/Z8WHKi6FsLssd4VrsReY4=,PMqa3ZG1/rdtUX/79tcAMAWQMVM=
-13,16,i6snJ/Z8WHKi6FsLssd4VrsReY4=,PMqa3ZG1/rdtUX/79tcAMAWQMVM=
-12,16,i6snJ/Z8WHKi6FsLssd4VrsReY4=,PMqa3ZG1/rdtUX/79tcAMAWQMVM=
-11,16,i6snJ/Z8WHKi6FsLssd4VrsReY4=,PMqa3ZG1/rdtUX/79tcAMAWQMVM=
-1,19,qqhmr9pqlqzYwIe6mr9CORbg8h0=,KfhK3sg9naWkLagBWvUfMq37TaQ=
-3,17,qqhmr9pqlqzYwIe6mr9CORbg8h0=,KfhK3sg9naWkLagBWvUfMq37TaQ=
-1,18,qqhmr9pqlqzYwIe6mr9CORbg8h0=,KfhK3sg9naWkLagBWvUfMq37TaQ=
-2,19,qqhmr9pqlqzYwIe6mr9CORbg8h0=,KfhK3sg9naWkLagBWvUfMq37TaQ=
-9,21,i6snJ/Z8WHKi6FsLssd4VrsReY4=,PMqa3ZG1/rdtUX/79tcAMAWQMVM=
-4,17,qqhmr9pqlqzYwIe6mr9CORbg8h0=,KfhK3sg9naWkLagBWvUfMq37TaQ=
-5,17,qqhmr9pqlqzYwIe6mr9CORbg8h0=,KfhK3sg9naWkLagBWvUfMq37TaQ=
-2,18,qqhmr9pqlqzYwIe6mr9CORbg8h0=,KfhK3sg9naWkLagBWvUfMq37TaQ=
-1,21,qqhmr9pqlqzYwIe6mr9CORbg8h0=,KfhK3sg9naWkLagBWvUfMq37TaQ=
-2,21,qqhmr9pqlqzYwIe6mr9CORbg8h0=,KfhK3sg9naWkLagBWvUfMq37TaQ=
-1,17,qqhmr9pqlqzYwIe6mr9CORbg8h0=,KfhK3sg9naWkLagBWvUfMq37TaQ=
-3,21,qqhmr9pqlqzYwIe6mr9CORbg8h0=,KfhK3sg9naWkLagBWvUfMq37TaQ=
-1,16,qqhmr9pqlqzYwIe6mr9CORbg8h0=,KfhK3sg9naWkLagBWvUfMq37TaQ=
-3,18,qqhmr9pqlqzYwIe6mr9CORbg8h0=,KfhK3sg9naWkLagBWvUfMq37TaQ=
-4,21,qqhmr9pqlqzYwIe6mr9CORbg8h0=,KfhK3sg9naWkLagBWvUfMq37TaQ=
-3,16,qqhmr9pqlqzYwIe6mr9CORbg8h0=,KfhK3sg9naWkLagBWvUfMq37TaQ=
-4,16,qqhmr9pqlqzYwIe6mr9CORbg8h0=,KfhK3sg9naWkLagBWvUfMq37TaQ=
-2,16,qqhmr9pqlqzYwIe6mr9CORbg8h0=,KfhK3sg9naWkLagBWvUfMq37TaQ=
-3,22,qqhmr9pqlqzYwIe6mr9CORbg8h0=,KfhK3sg9naWkLagBWvUfMq37TaQ=
-5,16,qqhmr9pqlqzYwIe6mr9CORbg8h0=,KfhK3sg9naWkLagBWvUfMq37TaQ=
-2,17,qqhmr9pqlqzYwIe6mr9CORbg8h0=,KfhK3sg9naWkLagBWvUfMq37TaQ=
-6,16,qqhmr9pqlqzYwIe6mr9CORbg8h0=,KfhK3sg9naWkLagBWvUfMq37TaQ=
-6,20,qqhmr9pqlqzYwIe6mr9CORbg8h0=,KfhK3sg9naWkLagBWvUfMq37TaQ=
-4,18,qqhmr9pqlqzYwIe6mr9CORbg8h0=,KfhK3sg9naWkLagBWvUfMq37TaQ=
-2,22,qqhmr9pqlqzYwIe6mr9CORbg8h0=,KfhK3sg9naWkLagBWvUfMq37TaQ=
-5,19,qqhmr9pqlqzYwIe6mr9CORbg8h0=,KfhK3sg9naWkLagBWvUfMq37TaQ=
-5,21,qqhmr9pqlqzYwIe6mr9CORbg8h0=,KfhK3sg9naWkLagBWvUfMq37TaQ=
-6,19,qqhmr9pqlqzYwIe6mr9CORbg8h0=,KfhK3sg9naWkLagBWvUfMq37TaQ=
-1,22,qqhmr9pqlqzYwIe6mr9CORbg8h0=,KfhK3sg9naWkLagBWvUfMq37TaQ=
-1,20,qqhmr9pqlqzYwIe6mr9CORbg8h0=,KfhK3sg9naWkLagBWvUfMq37TaQ=
-4,20,qqhmr9pqlqzYwIe6mr9CORbg8h0=,KfhK3sg9naWkLagBWvUfMq37TaQ=
-3,20,qqhmr9pqlqzYwIe6mr9CORbg8h0=,KfhK3sg9naWkLagBWvUfMq37TaQ=
-9,22,i6snJ/Z8WHKi6FsLssd4VrsReY4=,PMqa3ZG1/rdtUX/79tcAMAWQMVM=
-2,20,qqhmr9pqlqzYwIe6mr9CORbg8h0=,KfhK3sg9naWkLagBWvUfMq37TaQ=
-3,19,qqhmr9pqlqzYwIe6mr9CORbg8h0=,KfhK3sg9naWkLagBWvUfMq37TaQ=
-5,20,qqhmr9pqlqzYwIe6mr9CORbg8h0=,KfhK3sg9naWkLagBWvUfMq37TaQ=
-5,18,qqhmr9pqlqzYwIe6mr9CORbg8h0=,KfhK3sg9naWkLagBWvUfMq37TaQ=
-4,19,qqhmr9pqlqzYwIe6mr9CORbg8h0=,KfhK3sg9naWkLagBWvUfMq37TaQ=
-8,25,qqhmr9pqlqzYwIe6mr9CORbg8h0=,zXsXF3HLeUzRnWKfbf5gashz5WI=
-6,25,qqhmr9pqlqzYwIe6mr9CORbg8h0=,zXsXF3HLeUzRnWKfbf5gashz5WI=
-7,25,qqhmr9pqlqzYwIe6mr9CORbg8h0=,zXsXF3HLeUzRnWKfbf5gashz5WI=
-8,28,qqhmr9pqlqzYwIe6mr9CORbg8h0=,zXsXF3HLeUzRnWKfbf5gashz5WI=
-5,25,qqhmr9pqlqzYwIe6mr9CORbg8h0=,zXsXF3HLeUzRnWKfbf5gashz5WI=
-8,24,qqhmr9pqlqzYwIe6mr9CORbg8h0=,zXsXF3HLeUzRnWKfbf5gashz5WI=
-2,28,qqhmr9pqlqzYwIe6mr9CORbg8h0=,zXsXF3HLeUzRnWKfbf5gashz5WI=
-1,28,qqhmr9pqlqzYwIe6mr9CORbg8h0=,zXsXF3HLeUzRnWKfbf5gashz5WI=
-8,29,qqhmr9pqlqzYwIe6mr9CORbg8h0=,zXsXF3HLeUzRnWKfbf5gashz5WI=
-5,29,qqhmr9pqlqzYwIe6mr9CORbg8h0=,zXsXF3HLeUzRnWKfbf5gashz5WI=
-4,29,qqhmr9pqlqzYwIe6mr9CORbg8h0=,zXsXF3HLeUzRnWKfbf5gashz5WI=
-2,29,qqhmr9pqlqzYwIe6mr9CORbg8h0=,zXsXF3HLeUzRnWKfbf5gashz5WI=
-3,29,qqhmr9pqlqzYwIe6mr9CORbg8h0=,zXsXF3HLeUzRnWKfbf5gashz5WI=
-5,30,qqhmr9pqlqzYwIe6mr9CORbg8h0=,zXsXF3HLeUzRnWKfbf5gashz5WI=
-8,27,qqhmr9pqlqzYwIe6mr9CORbg8h0=,zXsXF3HLeUzRnWKfbf5gashz5WI=
-1,29,qqhmr9pqlqzYwIe6mr9CORbg8h0=,zXsXF3HLeUzRnWKfbf5gashz5WI=
-4,30,qqhmr9pqlqzYwIe6mr9CORbg8h0=,zXsXF3HLeUzRnWKfbf5gashz5WI=
-3,30,qqhmr9pqlqzYwIe6mr9CORbg8h0=,zXsXF3HLeUzRnWKfbf5gashz5WI=
-2,30,qqhmr9pqlqzYwIe6mr9CORbg8h0=,zXsXF3HLeUzRnWKfbf5gashz5WI=
-8,23,qqhmr9pqlqzYwIe6mr9CORbg8h0=,KfhK3sg9naWkLagBWvUfMq37TaQ=
-1,30,qqhmr9pqlqzYwIe6mr9CORbg8h0=,zXsXF3HLeUzRnWKfbf5gashz5WI=
-8,31,qqhmr9pqlqzYwIe6mr9CORbg8h0=,zXsXF3HLeUzRnWKfbf5gashz5WI=
-7,31,qqhmr9pqlqzYwIe6mr9CORbg8h0=,zXsXF3HLeUzRnWKfbf5gashz5WI=
-8,26,qqhmr9pqlqzYwIe6mr9CORbg8h0=,zXsXF3HLeUzRnWKfbf5gashz5WI=
-9,17,i6snJ/Z8WHKi6FsLssd4VrsReY4=,PMqa3ZG1/rdtUX/79tcAMAWQMVM=
-10,16,i6snJ/Z8WHKi6FsLssd4VrsReY4=,PMqa3ZG1/rdtUX/79tcAMAWQMVM=
-1,24,qqhmr9pqlqzYwIe6mr9CORbg8h0=,zXsXF3HLeUzRnWKfbf5gashz5WI=
-1,27,qqhmr9pqlqzYwIe6mr9CORbg8h0=,zXsXF3HLeUzRnWKfbf5gashz5WI=
-2,27,qqhmr9pqlqzYwIe6mr9CORbg8h0=,zXsXF3HLeUzRnWKfbf5gashz5WI=
-1,26,qqhmr9pqlqzYwIe6mr9CORbg8h0=,zXsXF3HLeUzRnWKfbf5gashz5WI=
-9,23,i6snJ/Z8WHKi6FsLssd4VrsReY4=,PMqa3ZG1/rdtUX/79tcAMAWQMVM=
-6,18,qqhmr9pqlqzYwIe6mr9CORbg8h0=,KfhK3sg9naWkLagBWvUfMq37TaQ=
-1,23,qqhmr9pqlqzYwIe6mr9CORbg8h0=,KfhK3sg9naWkLagBWvUfMq37TaQ=
-2,26,qqhmr9pqlqzYwIe6mr9CORbg8h0=,zXsXF3HLeUzRnWKfbf5gashz5WI=
-9,20,i6snJ/Z8WHKi6FsLssd4VrsReY4=,PMqa3ZG1/rdtUX/79tcAMAWQMVM=
-6,31,qqhmr9pqlqzYwIe6mr9CORbg8h0=,zXsXF3HLeUzRnWKfbf5gashz5WI=
-7,26,qqhmr9pqlqzYwIe6mr9CORbg8h0=,zXsXF3HLeUzRnWKfbf5gashz5WI=
-6,26,qqhmr9pqlqzYwIe6mr9CORbg8h0=,zXsXF3HLeUzRnWKfbf5gashz5WI=
-5,31,qqhmr9pqlqzYwIe6mr9CORbg8h0=,zXsXF3HLeUzRnWKfbf5gashz5WI=
-5,26,qqhmr9pqlqzYwIe6mr9CORbg8h0=,zXsXF3HLeUzRnWKfbf5gashz5WI=
-4,31,qqhmr9pqlqzYwIe6mr9CORbg8h0=,zXsXF3HLeUzRnWKfbf5gashz5WI=
-3,31,qqhmr9pqlqzYwIe6mr9CORbg8h0=,zXsXF3HLeUzRnWKfbf5gashz5WI=
-2,31,qqhmr9pqlqzYwIe6mr9CORbg8h0=,zXsXF3HLeUzRnWKfbf5gashz5WI=
-1,31,qqhmr9pqlqzYwIe6mr9CORbg8h0=,zXsXF3HLeUzRnWKfbf5gashz5WI=
-1,25,qqhmr9pqlqzYwIe6mr9CORbg8h0=,zXsXF3HLeUzRnWKfbf5gashz5WI=
-6,17,qqhmr9pqlqzYwIe6mr9CORbg8h0=,KfhK3sg9naWkLagBWvUfMq37TaQ=
-2,23,qqhmr9pqlqzYwIe6mr9CORbg8h0=,KfhK3sg9naWkLagBWvUfMq37TaQ=
-9,18,i6snJ/Z8WHKi6FsLssd4VrsReY4=,PMqa3ZG1/rdtUX/79tcAMAWQMVM=
-3,23,qqhmr9pqlqzYwIe6mr9CORbg8h0=,KfhK3sg9naWkLagBWvUfMq37TaQ=
-8,17,qqhmr9pqlqzYwIe6mr9CORbg8h0=,KfhK3sg9naWkLagBWvUfMq37TaQ=
-6,22,qqhmr9pqlqzYwIe6mr9CORbg8h0=,KfhK3sg9naWkLagBWvUfMq37TaQ=
-5,22,qqhmr9pqlqzYwIe6mr9CORbg8h0=,KfhK3sg9naWkLagBWvUfMq37TaQ=
-8,22,qqhmr9pqlqzYwIe6mr9CORbg8h0=,KfhK3sg9naWkLagBWvUfMq37TaQ=
-9,19,i6snJ/Z8WHKi6FsLssd4VrsReY4=,PMqa3ZG1/rdtUX/79tcAMAWQMVM=
-6,23,qqhmr9pqlqzYwIe6mr9CORbg8h0=,KfhK3sg9naWkLagBWvUfMq37TaQ=
-7,19,qqhmr9pqlqzYwIe6mr9CORbg8h0=,KfhK3sg9naWkLagBWvUfMq37TaQ=
-2,24,qqhmr9pqlqzYwIe6mr9CORbg8h0=,zXsXF3HLeUzRnWKfbf5gashz5WI=
-9,16,i6snJ/Z8WHKi6FsLssd4VrsReY4=,PMqa3ZG1/rdtUX/79tcAMAWQMVM=
-8,19,qqhmr9pqlqzYwIe6mr9CORbg8h0=,KfhK3sg9naWkLagBWvUfMq37TaQ=
-7,17,qqhmr9pqlqzYwIe6mr9CORbg8h0=,KfhK3sg9naWkLagBWvUfMq37TaQ=
-7,23,qqhmr9pqlqzYwIe6mr9CORbg8h0=,KfhK3sg9naWkLagBWvUfMq37TaQ=
-8,18,qqhmr9pqlqzYwIe6mr9CORbg8h0=,KfhK3sg9naWkLagBWvUfMq37TaQ=
-7,18,qqhmr9pqlqzYwIe6mr9CORbg8h0=,KfhK3sg9naWkLagBWvUfMq37TaQ=
-7,16,qqhmr9pqlqzYwIe6mr9CORbg8h0=,KfhK3sg9naWkLagBWvUfMq37TaQ=
-4,23,qqhmr9pqlqzYwIe6mr9CORbg8h0=,KfhK3sg9naWkLagBWvUfMq37TaQ=
-7,22,qqhmr9pqlqzYwIe6mr9CORbg8h0=,KfhK3sg9naWkLagBWvUfMq37TaQ=
-8,20,qqhmr9pqlqzYwIe6mr9CORbg8h0=,KfhK3sg9naWkLagBWvUfMq37TaQ=
-8,16,qqhmr9pqlqzYwIe6mr9CORbg8h0=,KfhK3sg9naWkLagBWvUfMq37TaQ=
-6,27,qqhmr9pqlqzYwIe6mr9CORbg8h0=,zXsXF3HLeUzRnWKfbf5gashz5WI=
-7,28,qqhmr9pqlqzYwIe6mr9CORbg8h0=,zXsXF3HLeUzRnWKfbf5gashz5WI=
-3,28,qqhmr9pqlqzYwIe6mr9CORbg8h0=,zXsXF3HLeUzRnWKfbf5gashz5WI=
-8,30,qqhmr9pqlqzYwIe6mr9CORbg8h0=,zXsXF3HLeUzRnWKfbf5gashz5WI=
-5,23,qqhmr9pqlqzYwIe6mr9CORbg8h0=,KfhK3sg9naWkLagBWvUfMq37TaQ=
-7,27,qqhmr9pqlqzYwIe6mr9CORbg8h0=,zXsXF3HLeUzRnWKfbf5gashz5WI=
-8,21,qqhmr9pqlqzYwIe6mr9CORbg8h0=,KfhK3sg9naWkLagBWvUfMq37TaQ=
-4,22,qqhmr9pqlqzYwIe6mr9CORbg8h0=,KfhK3sg9naWkLagBWvUfMq37TaQ=
-7,20,qqhmr9pqlqzYwIe6mr9CORbg8h0=,KfhK3sg9naWkLagBWvUfMq37TaQ=
-4,25,qqhmr9pqlqzYwIe6mr9CORbg8h0=,zXsXF3HLeUzRnWKfbf5gashz5WI=
-4,27,qqhmr9pqlqzYwIe6mr9CORbg8h0=,zXsXF3HLeUzRnWKfbf5gashz5WI=
-7,21,qqhmr9pqlqzYwIe6mr9CORbg8h0=,KfhK3sg9naWkLagBWvUfMq37TaQ=
-6,21,qqhmr9pqlqzYwIe6mr9CORbg8h0=,KfhK3sg9naWkLagBWvUfMq37TaQ=
-5,27,qqhmr9pqlqzYwIe6mr9CORbg8h0=,zXsXF3HLeUzRnWKfbf5gashz5WI=
-5,28,qqhmr9pqlqzYwIe6mr9CORbg8h0=,zXsXF3HLeUzRnWKfbf5gashz5WI=
-4,28,qqhmr9pqlqzYwIe6mr9CORbg8h0=,zXsXF3HLeUzRnWKfbf5gashz5WI=
-6,30,qqhmr9pqlqzYwIe6mr9CORbg8h0=,zXsXF3HLeUzRnWKfbf5gashz5WI=
-3,27,qqhmr9pqlqzYwIe6mr9CORbg8h0=,zXsXF3HLeUzRnWKfbf5gashz5WI=
-7,29,qqhmr9pqlqzYwIe6mr9CORbg8h0=,zXsXF3HLeUzRnWKfbf5gashz5WI=
-7,30,qqhmr9pqlqzYwIe6mr9CORbg8h0=,zXsXF3HLeUzRnWKfbf5gashz5WI=
-2,25,qqhmr9pqlqzYwIe6mr9CORbg8h0=,zXsXF3HLeUzRnWKfbf5gashz5WI=
-7,24,qqhmr9pqlqzYwIe6mr9CORbg8h0=,zXsXF3HLeUzRnWKfbf5gashz5WI=
-3,25,qqhmr9pqlqzYwIe6mr9CORbg8h0=,zXsXF3HLeUzRnWKfbf5gashz5WI=
-3,26,qqhmr9pqlqzYwIe6mr9CORbg8h0=,zXsXF3HLeUzRnWKfbf5gashz5WI=
-5,24,qqhmr9pqlqzYwIe6mr9CORbg8h0=,zXsXF3HLeUzRnWKfbf5gashz5WI=
-6,24,qqhmr9pqlqzYwIe6mr9CORbg8h0=,zXsXF3HLeUzRnWKfbf5gashz5WI=
-3,24,qqhmr9pqlqzYwIe6mr9CORbg8h0=,zXsXF3HLeUzRnWKfbf5gashz5WI=
-6,29,qqhmr9pqlqzYwIe6mr9CORbg8h0=,zXsXF3HLeUzRnWKfbf5gashz5WI=
-6,28,qqhmr9pqlqzYwIe6mr9CORbg8h0=,zXsXF3HLeUzRnWKfbf5gashz5WI=
-4,26,qqhmr9pqlqzYwIe6mr9CORbg8h0=,zXsXF3HLeUzRnWKfbf5gashz5WI=
-4,24,qqhmr9pqlqzYwIe6mr9CORbg8h0=,zXsXF3HLeUzRnWKfbf5gashz5WI=
-12,14,qxLo2+e2K+kCz80wqLnrgSLN7E4=,0OrGsKOOZBHX+i7MsxlfOR31nGA=
-11,11,qxLo2+e2K+kCz80wqLnrgSLN7E4=,0OrGsKOOZBHX+i7MsxlfOR31nGA=
-10,11,qxLo2+e2K+kCz80wqLnrgSLN7E4=,0OrGsKOOZBHX+i7MsxlfOR31nGA=
-10,10,i6snJ/Z8WHKi6FsLssd4VrsReY4=,0OrGsKOOZBHX+i7MsxlfOR31nGA=
-11,10,i6snJ/Z8WHKi6FsLssd4VrsReY4=,0OrGsKOOZBHX+i7MsxlfOR31nGA=
-12,10,qxLo2+e2K+kCz80wqLnrgSLN7E4=,0OrGsKOOZBHX+i7MsxlfOR31nGA=
-10,9,qxLo2+e2K+kCz80wqLnrgSLN7E4=,0OrGsKOOZBHX+i7MsxlfOR31nGA=
-11,9,qxLo2+e2K+kCz80wqLnrgSLN7E4=,0OrGsKOOZBHX+i7MsxlfOR31nGA=
-13,9,qxLo2+e2K+kCz80wqLnrgSLN7E4=,0OrGsKOOZBHX+i7MsxlfOR31nGA=
-12,9,i6snJ/Z8WHKi6FsLssd4VrsReY4=,0OrGsKOOZBHX+i7MsxlfOR31nGA=
-14,9,qxLo2+e2K+kCz80wqLnrgSLN7E4=,0OrGsKOOZBHX+i7MsxlfOR31nGA=
-15,12,qxLo2+e2K+kCz80wqLnrgSLN7E4=,0OrGsKOOZBHX+i7MsxlfOR31nGA=
-15,13,qxLo2+e2K+kCz80wqLnrgSLN7E4=,0OrGsKOOZBHX+i7MsxlfOR31nGA=
-14,13,qxLo2+e2K+kCz80wqLnrgSLN7E4=,0OrGsKOOZBHX+i7MsxlfOR31nGA=
-15,14,qxLo2+e2K+kCz80wqLnrgSLN7E4=,0OrGsKOOZBHX+i7MsxlfOR31nGA=
-14,14,qxLo2+e2K+kCz80wqLnrgSLN7E4=,0OrGsKOOZBHX+i7MsxlfOR31nGA=
-13,14,qxLo2+e2K+kCz80wqLnrgSLN7E4=,0OrGsKOOZBHX+i7MsxlfOR31nGA=
-9,11,qxLo2+e2K+kCz80wqLnrgSLN7E4=,0OrGsKOOZBHX+i7MsxlfOR31nGA=
-9,13,qxLo2+e2K+kCz80wqLnrgSLN7E4=,0OrGsKOOZBHX+i7MsxlfOR31nGA=
-9,12,qxLo2+e2K+kCz80wqLnrgSLN7E4=,0OrGsKOOZBHX+i7MsxlfOR31nGA=
-9,10,qxLo2+e2K+kCz80wqLnrgSLN7E4=,0OrGsKOOZBHX+i7MsxlfOR31nGA=
-9,9,qxLo2+e2K+kCz80wqLnrgSLN7E4=,0OrGsKOOZBHX+i7MsxlfOR31nGA=
-15,8,qxLo2+e2K+kCz80wqLnrgSLN7E4=,0OrGsKOOZBHX+i7MsxlfOR31nGA=
-14,8,qxLo2+e2K+kCz80wqLnrgSLN7E4=,0OrGsKOOZBHX+i7MsxlfOR31nGA=
-13,8,qxLo2+e2K+kCz80wqLnrgSLN7E4=,0OrGsKOOZBHX+i7MsxlfOR31nGA=
-12,8,qxLo2+e2K+kCz80wqLnrgSLN7E4=,0OrGsKOOZBHX+i7MsxlfOR31nGA=
-11,8,i6snJ/Z8WHKi6FsLssd4VrsReY4=,0OrGsKOOZBHX+i7MsxlfOR31nGA=
-10,8,qxLo2+e2K+kCz80wqLnrgSLN7E4=,0OrGsKOOZBHX+i7MsxlfOR31nGA=
-15,15,qxLo2+e2K+kCz80wqLnrgSLN7E4=,0OrGsKOOZBHX+i7MsxlfOR31nGA=
-14,15,qxLo2+e2K+kCz80wqLnrgSLN7E4=,0OrGsKOOZBHX+i7MsxlfOR31nGA=
-13,15,qxLo2+e2K+kCz80wqLnrgSLN7E4=,0OrGsKOOZBHX+i7MsxlfOR31nGA=
-12,15,qxLo2+e2K+kCz80wqLnrgSLN7E4=,0OrGsKOOZBHX+i7MsxlfOR31nGA=
-11,15,qxLo2+e2K+kCz80wqLnrgSLN7E4=,0OrGsKOOZBHX+i7MsxlfOR31nGA=
-10,12,qxLo2+e2K+kCz80wqLnrgSLN7E4=,0OrGsKOOZBHX+i7MsxlfOR31nGA=
-16,8,qxLo2+e2K+kCz80wqLnrgSLN7E4=,0OrGsKOOZBHX+i7MsxlfOR31nGA=
-9,14,qxLo2+e2K+kCz80wqLnrgSLN7E4=,0OrGsKOOZBHX+i7MsxlfOR31nGA=
-9,15,qxLo2+e2K+kCz80wqLnrgSLN7E4=,0OrGsKOOZBHX+i7MsxlfOR31nGA=
-16,12,qxLo2+e2K+kCz80wqLnrgSLN7E4=,0OrGsKOOZBHX+i7MsxlfOR31nGA=
-16,13,qxLo2+e2K+kCz80wqLnrgSLN7E4=,0OrGsKOOZBHX+i7MsxlfOR31nGA=
-16,14,qxLo2+e2K+kCz80wqLnrgSLN7E4=,0OrGsKOOZBHX+i7MsxlfOR31nGA=
-16,15,qxLo2+e2K+kCz80wqLnrgSLN7E4=,0OrGsKOOZBHX+i7MsxlfOR31nGA=
-11,12,qxLo2+e2K+kCz80wqLnrgSLN7E4=,0OrGsKOOZBHX+i7MsxlfOR31nGA=
-16,11,qxLo2+e2K+kCz80wqLnrgSLN7E4=,0OrGsKOOZBHX+i7MsxlfOR31nGA=
-13,13,qxLo2+e2K+kCz80wqLnrgSLN7E4=,0OrGsKOOZBHX+i7MsxlfOR31nGA=
-13,10,qxLo2+e2K+kCz80wqLnrgSLN7E4=,0OrGsKOOZBHX+i7MsxlfOR31nGA=
-10,15,qxLo2+e2K+kCz80wqLnrgSLN7E4=,0OrGsKOOZBHX+i7MsxlfOR31nGA=
-10,14,qxLo2+e2K+kCz80wqLnrgSLN7E4=,0OrGsKOOZBHX+i7MsxlfOR31nGA=
-11,14,qxLo2+e2K+kCz80wqLnrgSLN7E4=,0OrGsKOOZBHX+i7MsxlfOR31nGA=
-14,12,qxLo2+e2K+kCz80wqLnrgSLN7E4=,0OrGsKOOZBHX+i7MsxlfOR31nGA=
-12,13,qxLo2+e2K+kCz80wqLnrgSLN7E4=,0OrGsKOOZBHX+i7MsxlfOR31nGA=
-12,12,qxLo2+e2K+kCz80wqLnrgSLN7E4=,0OrGsKOOZBHX+i7MsxlfOR31nGA=
-16,9,qxLo2+e2K+kCz80wqLnrgSLN7E4=,0OrGsKOOZBHX+i7MsxlfOR31nGA=
-14,11,qxLo2+e2K+kCz80wqLnrgSLN7E4=,0OrGsKOOZBHX+i7MsxlfOR31nGA=
-15,9,qxLo2+e2K+kCz80wqLnrgSLN7E4=,0OrGsKOOZBHX+i7MsxlfOR31nGA=
-13,11,qxLo2+e2K+kCz80wqLnrgSLN7E4=,0OrGsKOOZBHX+i7MsxlfOR31nGA=
-16,10,qxLo2+e2K+kCz80wqLnrgSLN7E4=,0OrGsKOOZBHX+i7MsxlfOR31nGA=
-10,13,qxLo2+e2K+kCz80wqLnrgSLN7E4=,0OrGsKOOZBHX+i7MsxlfOR31nGA=
-11,13,qxLo2+e2K+kCz80wqLnrgSLN7E4=,0OrGsKOOZBHX+i7MsxlfOR31nGA=
-14,10,qxLo2+e2K+kCz80wqLnrgSLN7E4=,0OrGsKOOZBHX+i7MsxlfOR31nGA=
-15,11,qxLo2+e2K+kCz80wqLnrgSLN7E4=,0OrGsKOOZBHX+i7MsxlfOR31nGA=
-15,10,qxLo2+e2K+kCz80wqLnrgSLN7E4=,0OrGsKOOZBHX+i7MsxlfOR31nGA=
-13,12,qxLo2+e2K+kCz80wqLnrgSLN7E4=,0OrGsKOOZBHX+i7MsxlfOR31nGA=
-9,8,i6snJ/Z8WHKi6FsLssd4VrsReY4=,0OrGsKOOZBHX+i7MsxlfOR31nGA=
-12,11,qxLo2+e2K+kCz80wqLnrgSLN7E4=,0OrGsKOOZBHX+i7MsxlfOR31nGA=
-21,14,ykkgQUn4z6NXnw7tW8w4UxhlwG8=,Gq4N1yrJGRSnMttSeirlEWwjKW4=
-18,9,ykkgQUn4z6NXnw7tW8w4UxhlwG8=,Gq4N1yrJGRSnMttSeirlEWwjKW4=
-20,14,ykkgQUn4z6NXnw7tW8w4UxhlwG8=,Gq4N1yrJGRSnMttSeirlEWwjKW4=
-21,13,ykkgQUn4z6NXnw7tW8w4UxhlwG8=,Gq4N1yrJGRSnMttSeirlEWwjKW4=
-22,14,ykkgQUn4z6NXnw7tW8w4UxhlwG8=,Gq4N1yrJGRSnMttSeirlEWwjKW4=
-18,10,ykkgQUn4z6NXnw7tW8w4UxhlwG8=,Gq4N1yrJGRSnMttSeirlEWwjKW4=
-23,12,ykkgQUn4z6NXnw7tW8w4UxhlwG8=,Gq4N1yrJGRSnMttSeirlEWwjKW4=
-19,10,ykkgQUn4z6NXnw7tW8w4UxhlwG8=,Gq4N1yrJGRSnMttSeirlEWwjKW4=
-23,14,ykkgQUn4z6NXnw7tW8w4UxhlwG8=,Gq4N1yrJGRSnMttSeirlEWwjKW4=
-23,13,ykkgQUn4z6NXnw7tW8w4UxhlwG8=,Gq4N1yrJGRSnMttSeirlEWwjKW4=
-18,12,ykkgQUn4z6NXnw7tW8w4UxhlwG8=,Gq4N1yrJGRSnMttSeirlEWwjKW4=
-19,12,ykkgQUn4z6NXnw7tW8w4UxhlwG8=,Gq4N1yrJGRSnMttSeirlEWwjKW4=
-20,12,ykkgQUn4z6NXnw7tW8w4UxhlwG8=,Gq4N1yrJGRSnMttSeirlEWwjKW4=
-19,9,ykkgQUn4z6NXnw7tW8w4UxhlwG8=,Gq4N1yrJGRSnMttSeirlEWwjKW4=
-20,10,ykkgQUn4z6NXnw7tW8w4UxhlwG8=,Gq4N1yrJGRSnMttSeirlEWwjKW4=
-22,13,ykkgQUn4z6NXnw7tW8w4UxhlwG8=,Gq4N1yrJGRSnMttSeirlEWwjKW4=
-18,11,ykkgQUn4z6NXnw7tW8w4UxhlwG8=,Gq4N1yrJGRSnMttSeirlEWwjKW4=
-21,10,Pejs9N8waBL+Lh/3rFniuz34JWM=,Gq4N1yrJGRSnMttSeirlEWwjKW4=
-18,13,ykkgQUn4z6NXnw7tW8w4UxhlwG8=,Gq4N1yrJGRSnMttSeirlEWwjKW4=
-20,9,ykkgQUn4z6NXnw7tW8w4UxhlwG8=,Gq4N1yrJGRSnMttSeirlEWwjKW4=
-19,11,ykkgQUn4z6NXnw7tW8w4UxhlwG8=,Gq4N1yrJGRSnMttSeirlEWwjKW4=
-21,9,ykkgQUn4z6NXnw7tW8w4UxhlwG8=,Gq4N1yrJGRSnMttSeirlEWwjKW4=
-22,10,Pejs9N8waBL+Lh/3rFniuz34JWM=,Gq4N1yrJGRSnMttSeirlEWwjKW4=
-19,13,Pejs9N8waBL+Lh/3rFniuz34JWM=,Gq4N1yrJGRSnMttSeirlEWwjKW4=
-22,9,Pejs9N8waBL+Lh/3rFniuz34JWM=,Gq4N1yrJGRSnMttSeirlEWwjKW4=
-20,11,ykkgQUn4z6NXnw7tW8w4UxhlwG8=,Gq4N1yrJGRSnMttSeirlEWwjKW4=
-23,10,Pejs9N8waBL+Lh/3rFniuz34JWM=,Gq4N1yrJGRSnMttSeirlEWwjKW4=
-21,11,Pejs9N8waBL+Lh/3rFniuz34JWM=,Gq4N1yrJGRSnMttSeirlEWwjKW4=
-21,12,ykkgQUn4z6NXnw7tW8w4UxhlwG8=,Gq4N1yrJGRSnMttSeirlEWwjKW4=
-23,9,Pejs9N8waBL+Lh/3rFniuz34JWM=,Gq4N1yrJGRSnMttSeirlEWwjKW4=
-18,14,Pejs9N8waBL+Lh/3rFniuz34JWM=,Gq4N1yrJGRSnMttSeirlEWwjKW4=
-22,11,Pejs9N8waBL+Lh/3rFniuz34JWM=,Gq4N1yrJGRSnMttSeirlEWwjKW4=
-20,13,ykkgQUn4z6NXnw7tW8w4UxhlwG8=,Gq4N1yrJGRSnMttSeirlEWwjKW4=
-19,14,Pejs9N8waBL+Lh/3rFniuz34JWM=,Gq4N1yrJGRSnMttSeirlEWwjKW4=
-22,12,ykkgQUn4z6NXnw7tW8w4UxhlwG8=,Gq4N1yrJGRSnMttSeirlEWwjKW4=
-23,11,Pejs9N8waBL+Lh/3rFniuz34JWM=,Gq4N1yrJGRSnMttSeirlEWwjKW4=
-24,11,Pejs9N8waBL+Lh/3rFniuz34JWM=,Gq4N1yrJGRSnMttSeirlEWwjKW4=
-24,9,Pejs9N8waBL+Lh/3rFniuz34JWM=,Gq4N1yrJGRSnMttSeirlEWwjKW4=
-24,10,Pejs9N8waBL+Lh/3rFniuz34JWM=,Gq4N1yrJGRSnMttSeirlEWwjKW4=
-24,13,ykkgQUn4z6NXnw7tW8w4UxhlwG8=,Gq4N1yrJGRSnMttSeirlEWwjKW4=
-24,14,ykkgQUn4z6NXnw7tW8w4UxhlwG8=,Gq4N1yrJGRSnMttSeirlEWwjKW4=
-24,12,ykkgQUn4z6NXnw7tW8w4UxhlwG8=,Gq4N1yrJGRSnMttSeirlEWwjKW4=
-23,15,ykkgQUn4z6NXnw7tW8w4UxhlwG8=,Gq4N1yrJGRSnMttSeirlEWwjKW4=
-22,15,ykkgQUn4z6NXnw7tW8w4UxhlwG8=,Gq4N1yrJGRSnMttSeirlEWwjKW4=
-21,15,ykkgQUn4z6NXnw7tW8w4UxhlwG8=,Gq4N1yrJGRSnMttSeirlEWwjKW4=
-20,15,ykkgQUn4z6NXnw7tW8w4UxhlwG8=,Gq4N1yrJGRSnMttSeirlEWwjKW4=
-19,15,ykkgQUn4z6NXnw7tW8w4UxhlwG8=,Gq4N1yrJGRSnMttSeirlEWwjKW4=
-18,15,ykkgQUn4z6NXnw7tW8w4UxhlwG8=,Gq4N1yrJGRSnMttSeirlEWwjKW4=
-17,15,ykkgQUn4z6NXnw7tW8w4UxhlwG8=,Gq4N1yrJGRSnMttSeirlEWwjKW4=
-17,14,ykkgQUn4z6NXnw7tW8w4UxhlwG8=,Gq4N1yrJGRSnMttSeirlEWwjKW4=
-17,12,ykkgQUn4z6NXnw7tW8w4UxhlwG8=,Gq4N1yrJGRSnMttSeirlEWwjKW4=
-24,15,ykkgQUn4z6NXnw7tW8w4UxhlwG8=,Gq4N1yrJGRSnMttSeirlEWwjKW4=
-17,13,ykkgQUn4z6NXnw7tW8w4UxhlwG8=,Gq4N1yrJGRSnMttSeirlEWwjKW4=
-17,11,ykkgQUn4z6NXnw7tW8w4UxhlwG8=,Gq4N1yrJGRSnMttSeirlEWwjKW4=
-19,8,ykkgQUn4z6NXnw7tW8w4UxhlwG8=,Gq4N1yrJGRSnMttSeirlEWwjKW4=
-22,8,Pejs9N8waBL+Lh/3rFniuz34JWM=,Gq4N1yrJGRSnMttSeirlEWwjKW4=
-24,5,dL4mTY5gUjhn164Hzzjo1DnGuLs=,P7N3yRR7DQqrnTupp0LzweUW/bY=
-20,8,ykkgQUn4z6NXnw7tW8w4UxhlwG8=,Gq4N1yrJGRSnMttSeirlEWwjKW4=
-21,8,Pejs9N8waBL+Lh/3rFniuz34JWM=,Gq4N1yrJGRSnMttSeirlEWwjKW4=
-23,5,dL4mTY5gUjhn164Hzzjo1DnGuLs=,P7N3yRR7DQqrnTupp0LzweUW/bY=
-20,4,dL4mTY5gUjhn164Hzzjo1DnGuLs=,P7N3yRR7DQqrnTupp0LzweUW/bY=
-22,5,dL4mTY5gUjhn164Hzzjo1DnGuLs=,P7N3yRR7DQqrnTupp0LzweUW/bY=
-21,4,dL4mTY5gUjhn164Hzzjo1DnGuLs=,P7N3yRR7DQqrnTupp0LzweUW/bY=
-21,5,dL4mTY5gUjhn164Hzzjo1DnGuLs=,P7N3yRR7DQqrnTupp0LzweUW/bY=
-24,8,Pejs9N8waBL+Lh/3rFniuz34JWM=,Gq4N1yrJGRSnMttSeirlEWwjKW4=
-22,4,dL4mTY5gUjhn164Hzzjo1DnGuLs=,P7N3yRR7DQqrnTupp0LzweUW/bY=
-20,5,dL4mTY5gUjhn164Hzzjo1DnGuLs=,P7N3yRR7DQqrnTupp0LzweUW/bY=
-23,4,dL4mTY5gUjhn164Hzzjo1DnGuLs=,P7N3yRR7DQqrnTupp0LzweUW/bY=
-24,4,dL4mTY5gUjhn164Hzzjo1DnGuLs=,P7N3yRR7DQqrnTupp0LzweUW/bY=
-24,0,dL4mTY5gUjhn164Hzzjo1DnGuLs=,P7N3yRR7DQqrnTupp0LzweUW/bY=
-23,0,dL4mTY5gUjhn164Hzzjo1DnGuLs=,P7N3yRR7DQqrnTupp0LzweUW/bY=
-22,0,dL4mTY5gUjhn164Hzzjo1DnGuLs=,P7N3yRR7DQqrnTupp0LzweUW/bY=
-19,3,dL4mTY5gUjhn164Hzzjo1DnGuLs=,P7N3yRR7DQqrnTupp0LzweUW/bY=
-20,3,dL4mTY5gUjhn164Hzzjo1DnGuLs=,P7N3yRR7DQqrnTupp0LzweUW/bY=
-21,0,dL4mTY5gUjhn164Hzzjo1DnGuLs=,P7N3yRR7DQqrnTupp0LzweUW/bY=
-20,0,dL4mTY5gUjhn164Hzzjo1DnGuLs=,P7N3yRR7DQqrnTupp0LzweUW/bY=
-24,6,dL4mTY5gUjhn164Hzzjo1DnGuLs=,P7N3yRR7DQqrnTupp0LzweUW/bY=
-23,6,dL4mTY5gUjhn164Hzzjo1DnGuLs=,P7N3yRR7DQqrnTupp0LzweUW/bY=
-23,8,Pejs9N8waBL+Lh/3rFniuz34JWM=,Gq4N1yrJGRSnMttSeirlEWwjKW4=
-21,3,dL4mTY5gUjhn164Hzzjo1DnGuLs=,P7N3yRR7DQqrnTupp0LzweUW/bY=
-19,0,dL4mTY5gUjhn164Hzzjo1DnGuLs=,P7N3yRR7DQqrnTupp0LzweUW/bY=
-22,6,dL4mTY5gUjhn164Hzzjo1DnGuLs=,P7N3yRR7DQqrnTupp0LzweUW/bY=
-22,3,dL4mTY5gUjhn164Hzzjo1DnGuLs=,P7N3yRR7DQqrnTupp0LzweUW/bY=
-21,6,dL4mTY5gUjhn164Hzzjo1DnGuLs=,P7N3yRR7DQqrnTupp0LzweUW/bY=
-20,6,dL4mTY5gUjhn164Hzzjo1DnGuLs=,P7N3yRR7DQqrnTupp0LzweUW/bY=
-23,3,dL4mTY5gUjhn164Hzzjo1DnGuLs=,P7N3yRR7DQqrnTupp0LzweUW/bY=
-24,3,dL4mTY5gUjhn164Hzzjo1DnGuLs=,P7N3yRR7DQqrnTupp0LzweUW/bY=
-19,6,dL4mTY5gUjhn164Hzzjo1DnGuLs=,P7N3yRR7DQqrnTupp0LzweUW/bY=
-17,10,ykkgQUn4z6NXnw7tW8w4UxhlwG8=,Gq4N1yrJGRSnMttSeirlEWwjKW4=
-18,8,ykkgQUn4z6NXnw7tW8w4UxhlwG8=,Gq4N1yrJGRSnMttSeirlEWwjKW4=
-19,2,dL4mTY5gUjhn164Hzzjo1DnGuLs=,P7N3yRR7DQqrnTupp0LzweUW/bY=
-20,2,dL4mTY5gUjhn164Hzzjo1DnGuLs=,P7N3yRR7DQqrnTupp0LzweUW/bY=
-19,4,dL4mTY5gUjhn164Hzzjo1DnGuLs=,P7N3yRR7DQqrnTupp0LzweUW/bY=
-21,2,dL4mTY5gUjhn164Hzzjo1DnGuLs=,P7N3yRR7DQqrnTupp0LzweUW/bY=
-22,2,dL4mTY5gUjhn164Hzzjo1DnGuLs=,P7N3yRR7DQqrnTupp0LzweUW/bY=
-20,7,dL4mTY5gUjhn164Hzzjo1DnGuLs=,P7N3yRR7DQqrnTupp0LzweUW/bY=
-19,7,dL4mTY5gUjhn164Hzzjo1DnGuLs=,P7N3yRR7DQqrnTupp0LzweUW/bY=
-23,2,dL4mTY5gUjhn164Hzzjo1DnGuLs=,P7N3yRR7DQqrnTupp0LzweUW/bY=
-24,2,dL4mTY5gUjhn164Hzzjo1DnGuLs=,P7N3yRR7DQqrnTupp0LzweUW/bY=
-18,0,dL4mTY5gUjhn164Hzzjo1DnGuLs=,P7N3yRR7DQqrnTupp0LzweUW/bY=
-21,7,dL4mTY5gUjhn164Hzzjo1DnGuLs=,P7N3yRR7DQqrnTupp0LzweUW/bY=
-17,0,dL4mTY5gUjhn164Hzzjo1DnGuLs=,P7N3yRR7DQqrnTupp0LzweUW/bY=
-22,7,dL4mTY5gUjhn164Hzzjo1DnGuLs=,P7N3yRR7DQqrnTupp0LzweUW/bY=
-19,1,dL4mTY5gUjhn164Hzzjo1DnGuLs=,P7N3yRR7DQqrnTupp0LzweUW/bY=
-20,1,dL4mTY5gUjhn164Hzzjo1DnGuLs=,P7N3yRR7DQqrnTupp0LzweUW/bY=
-21,1,dL4mTY5gUjhn164Hzzjo1DnGuLs=,P7N3yRR7DQqrnTupp0LzweUW/bY=
-17,3,dL4mTY5gUjhn164Hzzjo1DnGuLs=,P7N3yRR7DQqrnTupp0LzweUW/bY=
-23,1,dL4mTY5gUjhn164Hzzjo1DnGuLs=,P7N3yRR7DQqrnTupp0LzweUW/bY=
-23,7,dL4mTY5gUjhn164Hzzjo1DnGuLs=,P7N3yRR7DQqrnTupp0LzweUW/bY=
-22,1,dL4mTY5gUjhn164Hzzjo1DnGuLs=,P7N3yRR7DQqrnTupp0LzweUW/bY=
-17,4,dL4mTY5gUjhn164Hzzjo1DnGuLs=,P7N3yRR7DQqrnTupp0LzweUW/bY=
-24,1,dL4mTY5gUjhn164Hzzjo1DnGuLs=,P7N3yRR7DQqrnTupp0LzweUW/bY=
-24,7,dL4mTY5gUjhn164Hzzjo1DnGuLs=,P7N3yRR7DQqrnTupp0LzweUW/bY=
-18,1,dL4mTY5gUjhn164Hzzjo1DnGuLs=,P7N3yRR7DQqrnTupp0LzweUW/bY=
-17,2,dL4mTY5gUjhn164Hzzjo1DnGuLs=,P7N3yRR7DQqrnTupp0LzweUW/bY=
-18,2,dL4mTY5gUjhn164Hzzjo1DnGuLs=,P7N3yRR7DQqrnTupp0LzweUW/bY=
-19,5,dL4mTY5gUjhn164Hzzjo1DnGuLs=,P7N3yRR7DQqrnTupp0LzweUW/bY=
-18,7,dL4mTY5gUjhn164Hzzjo1DnGuLs=,P7N3yRR7DQqrnTupp0LzweUW/bY=
-18,4,dL4mTY5gUjhn164Hzzjo1DnGuLs=,P7N3yRR7DQqrnTupp0LzweUW/bY=
-17,9,ykkgQUn4z6NXnw7tW8w4UxhlwG8=,Gq4N1yrJGRSnMttSeirlEWwjKW4=
-17,5,dL4mTY5gUjhn164Hzzjo1DnGuLs=,P7N3yRR7DQqrnTupp0LzweUW/bY=
-18,3,dL4mTY5gUjhn164Hzzjo1DnGuLs=,P7N3yRR7DQqrnTupp0LzweUW/bY=
-18,6,dL4mTY5gUjhn164Hzzjo1DnGuLs=,P7N3yRR7DQqrnTupp0LzweUW/bY=
-18,5,dL4mTY5gUjhn164Hzzjo1DnGuLs=,P7N3yRR7DQqrnTupp0LzweUW/bY=
-17,6,dL4mTY5gUjhn164Hzzjo1DnGuLs=,P7N3yRR7DQqrnTupp0LzweUW/bY=
-17,8,ykkgQUn4z6NXnw7tW8w4UxhlwG8=,Gq4N1yrJGRSnMttSeirlEWwjKW4=
-17,7,dL4mTY5gUjhn164Hzzjo1DnGuLs=,P7N3yRR7DQqrnTupp0LzweUW/bY=
-17,1,dL4mTY5gUjhn164Hzzjo1DnGuLs=,P7N3yRR7DQqrnTupp0LzweUW/bY=
-32,17,i74M7M/Y2sU40SLiIfJtPculmOQ=,KSGECBjSSPreN+rzS6uflTfLd9E=
-31,17,i74M7M/Y2sU40SLiIfJtPculmOQ=,KSGECBjSSPreN+rzS6uflTfLd9E=
-32,21,i74M7M/Y2sU40SLiIfJtPculmOQ=,KSGECBjSSPreN+rzS6uflTfLd9E=
-31,21,i74M7M/Y2sU40SLiIfJtPculmOQ=,KSGECBjSSPreN+rzS6uflTfLd9E=
-30,21,i74M7M/Y2sU40SLiIfJtPculmOQ=,KSGECBjSSPreN+rzS6uflTfLd9E=
-29,21,i74M7M/Y2sU40SLiIfJtPculmOQ=,KSGECBjSSPreN+rzS6uflTfLd9E=
-32,19,i74M7M/Y2sU40SLiIfJtPculmOQ=,KSGECBjSSPreN+rzS6uflTfLd9E=
-30,17,i74M7M/Y2sU40SLiIfJtPculmOQ=,KSGECBjSSPreN+rzS6uflTfLd9E=
-27,16,i74M7M/Y2sU40SLiIfJtPculmOQ=,KSGECBjSSPreN+rzS6uflTfLd9E=
-26,18,i74M7M/Y2sU40SLiIfJtPculmOQ=,KSGECBjSSPreN+rzS6uflTfLd9E=
-29,16,i74M7M/Y2sU40SLiIfJtPculmOQ=,KSGECBjSSPreN+rzS6uflTfLd9E=
-27,20,i74M7M/Y2sU40SLiIfJtPculmOQ=,KSGECBjSSPreN+rzS6uflTfLd9E=
-28,20,i74M7M/Y2sU40SLiIfJtPculmOQ=,KSGECBjSSPreN+rzS6uflTfLd9E=
-29,20,i74M7M/Y2sU40SLiIfJtPculmOQ=,KSGECBjSSPreN+rzS6uflTfLd9E=
-28,16,i74M7M/Y2sU40SLiIfJtPculmOQ=,KSGECBjSSPreN+rzS6uflTfLd9E=
-26,19,i74M7M/Y2sU40SLiIfJtPculmOQ=,KSGECBjSSPreN+rzS6uflTfLd9E=
-26,17,i74M7M/Y2sU40SLiIfJtPculmOQ=,KSGECBjSSPreN+rzS6uflTfLd9E=
-31,16,i74M7M/Y2sU40SLiIfJtPculmOQ=,KSGECBjSSPreN+rzS6uflTfLd9E=
-30,20,i74M7M/Y2sU40SLiIfJtPculmOQ=,KSGECBjSSPreN+rzS6uflTfLd9E=
-27,19,i74M7M/Y2sU40SLiIfJtPculmOQ=,KSGECBjSSPreN+rzS6uflTfLd9E=
-26,16,i74M7M/Y2sU40SLiIfJtPculmOQ=,KSGECBjSSPreN+rzS6uflTfLd9E=
-27,18,i74M7M/Y2sU40SLiIfJtPculmOQ=,KSGECBjSSPreN+rzS6uflTfLd9E=
-28,18,i74M7M/Y2sU40SLiIfJtPculmOQ=,KSGECBjSSPreN+rzS6uflTfLd9E=
-28,19,i74M7M/Y2sU40SLiIfJtPculmOQ=,KSGECBjSSPreN+rzS6uflTfLd9E=
-29,18,i74M7M/Y2sU40SLiIfJtPculmOQ=,KSGECBjSSPreN+rzS6uflTfLd9E=
-30,18,i74M7M/Y2sU40SLiIfJtPculmOQ=,KSGECBjSSPreN+rzS6uflTfLd9E=
-31,18,i74M7M/Y2sU40SLiIfJtPculmOQ=,KSGECBjSSPreN+rzS6uflTfLd9E=
-32,18,i74M7M/Y2sU40SLiIfJtPculmOQ=,KSGECBjSSPreN+rzS6uflTfLd9E=
-30,16,i74M7M/Y2sU40SLiIfJtPculmOQ=,KSGECBjSSPreN+rzS6uflTfLd9E=
-31,20,i74M7M/Y2sU40SLiIfJtPculmOQ=,KSGECBjSSPreN+rzS6uflTfLd9E=
-27,17,i74M7M/Y2sU40SLiIfJtPculmOQ=,KSGECBjSSPreN+rzS6uflTfLd9E=
-29,22,i74M7M/Y2sU40SLiIfJtPculmOQ=,KSGECBjSSPreN+rzS6uflTfLd9E=
-30,22,i74M7M/Y2sU40SLiIfJtPculmOQ=,KSGECBjSSPreN+rzS6uflTfLd9E=
-29,19,i74M7M/Y2sU40SLiIfJtPculmOQ=,KSGECBjSSPreN+rzS6uflTfLd9E=
-30,19,i74M7M/Y2sU40SLiIfJtPculmOQ=,KSGECBjSSPreN+rzS6uflTfLd9E=
-32,20,i74M7M/Y2sU40SLiIfJtPculmOQ=,KSGECBjSSPreN+rzS6uflTfLd9E=
-31,22,i74M7M/Y2sU40SLiIfJtPculmOQ=,KSGECBjSSPreN+rzS6uflTfLd9E=
-31,19,i74M7M/Y2sU40SLiIfJtPculmOQ=,KSGECBjSSPreN+rzS6uflTfLd9E=
-28,17,i74M7M/Y2sU40SLiIfJtPculmOQ=,KSGECBjSSPreN+rzS6uflTfLd9E=
-32,22,i74M7M/Y2sU40SLiIfJtPculmOQ=,KSGECBjSSPreN+rzS6uflTfLd9E=
-29,17,i74M7M/Y2sU40SLiIfJtPculmOQ=,KSGECBjSSPreN+rzS6uflTfLd9E=
-32,16,i74M7M/Y2sU40SLiIfJtPculmOQ=,KSGECBjSSPreN+rzS6uflTfLd9E=
-25,31,V/mb1dzyXIcKRiMruSL7OCgP4LA=,p8qwVcfPKtThQMG6l8D+/bM7vCA=
-25,25,V/mb1dzyXIcKRiMruSL7OCgP4LA=,p8qwVcfPKtThQMG6l8D+/bM7vCA=
-26,31,V/mb1dzyXIcKRiMruSL7OCgP4LA=,p8qwVcfPKtThQMG6l8D+/bM7vCA=
-28,31,V/mb1dzyXIcKRiMruSL7OCgP4LA=,p8qwVcfPKtThQMG6l8D+/bM7vCA=
-26,25,V/mb1dzyXIcKRiMruSL7OCgP4LA=,p8qwVcfPKtThQMG6l8D+/bM7vCA=
-27,25,V/mb1dzyXIcKRiMruSL7OCgP4LA=,p8qwVcfPKtThQMG6l8D+/bM7vCA=
-27,31,V/mb1dzyXIcKRiMruSL7OCgP4LA=,p8qwVcfPKtThQMG6l8D+/bM7vCA=
-28,25,V/mb1dzyXIcKRiMruSL7OCgP4LA=,p8qwVcfPKtThQMG6l8D+/bM7vCA=
-27,24,V/mb1dzyXIcKRiMruSL7OCgP4LA=,p8qwVcfPKtThQMG6l8D+/bM7vCA=
-29,31,V/mb1dzyXIcKRiMruSL7OCgP4LA=,p8qwVcfPKtThQMG6l8D+/bM7vCA=
-30,31,V/mb1dzyXIcKRiMruSL7OCgP4LA=,p8qwVcfPKtThQMG6l8D+/bM7vCA=
-26,24,V/mb1dzyXIcKRiMruSL7OCgP4LA=,p8qwVcfPKtThQMG6l8D+/bM7vCA=
-31,31,V/mb1dzyXIcKRiMruSL7OCgP4LA=,p8qwVcfPKtThQMG6l8D+/bM7vCA=
-25,30,V/mb1dzyXIcKRiMruSL7OCgP4LA=,p8qwVcfPKtThQMG6l8D+/bM7vCA=
-26,30,V/mb1dzyXIcKRiMruSL7OCgP4LA=,p8qwVcfPKtThQMG6l8D+/bM7vCA=
-29,26,AUb0TDF7ztN7m+mETXpR50B5Q74=,p8qwVcfPKtThQMG6l8D+/bM7vCA=
-27,30,V/mb1dzyXIcKRiMruSL7OCgP4LA=,p8qwVcfPKtThQMG6l8D+/bM7vCA=
-28,30,V/mb1dzyXIcKRiMruSL7OCgP4LA=,p8qwVcfPKtThQMG6l8D+/bM7vCA=
-28,26,V/mb1dzyXIcKRiMruSL7OCgP4LA=,p8qwVcfPKtThQMG6l8D+/bM7vCA=
-29,30,V/mb1dzyXIcKRiMruSL7OCgP4LA=,p8qwVcfPKtThQMG6l8D+/bM7vCA=
-27,26,V/mb1dzyXIcKRiMruSL7OCgP4LA=,p8qwVcfPKtThQMG6l8D+/bM7vCA=
-30,30,V/mb1dzyXIcKRiMruSL7OCgP4LA=,p8qwVcfPKtThQMG6l8D+/bM7vCA=
-26,26,V/mb1dzyXIcKRiMruSL7OCgP4LA=,p8qwVcfPKtThQMG6l8D+/bM7vCA=
-25,26,V/mb1dzyXIcKRiMruSL7OCgP4LA=,p8qwVcfPKtThQMG6l8D+/bM7vCA=
-25,29,V/mb1dzyXIcKRiMruSL7OCgP4LA=,p8qwVcfPKtThQMG6l8D+/bM7vCA=
-26,29,V/mb1dzyXIcKRiMruSL7OCgP4LA=,p8qwVcfPKtThQMG6l8D+/bM7vCA=
-27,29,V/mb1dzyXIcKRiMruSL7OCgP4LA=,p8qwVcfPKtThQMG6l8D+/bM7vCA=
-28,29,V/mb1dzyXIcKRiMruSL7OCgP4LA=,p8qwVcfPKtThQMG6l8D+/bM7vCA=
-29,29,V/mb1dzyXIcKRiMruSL7OCgP4LA=,p8qwVcfPKtThQMG6l8D+/bM7vCA=
-26,28,V/mb1dzyXIcKRiMruSL7OCgP4LA=,p8qwVcfPKtThQMG6l8D+/bM7vCA=
-25,28,V/mb1dzyXIcKRiMruSL7OCgP4LA=,p8qwVcfPKtThQMG6l8D+/bM7vCA=
-27,28,V/mb1dzyXIcKRiMruSL7OCgP4LA=,p8qwVcfPKtThQMG6l8D+/bM7vCA=
-28,28,V/mb1dzyXIcKRiMruSL7OCgP4LA=,p8qwVcfPKtThQMG6l8D+/bM7vCA=
-29,28,V/mb1dzyXIcKRiMruSL7OCgP4LA=,p8qwVcfPKtThQMG6l8D+/bM7vCA=
-24,23,i74M7M/Y2sU40SLiIfJtPculmOQ=,hiYwijXcqplUAuWO+6y5VIcoilA=
-23,23,i74M7M/Y2sU40SLiIfJtPculmOQ=,hiYwijXcqplUAuWO+6y5VIcoilA=
-22,23,i74M7M/Y2sU40SLiIfJtPculmOQ=,hiYwijXcqplUAuWO+6y5VIcoilA=
-21,23,i74M7M/Y2sU40SLiIfJtPculmOQ=,hiYwijXcqplUAuWO+6y5VIcoilA=
-20,23,i74M7M/Y2sU40SLiIfJtPculmOQ=,hiYwijXcqplUAuWO+6y5VIcoilA=
-19,23,i74M7M/Y2sU40SLiIfJtPculmOQ=,hiYwijXcqplUAuWO+6y5VIcoilA=
-18,23,i74M7M/Y2sU40SLiIfJtPculmOQ=,hiYwijXcqplUAuWO+6y5VIcoilA=
-17,23,i74M7M/Y2sU40SLiIfJtPculmOQ=,hiYwijXcqplUAuWO+6y5VIcoilA=
-30,29,V/mb1dzyXIcKRiMruSL7OCgP4LA=,p8qwVcfPKtThQMG6l8D+/bM7vCA=
-21,16,i74M7M/Y2sU40SLiIfJtPculmOQ=,hiYwijXcqplUAuWO+6y5VIcoilA=
-22,16,i74M7M/Y2sU40SLiIfJtPculmOQ=,hiYwijXcqplUAuWO+6y5VIcoilA=
-17,22,i74M7M/Y2sU40SLiIfJtPculmOQ=,hiYwijXcqplUAuWO+6y5VIcoilA=
-31,29,V/mb1dzyXIcKRiMruSL7OCgP4LA=,p8qwVcfPKtThQMG6l8D+/bM7vCA=
-18,22,i74M7M/Y2sU40SLiIfJtPculmOQ=,hiYwijXcqplUAuWO+6y5VIcoilA=
-23,16,i74M7M/Y2sU40SLiIfJtPculmOQ=,hiYwijXcqplUAuWO+6y5VIcoilA=
-24,16,i74M7M/Y2sU40SLiIfJtPculmOQ=,hiYwijXcqplUAuWO+6y5VIcoilA=
-19,22,i74M7M/Y2sU40SLiIfJtPculmOQ=,hiYwijXcqplUAuWO+6y5VIcoilA=
-25,16,i74M7M/Y2sU40SLiIfJtPculmOQ=,KSGECBjSSPreN+rzS6uflTfLd9E=
-20,22,i74M7M/Y2sU40SLiIfJtPculmOQ=,hiYwijXcqplUAuWO+6y5VIcoilA=
-21,22,i74M7M/Y2sU40SLiIfJtPculmOQ=,hiYwijXcqplUAuWO+6y5VIcoilA=
-32,23,i74M7M/Y2sU40SLiIfJtPculmOQ=,KSGECBjSSPreN+rzS6uflTfLd9E=
-22,22,i74M7M/Y2sU40SLiIfJtPculmOQ=,hiYwijXcqplUAuWO+6y5VIcoilA=
-25,18,i74M7M/Y2sU40SLiIfJtPculmOQ=,KSGECBjSSPreN+rzS6uflTfLd9E=
-23,22,i74M7M/Y2sU40SLiIfJtPculmOQ=,hiYwijXcqplUAuWO+6y5VIcoilA=
-24,22,i74M7M/Y2sU40SLiIfJtPculmOQ=,hiYwijXcqplUAuWO+6y5VIcoilA=
-17,21,i74M7M/Y2sU40SLiIfJtPculmOQ=,hiYwijXcqplUAuWO+6y5VIcoilA=
-18,21,i74M7M/Y2sU40SLiIfJtPculmOQ=,hiYwijXcqplUAuWO+6y5VIcoilA=
-19,21,i74M7M/Y2sU40SLiIfJtPculmOQ=,hiYwijXcqplUAuWO+6y5VIcoilA=
-25,19,i74M7M/Y2sU40SLiIfJtPculmOQ=,KSGECBjSSPreN+rzS6uflTfLd9E=
-30,23,i74M7M/Y2sU40SLiIfJtPculmOQ=,KSGECBjSSPreN+rzS6uflTfLd9E=
-25,24,V/mb1dzyXIcKRiMruSL7OCgP4LA=,p8qwVcfPKtThQMG6l8D+/bM7vCA=
-29,25,V/mb1dzyXIcKRiMruSL7OCgP4LA=,p8qwVcfPKtThQMG6l8D+/bM7vCA=
-20,21,i74M7M/Y2sU40SLiIfJtPculmOQ=,hiYwijXcqplUAuWO+6y5VIcoilA=
-20,16,i74M7M/Y2sU40SLiIfJtPculmOQ=,hiYwijXcqplUAuWO+6y5VIcoilA=
-21,21,i74M7M/Y2sU40SLiIfJtPculmOQ=,hiYwijXcqplUAuWO+6y5VIcoilA=
-22,21,i74M7M/Y2sU40SLiIfJtPculmOQ=,hiYwijXcqplUAuWO+6y5VIcoilA=
-31,30,V/mb1dzyXIcKRiMruSL7OCgP4LA=,p8qwVcfPKtThQMG6l8D+/bM7vCA=
-25,22,i74M7M/Y2sU40SLiIfJtPculmOQ=,KSGECBjSSPreN+rzS6uflTfLd9E=
-21,19,i74M7M/Y2sU40SLiIfJtPculmOQ=,hiYwijXcqplUAuWO+6y5VIcoilA=
-31,23,i74M7M/Y2sU40SLiIfJtPculmOQ=,KSGECBjSSPreN+rzS6uflTfLd9E=
-25,17,i74M7M/Y2sU40SLiIfJtPculmOQ=,KSGECBjSSPreN+rzS6uflTfLd9E=
-23,21,i74M7M/Y2sU40SLiIfJtPculmOQ=,hiYwijXcqplUAuWO+6y5VIcoilA=
-25,27,V/mb1dzyXIcKRiMruSL7OCgP4LA=,p8qwVcfPKtThQMG6l8D+/bM7vCA=
-19,16,i74M7M/Y2sU40SLiIfJtPculmOQ=,hiYwijXcqplUAuWO+6y5VIcoilA=
-17,20,i74M7M/Y2sU40SLiIfJtPculmOQ=,hiYwijXcqplUAuWO+6y5VIcoilA=
-18,20,i74M7M/Y2sU40SLiIfJtPculmOQ=,hiYwijXcqplUAuWO+6y5VIcoilA=
-19,20,i74M7M/Y2sU40SLiIfJtPculmOQ=,hiYwijXcqplUAuWO+6y5VIcoilA=
-20,20,i74M7M/Y2sU40SLiIfJtPculmOQ=,hiYwijXcqplUAuWO+6y5VIcoilA=
-21,20,i74M7M/Y2sU40SLiIfJtPculmOQ=,hiYwijXcqplUAuWO+6y5VIcoilA=
-22,20,i74M7M/Y2sU40SLiIfJtPculmOQ=,hiYwijXcqplUAuWO+6y5VIcoilA=
-32,30,V/mb1dzyXIcKRiMruSL7OCgP4LA=,p8qwVcfPKtThQMG6l8D+/bM7vCA=
-29,23,i74M7M/Y2sU40SLiIfJtPculmOQ=,KSGECBjSSPreN+rzS6uflTfLd9E=
-22,19,i74M7M/Y2sU40SLiIfJtPculmOQ=,hiYwijXcqplUAuWO+6y5VIcoilA=
-32,24,AUb0TDF7ztN7m+mETXpR50B5Q74=,p8qwVcfPKtThQMG6l8D+/bM7vCA=
-24,17,i74M7M/Y2sU40SLiIfJtPculmOQ=,hiYwijXcqplUAuWO+6y5VIcoilA=
-30,28,V/mb1dzyXIcKRiMruSL7OCgP4LA=,p8qwVcfPKtThQMG6l8D+/bM7vCA=
-23,20,i74M7M/Y2sU40SLiIfJtPculmOQ=,hiYwijXcqplUAuWO+6y5VIcoilA=
-25,20,i74M7M/Y2sU40SLiIfJtPculmOQ=,KSGECBjSSPreN+rzS6uflTfLd9E=
-17,19,i74M7M/Y2sU40SLiIfJtPculmOQ=,hiYwijXcqplUAuWO+6y5VIcoilA=
-18,19,i74M7M/Y2sU40SLiIfJtPculmOQ=,hiYwijXcqplUAuWO+6y5VIcoilA=
-19,19,i74M7M/Y2sU40SLiIfJtPculmOQ=,hiYwijXcqplUAuWO+6y5VIcoilA=
-25,23,i74M7M/Y2sU40SLiIfJtPculmOQ=,KSGECBjSSPreN+rzS6uflTfLd9E=
-20,19,i74M7M/Y2sU40SLiIfJtPculmOQ=,hiYwijXcqplUAuWO+6y5VIcoilA=
-18,16,i74M7M/Y2sU40SLiIfJtPculmOQ=,hiYwijXcqplUAuWO+6y5VIcoilA=
-23,17,i74M7M/Y2sU40SLiIfJtPculmOQ=,hiYwijXcqplUAuWO+6y5VIcoilA=
-24,21,i74M7M/Y2sU40SLiIfJtPculmOQ=,hiYwijXcqplUAuWO+6y5VIcoilA=
-32,29,V/mb1dzyXIcKRiMruSL7OCgP4LA=,p8qwVcfPKtThQMG6l8D+/bM7vCA=
-28,21,i74M7M/Y2sU40SLiIfJtPculmOQ=,KSGECBjSSPreN+rzS6uflTfLd9E=
-25,21,i74M7M/Y2sU40SLiIfJtPculmOQ=,KSGECBjSSPreN+rzS6uflTfLd9E=
-32,31,V/mb1dzyXIcKRiMruSL7OCgP4LA=,p8qwVcfPKtThQMG6l8D+/bM7vCA=
-26,20,i74M7M/Y2sU40SLiIfJtPculmOQ=,KSGECBjSSPreN+rzS6uflTfLd9E=
-32,27,AUb0TDF7ztN7m+mETXpR50B5Q74=,p8qwVcfPKtThQMG6l8D+/bM7vCA=
-23,19,i74M7M/Y2sU40SLiIfJtPculmOQ=,hiYwijXcqplUAuWO+6y5VIcoilA=
-31,28,V/mb1dzyXIcKRiMruSL7OCgP4LA=,p8qwVcfPKtThQMG6l8D+/bM7vCA=
-30,25,AUb0TDF7ztN7m+mETXpR50B5Q74=,p8qwVcfPKtThQMG6l8D+/bM7vCA=
-30,26,AUb0TDF7ztN7m+mETXpR50B5Q74=,p8qwVcfPKtThQMG6l8D+/bM7vCA=
-28,22,i74M7M/Y2sU40SLiIfJtPculmOQ=,KSGECBjSSPreN+rzS6uflTfLd9E=
-17,16,i74M7M/Y2sU40SLiIfJtPculmOQ=,hiYwijXcqplUAuWO+6y5VIcoilA=
-24,19,i74M7M/Y2sU40SLiIfJtPculmOQ=,hiYwijXcqplUAuWO+6y5VIcoilA=
-28,24,V/mb1dzyXIcKRiMruSL7OCgP4LA=,p8qwVcfPKtThQMG6l8D+/bM7vCA=
-26,23,i74M7M/Y2sU40SLiIfJtPculmOQ=,KSGECBjSSPreN+rzS6uflTfLd9E=
-26,27,V/mb1dzyXIcKRiMruSL7OCgP4LA=,p8qwVcfPKtThQMG6l8D+/bM7vCA=
-27,27,V/mb1dzyXIcKRiMruSL7OCgP4LA=,p8qwVcfPKtThQMG6l8D+/bM7vCA=
-28,27,V/mb1dzyXIcKRiMruSL7OCgP4LA=,p8qwVcfPKtThQMG6l8D+/bM7vCA=
-29,27,V/mb1dzyXIcKRiMruSL7OCgP4LA=,p8qwVcfPKtThQMG6l8D+/bM7vCA=
-22,17,i74M7M/Y2sU40SLiIfJtPculmOQ=,hiYwijXcqplUAuWO+6y5VIcoilA=
-26,21,i74M7M/Y2sU40SLiIfJtPculmOQ=,KSGECBjSSPreN+rzS6uflTfLd9E=
-28,23,i74M7M/Y2sU40SLiIfJtPculmOQ=,KSGECBjSSPreN+rzS6uflTfLd9E=
-31,24,AUb0TDF7ztN7m+mETXpR50B5Q74=,p8qwVcfPKtThQMG6l8D+/bM7vCA=
-27,22,i74M7M/Y2sU40SLiIfJtPculmOQ=,KSGECBjSSPreN+rzS6uflTfLd9E=
-17,18,i74M7M/Y2sU40SLiIfJtPculmOQ=,hiYwijXcqplUAuWO+6y5VIcoilA=
-31,25,AUb0TDF7ztN7m+mETXpR50B5Q74=,p8qwVcfPKtThQMG6l8D+/bM7vCA=
-21,17,i74M7M/Y2sU40SLiIfJtPculmOQ=,hiYwijXcqplUAuWO+6y5VIcoilA=
-27,23,i74M7M/Y2sU40SLiIfJtPculmOQ=,KSGECBjSSPreN+rzS6uflTfLd9E=
-26,22,i74M7M/Y2sU40SLiIfJtPculmOQ=,KSGECBjSSPreN+rzS6uflTfLd9E=
-24,20,i74M7M/Y2sU40SLiIfJtPculmOQ=,hiYwijXcqplUAuWO+6y5VIcoilA=
-27,21,i74M7M/Y2sU40SLiIfJtPculmOQ=,KSGECBjSSPreN+rzS6uflTfLd9E=
-32,28,V/mb1dzyXIcKRiMruSL7OCgP4LA=,p8qwVcfPKtThQMG6l8D+/bM7vCA=
-32,26,AUb0TDF7ztN7m+mETXpR50B5Q74=,p8qwVcfPKtThQMG6l8D+/bM7vCA=
-31,27,AUb0TDF7ztN7m+mETXpR50B5Q74=,p8qwVcfPKtThQMG6l8D+/bM7vCA=
-18,18,i74M7M/Y2sU40SLiIfJtPculmOQ=,hiYwijXcqplUAuWO+6y5VIcoilA=
-29,24,AUb0TDF7ztN7m+mETXpR50B5Q74=,p8qwVcfPKtThQMG6l8D+/bM7vCA=
-20,17,i74M7M/Y2sU40SLiIfJtPculmOQ=,hiYwijXcqplUAuWO+6y5VIcoilA=
-19,18,i74M7M/Y2sU40SLiIfJtPculmOQ=,hiYwijXcqplUAuWO+6y5VIcoilA=
-19,17,i74M7M/Y2sU40SLiIfJtPculmOQ=,hiYwijXcqplUAuWO+6y5VIcoilA=
-30,27,AUb0TDF7ztN7m+mETXpR50B5Q74=,p8qwVcfPKtThQMG6l8D+/bM7vCA=
-31,26,AUb0TDF7ztN7m+mETXpR50B5Q74=,p8qwVcfPKtThQMG6l8D+/bM7vCA=
-32,25,AUb0TDF7ztN7m+mETXpR50B5Q74=,p8qwVcfPKtThQMG6l8D+/bM7vCA=
-24,18,i74M7M/Y2sU40SLiIfJtPculmOQ=,hiYwijXcqplUAuWO+6y5VIcoilA=
-20,18,i74M7M/Y2sU40SLiIfJtPculmOQ=,hiYwijXcqplUAuWO+6y5VIcoilA=
-30,24,AUb0TDF7ztN7m+mETXpR50B5Q74=,p8qwVcfPKtThQMG6l8D+/bM7vCA=
-21,18,i74M7M/Y2sU40SLiIfJtPculmOQ=,hiYwijXcqplUAuWO+6y5VIcoilA=
-23,18,i74M7M/Y2sU40SLiIfJtPculmOQ=,hiYwijXcqplUAuWO+6y5VIcoilA=
-18,17,i74M7M/Y2sU40SLiIfJtPculmOQ=,hiYwijXcqplUAuWO+6y5VIcoilA=
-22,18,i74M7M/Y2sU40SLiIfJtPculmOQ=,hiYwijXcqplUAuWO+6y5VIcoilA=
-17,17,i74M7M/Y2sU40SLiIfJtPculmOQ=,hiYwijXcqplUAuWO+6y5VIcoilA=
-31,13,ykkgQUn4z6NXnw7tW8w4UxhlwG8=,AT6wu+50WQwa5EGe3jhbGouPh4M=
-31,10,ykkgQUn4z6NXnw7tW8w4UxhlwG8=,AT6wu+50WQwa5EGe3jhbGouPh4M=
-31,12,ykkgQUn4z6NXnw7tW8w4UxhlwG8=,AT6wu+50WQwa5EGe3jhbGouPh4M=
-26,8,Pejs9N8waBL+Lh/3rFniuz34JWM=,AT6wu+50WQwa5EGe3jhbGouPh4M=
-30,13,ykkgQUn4z6NXnw7tW8w4UxhlwG8=,AT6wu+50WQwa5EGe3jhbGouPh4M=
-27,8,Pejs9N8waBL+Lh/3rFniuz34JWM=,AT6wu+50WQwa5EGe3jhbGouPh4M=
-26,11,Pejs9N8waBL+Lh/3rFniuz34JWM=,AT6wu+50WQwa5EGe3jhbGouPh4M=
-27,11,Pejs9N8waBL+Lh/3rFniuz34JWM=,AT6wu+50WQwa5EGe3jhbGouPh4M=
-26,10,Pejs9N8waBL+Lh/3rFniuz34JWM=,AT6wu+50WQwa5EGe3jhbGouPh4M=
-28,11,Pejs9N8waBL+Lh/3rFniuz34JWM=,AT6wu+50WQwa5EGe3jhbGouPh4M=
-26,9,Pejs9N8waBL+Lh/3rFniuz34JWM=,AT6wu+50WQwa5EGe3jhbGouPh4M=
-29,11,ykkgQUn4z6NXnw7tW8w4UxhlwG8=,AT6wu+50WQwa5EGe3jhbGouPh4M=
-30,11,ykkgQUn4z6NXnw7tW8w4UxhlwG8=,AT6wu+50WQwa5EGe3jhbGouPh4M=
-31,11,ykkgQUn4z6NXnw7tW8w4UxhlwG8=,AT6wu+50WQwa5EGe3jhbGouPh4M=
-26,12,ykkgQUn4z6NXnw7tW8w4UxhlwG8=,AT6wu+50WQwa5EGe3jhbGouPh4M=
-27,9,Pejs9N8waBL+Lh/3rFniuz34JWM=,AT6wu+50WQwa5EGe3jhbGouPh4M=
-28,9,Pejs9N8waBL+Lh/3rFniuz34JWM=,AT6wu+50WQwa5EGe3jhbGouPh4M=
-27,10,Pejs9N8waBL+Lh/3rFniuz34JWM=,AT6wu+50WQwa5EGe3jhbGouPh4M=
-28,10,Pejs9N8waBL+Lh/3rFniuz34JWM=,AT6wu+50WQwa5EGe3jhbGouPh4M=
-29,10,ykkgQUn4z6NXnw7tW8w4UxhlwG8=,AT6wu+50WQwa5EGe3jhbGouPh4M=
-29,8,ykkgQUn4z6NXnw7tW8w4UxhlwG8=,AT6wu+50WQwa5EGe3jhbGouPh4M=
-29,9,ykkgQUn4z6NXnw7tW8w4UxhlwG8=,AT6wu+50WQwa5EGe3jhbGouPh4M=
-30,10,ykkgQUn4z6NXnw7tW8w4UxhlwG8=,AT6wu+50WQwa5EGe3jhbGouPh4M=
-30,8,ykkgQUn4z6NXnw7tW8w4UxhlwG8=,AT6wu+50WQwa5EGe3jhbGouPh4M=
-31,8,ykkgQUn4z6NXnw7tW8w4UxhlwG8=,AT6wu+50WQwa5EGe3jhbGouPh4M=
-30,9,ykkgQUn4z6NXnw7tW8w4UxhlwG8=,AT6wu+50WQwa5EGe3jhbGouPh4M=
-27,12,ykkgQUn4z6NXnw7tW8w4UxhlwG8=,AT6wu+50WQwa5EGe3jhbGouPh4M=
-31,9,ykkgQUn4z6NXnw7tW8w4UxhlwG8=,AT6wu+50WQwa5EGe3jhbGouPh4M=
-28,12,ykkgQUn4z6NXnw7tW8w4UxhlwG8=,AT6wu+50WQwa5EGe3jhbGouPh4M=
-29,12,ykkgQUn4z6NXnw7tW8w4UxhlwG8=,AT6wu+50WQwa5EGe3jhbGouPh4M=
-30,12,ykkgQUn4z6NXnw7tW8w4UxhlwG8=,AT6wu+50WQwa5EGe3jhbGouPh4M=
-26,14,ykkgQUn4z6NXnw7tW8w4UxhlwG8=,AT6wu+50WQwa5EGe3jhbGouPh4M=
-27,14,ykkgQUn4z6NXnw7tW8w4UxhlwG8=,AT6wu+50WQwa5EGe3jhbGouPh4M=
-29,14,ykkgQUn4z6NXnw7tW8w4UxhlwG8=,AT6wu+50WQwa5EGe3jhbGouPh4M=
-28,14,ykkgQUn4z6NXnw7tW8w4UxhlwG8=,AT6wu+50WQwa5EGe3jhbGouPh4M=
-28,8,Pejs9N8waBL+Lh/3rFniuz34JWM=,AT6wu+50WQwa5EGe3jhbGouPh4M=
-30,14,Pejs9N8waBL+Lh/3rFniuz34JWM=,AT6wu+50WQwa5EGe3jhbGouPh4M=
-31,14,Pejs9N8waBL+Lh/3rFniuz34JWM=,AT6wu+50WQwa5EGe3jhbGouPh4M=
-26,13,ykkgQUn4z6NXnw7tW8w4UxhlwG8=,AT6wu+50WQwa5EGe3jhbGouPh4M=
-27,13,ykkgQUn4z6NXnw7tW8w4UxhlwG8=,AT6wu+50WQwa5EGe3jhbGouPh4M=
-28,13,ykkgQUn4z6NXnw7tW8w4UxhlwG8=,AT6wu+50WQwa5EGe3jhbGouPh4M=
-29,13,ykkgQUn4z6NXnw7tW8w4UxhlwG8=,AT6wu+50WQwa5EGe3jhbGouPh4M=
-31,15,ykkgQUn4z6NXnw7tW8w4UxhlwG8=,AT6wu+50WQwa5EGe3jhbGouPh4M=
-26,15,ykkgQUn4z6NXnw7tW8w4UxhlwG8=,AT6wu+50WQwa5EGe3jhbGouPh4M=
-27,15,ykkgQUn4z6NXnw7tW8w4UxhlwG8=,AT6wu+50WQwa5EGe3jhbGouPh4M=
-28,15,ykkgQUn4z6NXnw7tW8w4UxhlwG8=,AT6wu+50WQwa5EGe3jhbGouPh4M=
-29,15,ykkgQUn4z6NXnw7tW8w4UxhlwG8=,AT6wu+50WQwa5EGe3jhbGouPh4M=
-30,15,ykkgQUn4z6NXnw7tW8w4UxhlwG8=,AT6wu+50WQwa5EGe3jhbGouPh4M=
-25,12,ykkgQUn4z6NXnw7tW8w4UxhlwG8=,AT6wu+50WQwa5EGe3jhbGouPh4M=
-25,8,Pejs9N8waBL+Lh/3rFniuz34JWM=,AT6wu+50WQwa5EGe3jhbGouPh4M=
-25,10,Pejs9N8waBL+Lh/3rFniuz34JWM=,AT6wu+50WQwa5EGe3jhbGouPh4M=
-25,11,ykkgQUn4z6NXnw7tW8w4UxhlwG8=,AT6wu+50WQwa5EGe3jhbGouPh4M=
-25,9,Pejs9N8waBL+Lh/3rFniuz34JWM=,AT6wu+50WQwa5EGe3jhbGouPh4M=
-32,13,ykkgQUn4z6NXnw7tW8w4UxhlwG8=,AT6wu+50WQwa5EGe3jhbGouPh4M=
-32,10,ykkgQUn4z6NXnw7tW8w4UxhlwG8=,AT6wu+50WQwa5EGe3jhbGouPh4M=
-32,12,ykkgQUn4z6NXnw7tW8w4UxhlwG8=,AT6wu+50WQwa5EGe3jhbGouPh4M=
-32,14,ykkgQUn4z6NXnw7tW8w4UxhlwG8=,AT6wu+50WQwa5EGe3jhbGouPh4M=
-32,9,ykkgQUn4z6NXnw7tW8w4UxhlwG8=,AT6wu+50WQwa5EGe3jhbGouPh4M=
-32,11,ykkgQUn4z6NXnw7tW8w4UxhlwG8=,AT6wu+50WQwa5EGe3jhbGouPh4M=
-25,13,ykkgQUn4z6NXnw7tW8w4UxhlwG8=,AT6wu+50WQwa5EGe3jhbGouPh4M=
-32,8,ykkgQUn4z6NXnw7tW8w4UxhlwG8=,AT6wu+50WQwa5EGe3jhbGouPh4M=
-32,15,ykkgQUn4z6NXnw7tW8w4UxhlwG8=,AT6wu+50WQwa5EGe3jhbGouPh4M=
-25,14,ykkgQUn4z6NXnw7tW8w4UxhlwG8=,AT6wu+50WQwa5EGe3jhbGouPh4M=
-25,15,ykkgQUn4z6NXnw7tW8w4UxhlwG8=,AT6wu+50WQwa5EGe3jhbGouPh4M=
-30,0,dL4mTY5gUjhn164Hzzjo1DnGuLs=,1p4U1Egby1Bf2f8Q5bzITI51re0=
-29,6,dL4mTY5gUjhn164Hzzjo1DnGuLs=,1p4U1Egby1Bf2f8Q5bzITI51re0=
-31,6,dL4mTY5gUjhn164Hzzjo1DnGuLs=,1p4U1Egby1Bf2f8Q5bzITI51re0=
-30,6,dL4mTY5gUjhn164Hzzjo1DnGuLs=,1p4U1Egby1Bf2f8Q5bzITI51re0=
-26,1,dL4mTY5gUjhn164Hzzjo1DnGuLs=,1p4U1Egby1Bf2f8Q5bzITI51re0=
-27,1,dL4mTY5gUjhn164Hzzjo1DnGuLs=,1p4U1Egby1Bf2f8Q5bzITI51re0=
-27,0,dL4mTY5gUjhn164Hzzjo1DnGuLs=,1p4U1Egby1Bf2f8Q5bzITI51re0=
-29,0,dL4mTY5gUjhn164Hzzjo1DnGuLs=,1p4U1Egby1Bf2f8Q5bzITI51re0=
-28,0,dL4mTY5gUjhn164Hzzjo1DnGuLs=,1p4U1Egby1Bf2f8Q5bzITI51re0=
-26,0,dL4mTY5gUjhn164Hzzjo1DnGuLs=,1p4U1Egby1Bf2f8Q5bzITI51re0=
-26,2,dL4mTY5gUjhn164Hzzjo1DnGuLs=,1p4U1Egby1Bf2f8Q5bzITI51re0=
-28,1,dL4mTY5gUjhn164Hzzjo1DnGuLs=,1p4U1Egby1Bf2f8Q5bzITI51re0=
-27,2,dL4mTY5gUjhn164Hzzjo1DnGuLs=,1p4U1Egby1Bf2f8Q5bzITI51re0=
-26,7,dL4mTY5gUjhn164Hzzjo1DnGuLs=,1p4U1Egby1Bf2f8Q5bzITI51re0=
-28,2,dL4mTY5gUjhn164Hzzjo1DnGuLs=,1p4U1Egby1Bf2f8Q5bzITI51re0=
-27,7,dL4mTY5gUjhn164Hzzjo1DnGuLs=,1p4U1Egby1Bf2f8Q5bzITI51re0=
-29,1,dL4mTY5gUjhn164Hzzjo1DnGuLs=,1p4U1Egby1Bf2f8Q5bzITI51re0=
-28,7,dL4mTY5gUjhn164Hzzjo1DnGuLs=,1p4U1Egby1Bf2f8Q5bzITI51re0=
-30,1,dL4mTY5gUjhn164Hzzjo1DnGuLs=,1p4U1Egby1Bf2f8Q5bzITI51re0=
-29,7,dL4mTY5gUjhn164Hzzjo1DnGuLs=,1p4U1Egby1Bf2f8Q5bzITI51re0=
-29,2,dL4mTY5gUjhn164Hzzjo1DnGuLs=,1p4U1Egby1Bf2f8Q5bzITI51re0=
-31,0,dL4mTY5gUjhn164Hzzjo1DnGuLs=,1p4U1Egby1Bf2f8Q5bzITI51re0=
-30,2,dL4mTY5gUjhn164Hzzjo1DnGuLs=,1p4U1Egby1Bf2f8Q5bzITI51re0=
-30,7,dL4mTY5gUjhn164Hzzjo1DnGuLs=,1p4U1Egby1Bf2f8Q5bzITI51re0=
-26,5,dL4mTY5gUjhn164Hzzjo1DnGuLs=,1p4U1Egby1Bf2f8Q5bzITI51re0=
-29,3,dL4mTY5gUjhn164Hzzjo1DnGuLs=,1p4U1Egby1Bf2f8Q5bzITI51re0=
-31,7,dL4mTY5gUjhn164Hzzjo1DnGuLs=,1p4U1Egby1Bf2f8Q5bzITI51re0=
-31,1,dL4mTY5gUjhn164Hzzjo1DnGuLs=,1p4U1Egby1Bf2f8Q5bzITI51re0=
-31,2,dL4mTY5gUjhn164Hzzjo1DnGuLs=,1p4U1Egby1Bf2f8Q5bzITI51re0=
-26,6,dL4mTY5gUjhn164Hzzjo1DnGuLs=,1p4U1Egby1Bf2f8Q5bzITI51re0=
-27,6,dL4mTY5gUjhn164Hzzjo1DnGuLs=,1p4U1Egby1Bf2f8Q5bzITI51re0=
-28,6,dL4mTY5gUjhn164Hzzjo1DnGuLs=,1p4U1Egby1Bf2f8Q5bzITI51re0=
-32,1,dL4mTY5gUjhn164Hzzjo1DnGuLs=,1p4U1Egby1Bf2f8Q5bzITI51re0=
-32,2,dL4mTY5gUjhn164Hzzjo1DnGuLs=,1p4U1Egby1Bf2f8Q5bzITI51re0=
-32,0,dL4mTY5gUjhn164Hzzjo1DnGuLs=,1p4U1Egby1Bf2f8Q5bzITI51re0=
-32,7,dL4mTY5gUjhn164Hzzjo1DnGuLs=,1p4U1Egby1Bf2f8Q5bzITI51re0=
-32,6,dL4mTY5gUjhn164Hzzjo1DnGuLs=,1p4U1Egby1Bf2f8Q5bzITI51re0=
-32,3,dL4mTY5gUjhn164Hzzjo1DnGuLs=,1p4U1Egby1Bf2f8Q5bzITI51re0=
-31,3,dL4mTY5gUjhn164Hzzjo1DnGuLs=,1p4U1Egby1Bf2f8Q5bzITI51re0=
-30,3,dL4mTY5gUjhn164Hzzjo1DnGuLs=,1p4U1Egby1Bf2f8Q5bzITI51re0=
-29,4,dL4mTY5gUjhn164Hzzjo1DnGuLs=,1p4U1Egby1Bf2f8Q5bzITI51re0=
-30,5,dL4mTY5gUjhn164Hzzjo1DnGuLs=,1p4U1Egby1Bf2f8Q5bzITI51re0=
-31,4,dL4mTY5gUjhn164Hzzjo1DnGuLs=,1p4U1Egby1Bf2f8Q5bzITI51re0=
-32,5,dL4mTY5gUjhn164Hzzjo1DnGuLs=,1p4U1Egby1Bf2f8Q5bzITI51re0=
-32,4,dL4mTY5gUjhn164Hzzjo1DnGuLs=,1p4U1Egby1Bf2f8Q5bzITI51re0=
-31,5,dL4mTY5gUjhn164Hzzjo1DnGuLs=,1p4U1Egby1Bf2f8Q5bzITI51re0=
-30,4,dL4mTY5gUjhn164Hzzjo1DnGuLs=,1p4U1Egby1Bf2f8Q5bzITI51re0=
-29,5,dL4mTY5gUjhn164Hzzjo1DnGuLs=,1p4U1Egby1Bf2f8Q5bzITI51re0=
-25,6,dL4mTY5gUjhn164Hzzjo1DnGuLs=,1p4U1Egby1Bf2f8Q5bzITI51re0=
-25,1,dL4mTY5gUjhn164Hzzjo1DnGuLs=,1p4U1Egby1Bf2f8Q5bzITI51re0=
-25,0,dL4mTY5gUjhn164Hzzjo1DnGuLs=,1p4U1Egby1Bf2f8Q5bzITI51re0=
-25,3,dL4mTY5gUjhn164Hzzjo1DnGuLs=,1p4U1Egby1Bf2f8Q5bzITI51re0=
-25,2,dL4mTY5gUjhn164Hzzjo1DnGuLs=,1p4U1Egby1Bf2f8Q5bzITI51re0=
-28,3,dL4mTY5gUjhn164Hzzjo1DnGuLs=,1p4U1Egby1Bf2f8Q5bzITI51re0=
-25,7,dL4mTY5gUjhn164Hzzjo1DnGuLs=,1p4U1Egby1Bf2f8Q5bzITI51re0=
-27,5,dL4mTY5gUjhn164Hzzjo1DnGuLs=,1p4U1Egby1Bf2f8Q5bzITI51re0=
-27,3,dL4mTY5gUjhn164Hzzjo1DnGuLs=,1p4U1Egby1Bf2f8Q5bzITI51re0=
-26,3,dL4mTY5gUjhn164Hzzjo1DnGuLs=,1p4U1Egby1Bf2f8Q5bzITI51re0=
-25,4,dL4mTY5gUjhn164Hzzjo1DnGuLs=,1p4U1Egby1Bf2f8Q5bzITI51re0=
-25,5,dL4mTY5gUjhn164Hzzjo1DnGuLs=,1p4U1Egby1Bf2f8Q5bzITI51re0=
-28,5,dL4mTY5gUjhn164Hzzjo1DnGuLs=,1p4U1Egby1Bf2f8Q5bzITI51re0=
-26,4,dL4mTY5gUjhn164Hzzjo1DnGuLs=,1p4U1Egby1Bf2f8Q5bzITI51re0=
-28,4,dL4mTY5gUjhn164Hzzjo1DnGuLs=,1p4U1Egby1Bf2f8Q5bzITI51re0=
-27,4,dL4mTY5gUjhn164Hzzjo1DnGuLs=,1p4U1Egby1Bf2f8Q5bzITI51re0=
-20,26,ykkgQUn4z6NXnw7tW8w4UxhlwG8=,VfCzyNVV4mCtguPyEFciR8KO4+o=
-19,26,ykkgQUn4z6NXnw7tW8w4UxhlwG8=,VfCzyNVV4mCtguPyEFciR8KO4+o=
-18,25,ykkgQUn4z6NXnw7tW8w4UxhlwG8=,VfCzyNVV4mCtguPyEFciR8KO4+o=
-19,25,ykkgQUn4z6NXnw7tW8w4UxhlwG8=,VfCzyNVV4mCtguPyEFciR8KO4+o=
-20,25,ykkgQUn4z6NXnw7tW8w4UxhlwG8=,VfCzyNVV4mCtguPyEFciR8KO4+o=
-18,30,ykkgQUn4z6NXnw7tW8w4UxhlwG8=,VfCzyNVV4mCtguPyEFciR8KO4+o=
-19,30,ykkgQUn4z6NXnw7tW8w4UxhlwG8=,VfCzyNVV4mCtguPyEFciR8KO4+o=
-20,30,ykkgQUn4z6NXnw7tW8w4UxhlwG8=,VfCzyNVV4mCtguPyEFciR8KO4+o=
-21,30,ykkgQUn4z6NXnw7tW8w4UxhlwG8=,VfCzyNVV4mCtguPyEFciR8KO4+o=
-18,29,ykkgQUn4z6NXnw7tW8w4UxhlwG8=,VfCzyNVV4mCtguPyEFciR8KO4+o=
-19,29,ykkgQUn4z6NXnw7tW8w4UxhlwG8=,VfCzyNVV4mCtguPyEFciR8KO4+o=
-20,29,ykkgQUn4z6NXnw7tW8w4UxhlwG8=,VfCzyNVV4mCtguPyEFciR8KO4+o=
-18,28,ykkgQUn4z6NXnw7tW8w4UxhlwG8=,VfCzyNVV4mCtguPyEFciR8KO4+o=
-19,28,ykkgQUn4z6NXnw7tW8w4UxhlwG8=,VfCzyNVV4mCtguPyEFciR8KO4+o=
-20,28,ykkgQUn4z6NXnw7tW8w4UxhlwG8=,VfCzyNVV4mCtguPyEFciR8KO4+o=
-18,27,ykkgQUn4z6NXnw7tW8w4UxhlwG8=,VfCzyNVV4mCtguPyEFciR8KO4+o=
-19,27,ykkgQUn4z6NXnw7tW8w4UxhlwG8=,VfCzyNVV4mCtguPyEFciR8KO4+o=
-20,27,ykkgQUn4z6NXnw7tW8w4UxhlwG8=,VfCzyNVV4mCtguPyEFciR8KO4+o=
-21,27,ykkgQUn4z6NXnw7tW8w4UxhlwG8=,VfCzyNVV4mCtguPyEFciR8KO4+o=
-18,26,ykkgQUn4z6NXnw7tW8w4UxhlwG8=,VfCzyNVV4mCtguPyEFciR8KO4+o=
-24,25,ykkgQUn4z6NXnw7tW8w4UxhlwG8=,VfCzyNVV4mCtguPyEFciR8KO4+o=
-18,24,ykkgQUn4z6NXnw7tW8w4UxhlwG8=,VfCzyNVV4mCtguPyEFciR8KO4+o=
-19,24,ykkgQUn4z6NXnw7tW8w4UxhlwG8=,VfCzyNVV4mCtguPyEFciR8KO4+o=
-20,24,ykkgQUn4z6NXnw7tW8w4UxhlwG8=,VfCzyNVV4mCtguPyEFciR8KO4+o=
-21,26,ykkgQUn4z6NXnw7tW8w4UxhlwG8=,VfCzyNVV4mCtguPyEFciR8KO4+o=
-24,24,ykkgQUn4z6NXnw7tW8w4UxhlwG8=,VfCzyNVV4mCtguPyEFciR8KO4+o=
-21,25,ykkgQUn4z6NXnw7tW8w4UxhlwG8=,VfCzyNVV4mCtguPyEFciR8KO4+o=
-24,26,ykkgQUn4z6NXnw7tW8w4UxhlwG8=,VfCzyNVV4mCtguPyEFciR8KO4+o=
-22,27,ykkgQUn4z6NXnw7tW8w4UxhlwG8=,VfCzyNVV4mCtguPyEFciR8KO4+o=
-22,26,ykkgQUn4z6NXnw7tW8w4UxhlwG8=,VfCzyNVV4mCtguPyEFciR8KO4+o=
-23,26,ykkgQUn4z6NXnw7tW8w4UxhlwG8=,VfCzyNVV4mCtguPyEFciR8KO4+o=
-23,25,ykkgQUn4z6NXnw7tW8w4UxhlwG8=,VfCzyNVV4mCtguPyEFciR8KO4+o=
-22,25,ykkgQUn4z6NXnw7tW8w4UxhlwG8=,VfCzyNVV4mCtguPyEFciR8KO4+o=
-23,27,ykkgQUn4z6NXnw7tW8w4UxhlwG8=,VfCzyNVV4mCtguPyEFciR8KO4+o=
-23,24,ykkgQUn4z6NXnw7tW8w4UxhlwG8=,VfCzyNVV4mCtguPyEFciR8KO4+o=
-24,27,ykkgQUn4z6NXnw7tW8w4UxhlwG8=,VfCzyNVV4mCtguPyEFciR8KO4+o=
-17,26,ykkgQUn4z6NXnw7tW8w4UxhlwG8=,VfCzyNVV4mCtguPyEFciR8KO4+o=
-17,27,ykkgQUn4z6NXnw7tW8w4UxhlwG8=,VfCzyNVV4mCtguPyEFciR8KO4+o=
-17,28,ykkgQUn4z6NXnw7tW8w4UxhlwG8=,VfCzyNVV4mCtguPyEFciR8KO4+o=
-17,29,ykkgQUn4z6NXnw7tW8w4UxhlwG8=,VfCzyNVV4mCtguPyEFciR8KO4+o=
-17,30,ykkgQUn4z6NXnw7tW8w4UxhlwG8=,VfCzyNVV4mCtguPyEFciR8KO4+o=
-21,24,ykkgQUn4z6NXnw7tW8w4UxhlwG8=,VfCzyNVV4mCtguPyEFciR8KO4+o=
-17,25,ykkgQUn4z6NXnw7tW8w4UxhlwG8=,VfCzyNVV4mCtguPyEFciR8KO4+o=
-17,24,ykkgQUn4z6NXnw7tW8w4UxhlwG8=,VfCzyNVV4mCtguPyEFciR8KO4+o=
-22,24,ykkgQUn4z6NXnw7tW8w4UxhlwG8=,VfCzyNVV4mCtguPyEFciR8KO4+o=
-18,31,ykkgQUn4z6NXnw7tW8w4UxhlwG8=,VfCzyNVV4mCtguPyEFciR8KO4+o=
-19,31,ykkgQUn4z6NXnw7tW8w4UxhlwG8=,VfCzyNVV4mCtguPyEFciR8KO4+o=
-20,31,ykkgQUn4z6NXnw7tW8w4UxhlwG8=,VfCzyNVV4mCtguPyEFciR8KO4+o=
-21,31,ykkgQUn4z6NXnw7tW8w4UxhlwG8=,VfCzyNVV4mCtguPyEFciR8KO4+o=
-22,31,ykkgQUn4z6NXnw7tW8w4UxhlwG8=,VfCzyNVV4mCtguPyEFciR8KO4+o=
-17,31,ykkgQUn4z6NXnw7tW8w4UxhlwG8=,VfCzyNVV4mCtguPyEFciR8KO4+o=
-21,29,ykkgQUn4z6NXnw7tW8w4UxhlwG8=,VfCzyNVV4mCtguPyEFciR8KO4+o=
-22,30,ykkgQUn4z6NXnw7tW8w4UxhlwG8=,VfCzyNVV4mCtguPyEFciR8KO4+o=
-24,28,ykkgQUn4z6NXnw7tW8w4UxhlwG8=,VfCzyNVV4mCtguPyEFciR8KO4+o=
-22,29,ykkgQUn4z6NXnw7tW8w4UxhlwG8=,VfCzyNVV4mCtguPyEFciR8KO4+o=
-24,29,ykkgQUn4z6NXnw7tW8w4UxhlwG8=,VfCzyNVV4mCtguPyEFciR8KO4+o=
-23,29,ykkgQUn4z6NXnw7tW8w4UxhlwG8=,VfCzyNVV4mCtguPyEFciR8KO4+o=
-23,30,ykkgQUn4z6NXnw7tW8w4UxhlwG8=,VfCzyNVV4mCtguPyEFciR8KO4+o=
-21,28,ykkgQUn4z6NXnw7tW8w4UxhlwG8=,VfCzyNVV4mCtguPyEFciR8KO4+o=
-23,31,ykkgQUn4z6NXnw7tW8w4UxhlwG8=,VfCzyNVV4mCtguPyEFciR8KO4+o=
-23,28,ykkgQUn4z6NXnw7tW8w4UxhlwG8=,VfCzyNVV4mCtguPyEFciR8KO4+o=
-24,30,ykkgQUn4z6NXnw7tW8w4UxhlwG8=,VfCzyNVV4mCtguPyEFciR8KO4+o=
-24,31,ykkgQUn4z6NXnw7tW8w4UxhlwG8=,VfCzyNVV4mCtguPyEFciR8KO4+o=
-22,28,ykkgQUn4z6NXnw7tW8w4UxhlwG8=,VfCzyNVV4mCtguPyEFciR8KO4+o=
-15,25,CusYlhEGwotJzQNj2JaX4VjWZ2w=,S8eQ+M9Gvtw2Aecl6d4uyNrvInc=
-14,25,CusYlhEGwotJzQNj2JaX4VjWZ2w=,S8eQ+M9Gvtw2Aecl6d4uyNrvInc=
-13,25,CusYlhEGwotJzQNj2JaX4VjWZ2w=,S8eQ+M9Gvtw2Aecl6d4uyNrvInc=
-12,25,CusYlhEGwotJzQNj2JaX4VjWZ2w=,S8eQ+M9Gvtw2Aecl6d4uyNrvInc=
-10,30,CusYlhEGwotJzQNj2JaX4VjWZ2w=,S8eQ+M9Gvtw2Aecl6d4uyNrvInc=
-11,30,CusYlhEGwotJzQNj2JaX4VjWZ2w=,S8eQ+M9Gvtw2Aecl6d4uyNrvInc=
-12,30,CusYlhEGwotJzQNj2JaX4VjWZ2w=,S8eQ+M9Gvtw2Aecl6d4uyNrvInc=
-13,30,CusYlhEGwotJzQNj2JaX4VjWZ2w=,S8eQ+M9Gvtw2Aecl6d4uyNrvInc=
-14,30,CusYlhEGwotJzQNj2JaX4VjWZ2w=,S8eQ+M9Gvtw2Aecl6d4uyNrvInc=
-15,30,CusYlhEGwotJzQNj2JaX4VjWZ2w=,S8eQ+M9Gvtw2Aecl6d4uyNrvInc=
-10,29,CusYlhEGwotJzQNj2JaX4VjWZ2w=,S8eQ+M9Gvtw2Aecl6d4uyNrvInc=
-11,29,CusYlhEGwotJzQNj2JaX4VjWZ2w=,S8eQ+M9Gvtw2Aecl6d4uyNrvInc=
-12,29,CusYlhEGwotJzQNj2JaX4VjWZ2w=,S8eQ+M9Gvtw2Aecl6d4uyNrvInc=
-13,29,CusYlhEGwotJzQNj2JaX4VjWZ2w=,S8eQ+M9Gvtw2Aecl6d4uyNrvInc=
-14,29,CusYlhEGwotJzQNj2JaX4VjWZ2w=,S8eQ+M9Gvtw2Aecl6d4uyNrvInc=
-15,29,CusYlhEGwotJzQNj2JaX4VjWZ2w=,S8eQ+M9Gvtw2Aecl6d4uyNrvInc=
-10,28,CusYlhEGwotJzQNj2JaX4VjWZ2w=,S8eQ+M9Gvtw2Aecl6d4uyNrvInc=
-11,28,CusYlhEGwotJzQNj2JaX4VjWZ2w=,S8eQ+M9Gvtw2Aecl6d4uyNrvInc=
-12,28,CusYlhEGwotJzQNj2JaX4VjWZ2w=,S8eQ+M9Gvtw2Aecl6d4uyNrvInc=
-13,28,CusYlhEGwotJzQNj2JaX4VjWZ2w=,S8eQ+M9Gvtw2Aecl6d4uyNrvInc=
-14,28,CusYlhEGwotJzQNj2JaX4VjWZ2w=,S8eQ+M9Gvtw2Aecl6d4uyNrvInc=
-15,28,CusYlhEGwotJzQNj2JaX4VjWZ2w=,S8eQ+M9Gvtw2Aecl6d4uyNrvInc=
-10,27,CusYlhEGwotJzQNj2JaX4VjWZ2w=,S8eQ+M9Gvtw2Aecl6d4uyNrvInc=
-11,27,CusYlhEGwotJzQNj2JaX4VjWZ2w=,S8eQ+M9Gvtw2Aecl6d4uyNrvInc=
-12,27,CusYlhEGwotJzQNj2JaX4VjWZ2w=,S8eQ+M9Gvtw2Aecl6d4uyNrvInc=
-13,27,CusYlhEGwotJzQNj2JaX4VjWZ2w=,S8eQ+M9Gvtw2Aecl6d4uyNrvInc=
-14,27,CusYlhEGwotJzQNj2JaX4VjWZ2w=,S8eQ+M9Gvtw2Aecl6d4uyNrvInc=
-10,26,CusYlhEGwotJzQNj2JaX4VjWZ2w=,S8eQ+M9Gvtw2Aecl6d4uyNrvInc=
-15,27,CusYlhEGwotJzQNj2JaX4VjWZ2w=,S8eQ+M9Gvtw2Aecl6d4uyNrvInc=
-11,26,CusYlhEGwotJzQNj2JaX4VjWZ2w=,S8eQ+M9Gvtw2Aecl6d4uyNrvInc=
-12,26,CusYlhEGwotJzQNj2JaX4VjWZ2w=,S8eQ+M9Gvtw2Aecl6d4uyNrvInc=
-14,26,CusYlhEGwotJzQNj2JaX4VjWZ2w=,S8eQ+M9Gvtw2Aecl6d4uyNrvInc=
-13,26,CusYlhEGwotJzQNj2JaX4VjWZ2w=,S8eQ+M9Gvtw2Aecl6d4uyNrvInc=
-15,26,CusYlhEGwotJzQNj2JaX4VjWZ2w=,S8eQ+M9Gvtw2Aecl6d4uyNrvInc=
-11,25,CusYlhEGwotJzQNj2JaX4VjWZ2w=,S8eQ+M9Gvtw2Aecl6d4uyNrvInc=
-9,26,CusYlhEGwotJzQNj2JaX4VjWZ2w=,S8eQ+M9Gvtw2Aecl6d4uyNrvInc=
-9,27,CusYlhEGwotJzQNj2JaX4VjWZ2w=,S8eQ+M9Gvtw2Aecl6d4uyNrvInc=
-9,28,CusYlhEGwotJzQNj2JaX4VjWZ2w=,S8eQ+M9Gvtw2Aecl6d4uyNrvInc=
-9,29,CusYlhEGwotJzQNj2JaX4VjWZ2w=,S8eQ+M9Gvtw2Aecl6d4uyNrvInc=
-9,30,CusYlhEGwotJzQNj2JaX4VjWZ2w=,S8eQ+M9Gvtw2Aecl6d4uyNrvInc=
-9,31,CusYlhEGwotJzQNj2JaX4VjWZ2w=,S8eQ+M9Gvtw2Aecl6d4uyNrvInc=
-10,31,CusYlhEGwotJzQNj2JaX4VjWZ2w=,S8eQ+M9Gvtw2Aecl6d4uyNrvInc=
-11,31,CusYlhEGwotJzQNj2JaX4VjWZ2w=,S8eQ+M9Gvtw2Aecl6d4uyNrvInc=
-12,31,CusYlhEGwotJzQNj2JaX4VjWZ2w=,S8eQ+M9Gvtw2Aecl6d4uyNrvInc=
-13,31,CusYlhEGwotJzQNj2JaX4VjWZ2w=,S8eQ+M9Gvtw2Aecl6d4uyNrvInc=
-14,31,CusYlhEGwotJzQNj2JaX4VjWZ2w=,S8eQ+M9Gvtw2Aecl6d4uyNrvInc=
-15,31,CusYlhEGwotJzQNj2JaX4VjWZ2w=,S8eQ+M9Gvtw2Aecl6d4uyNrvInc=
-16,25,CusYlhEGwotJzQNj2JaX4VjWZ2w=,S8eQ+M9Gvtw2Aecl6d4uyNrvInc=
-16,26,CusYlhEGwotJzQNj2JaX4VjWZ2w=,S8eQ+M9Gvtw2Aecl6d4uyNrvInc=
-16,27,CusYlhEGwotJzQNj2JaX4VjWZ2w=,S8eQ+M9Gvtw2Aecl6d4uyNrvInc=
-16,28,CusYlhEGwotJzQNj2JaX4VjWZ2w=,S8eQ+M9Gvtw2Aecl6d4uyNrvInc=
-16,29,CusYlhEGwotJzQNj2JaX4VjWZ2w=,S8eQ+M9Gvtw2Aecl6d4uyNrvInc=
-16,30,CusYlhEGwotJzQNj2JaX4VjWZ2w=,S8eQ+M9Gvtw2Aecl6d4uyNrvInc=
-13,24,CusYlhEGwotJzQNj2JaX4VjWZ2w=,S8eQ+M9Gvtw2Aecl6d4uyNrvInc=
-14,24,CusYlhEGwotJzQNj2JaX4VjWZ2w=,S8eQ+M9Gvtw2Aecl6d4uyNrvInc=
-15,24,CusYlhEGwotJzQNj2JaX4VjWZ2w=,S8eQ+M9Gvtw2Aecl6d4uyNrvInc=
-12,24,CusYlhEGwotJzQNj2JaX4VjWZ2w=,S8eQ+M9Gvtw2Aecl6d4uyNrvInc=
-16,24,CusYlhEGwotJzQNj2JaX4VjWZ2w=,S8eQ+M9Gvtw2Aecl6d4uyNrvInc=
-11,24,CusYlhEGwotJzQNj2JaX4VjWZ2w=,S8eQ+M9Gvtw2Aecl6d4uyNrvInc=
-9,24,CusYlhEGwotJzQNj2JaX4VjWZ2w=,S8eQ+M9Gvtw2Aecl6d4uyNrvInc=
-10,24,CusYlhEGwotJzQNj2JaX4VjWZ2w=,S8eQ+M9Gvtw2Aecl6d4uyNrvInc=
-16,31,CusYlhEGwotJzQNj2JaX4VjWZ2w=,S8eQ+M9Gvtw2Aecl6d4uyNrvInc=
-10,25,CusYlhEGwotJzQNj2JaX4VjWZ2w=,S8eQ+M9Gvtw2Aecl6d4uyNrvInc=
-9,25,CusYlhEGwotJzQNj2JaX4VjWZ2w=,S8eQ+M9Gvtw2Aecl6d4uyNrvInc=
