-31,-70,amuahLn8E+w5djwxs5Yb0orOYy0=,cAq7omH1qaryMw5wiCUoRUdY5CY=
-32,-70,amuahLn8E+w5djwxs5Yb0orOYy0=,cAq7omH1qaryMw5wiCUoRUdY5CY=
-32,-68,amuahLn8E+w5djwxs5Yb0orOYy0=,cAq7omH1qaryMw5wiCUoRUdY5CY=
-32,-69,amuahLn8E+w5djwxs5Yb0orOYy0=,cAq7omH1qaryMw5wiCUoRUdY5CY=
-32,-71,amuahLn8E+w5djwxs5Yb0orOYy0=,cAq7omH1qaryMw5wiCUoRUdY5CY=
-32,-67,amuahLn8E+w5djwxs5Yb0orOYy0=,cAq7omH1qaryMw5wiCUoRUdY5CY=
-32,-66,amuahLn8E+w5djwxs5Yb0orOYy0=,cAq7omH1qaryMw5wiCUoRUdY5CY=
-32,-72,amuahLn8E+w5djwxs5Yb0orOYy0=,cAq7omH1qaryMw5wiCUoRUdY5CY=
-26,-71,amuahLn8E+w5djwxs5Yb0orOYy0=,cAq7omH1qaryMw5wiCUoRUdY5CY=
-27,-71,amuahLn8E+w5djwxs5Yb0orOYy0=,cAq7omH1qaryMw5wiCUoRUdY5CY=
-26,-66,amuahLn8E+w5djwxs5Yb0orOYy0=,cAq7omH1qaryMw5wiCUoRUdY5CY=
-28,-71,amuahLn8E+w5djwxs5Yb0orOYy0=,cAq7omH1qaryMw5wiCUoRUdY5CY=
-27,-66,amuahLn8E+w5djwxs5Yb0orOYy0=,cAq7omH1qaryMw5wiCUoRUdY5CY=
-28,-66,amuahLn8E+w5djwxs5Yb0orOYy0=,cAq7omH1qaryMw5wiCUoRUdY5CY=
-29,-71,amuahLn8E+w5djwxs5Yb0orOYy0=,cAq7omH1qaryMw5wiCUoRUdY5CY=
-29,-66,amuahLn8E+w5djwxs5Yb0orOYy0=,cAq7omH1qaryMw5wiCUoRUdY5CY=
-30,-66,amuahLn8E+w5djwxs5Yb0orOYy0=,cAq7omH1qaryMw5wiCUoRUdY5CY=
-30,-71,amuahLn8E+w5djwxs5Yb0orOYy0=,cAq7omH1qaryMw5wiCUoRUdY5CY=
-31,-66,amuahLn8E+w5djwxs5Yb0orOYy0=,cAq7omH1qaryMw5wiCUoRUdY5CY=
-26,-67,amuahLn8E+w5djwxs5Yb0orOYy0=,cAq7omH1qaryMw5wiCUoRUdY5CY=
-27,-67,amuahLn8E+w5djwxs5Yb0orOYy0=,cAq7omH1qaryMw5wiCUoRUdY5CY=
-28,-67,amuahLn8E+w5djwxs5Yb0orOYy0=,cAq7omH1qaryMw5wiCUoRUdY5CY=
-29,-67,amuahLn8E+w5djwxs5Yb0orOYy0=,cAq7omH1qaryMw5wiCUoRUdY5CY=
-30,-67,amuahLn8E+w5djwxs5Yb0orOYy0=,cAq7omH1qaryMw5wiCUoRUdY5CY=
-31,-67,amuahLn8E+w5djwxs5Yb0orOYy0=,cAq7omH1qaryMw5wiCUoRUdY5CY=
-31,-71,amuahLn8E+w5djwxs5Yb0orOYy0=,cAq7omH1qaryMw5wiCUoRUdY5CY=
-26,-68,amuahLn8E+w5djwxs5Yb0orOYy0=,cAq7omH1qaryMw5wiCUoRUdY5CY=
-27,-68,amuahLn8E+w5djwxs5Yb0orOYy0=,cAq7omH1qaryMw5wiCUoRUdY5CY=
-28,-68,amuahLn8E+w5djwxs5Yb0orOYy0=,cAq7omH1qaryMw5wiCUoRUdY5CY=
-29,-68,amuahLn8E+w5djwxs5Yb0orOYy0=,cAq7omH1qaryMw5wiCUoRUdY5CY=
-26,-72,amuahLn8E+w5djwxs5Yb0orOYy0=,cAq7omH1qaryMw5wiCUoRUdY5CY=
-30,-68,amuahLn8E+w5djwxs5Yb0orOYy0=,cAq7omH1qaryMw5wiCUoRUdY5CY=
-31,-68,amuahLn8E+w5djwxs5Yb0orOYy0=,cAq7omH1qaryMw5wiCUoRUdY5CY=
-26,-69,amuahLn8E+w5djwxs5Yb0orOYy0=,cAq7omH1qaryMw5wiCUoRUdY5CY=
-27,-69,amuahLn8E+w5djwxs5Yb0orOYy0=,cAq7omH1qaryMw5wiCUoRUdY5CY=
-29,-69,amuahLn8E+w5djwxs5Yb0orOYy0=,cAq7omH1qaryMw5wiCUoRUdY5CY=
-28,-69,amuahLn8E+w5djwxs5Yb0orOYy0=,cAq7omH1qaryMw5wiCUoRUdY5CY=
-28,-72,amuahLn8E+w5djwxs5Yb0orOYy0=,cAq7omH1qaryMw5wiCUoRUdY5CY=
-27,-72,amuahLn8E+w5djwxs5Yb0orOYy0=,cAq7omH1qaryMw5wiCUoRUdY5CY=
-30,-69,amuahLn8E+w5djwxs5Yb0orOYy0=,cAq7omH1qaryMw5wiCUoRUdY5CY=
-32,-65,amuahLn8E+w5djwxs5Yb0orOYy0=,cAq7omH1qaryMw5wiCUoRUdY5CY=
-31,-65,amuahLn8E+w5djwxs5Yb0orOYy0=,cAq7omH1qaryMw5wiCUoRUdY5CY=
-29,-65,amuahLn8E+w5djwxs5Yb0orOYy0=,cAq7omH1qaryMw5wiCUoRUdY5CY=
-30,-65,amuahLn8E+w5djwxs5Yb0orOYy0=,cAq7omH1qaryMw5wiCUoRUdY5CY=
-27,-65,amuahLn8E+w5djwxs5Yb0orOYy0=,cAq7omH1qaryMw5wiCUoRUdY5CY=
-28,-65,amuahLn8E+w5djwxs5Yb0orOYy0=,cAq7omH1qaryMw5wiCUoRUdY5CY=
-26,-65,amuahLn8E+w5djwxs5Yb0orOYy0=,cAq7omH1qaryMw5wiCUoRUdY5CY=
-31,-69,amuahLn8E+w5djwxs5Yb0orOYy0=,cAq7omH1qaryMw5wiCUoRUdY5CY=
-29,-72,amuahLn8E+w5djwxs5Yb0orOYy0=,cAq7omH1qaryMw5wiCUoRUdY5CY=
-26,-70,amuahLn8E+w5djwxs5Yb0orOYy0=,cAq7omH1qaryMw5wiCUoRUdY5CY=
-27,-70,amuahLn8E+w5djwxs5Yb0orOYy0=,cAq7omH1qaryMw5wiCUoRUdY5CY=
-30,-72,amuahLn8E+w5djwxs5Yb0orOYy0=,cAq7omH1qaryMw5wiCUoRUdY5CY=
-28,-70,amuahLn8E+w5djwxs5Yb0orOYy0=,cAq7omH1qaryMw5wiCUoRUdY5CY=
-31,-72,amuahLn8E+w5djwxs5Yb0orOYy0=,cAq7omH1qaryMw5wiCUoRUdY5CY=
-29,-70,amuahLn8E+w5djwxs5Yb0orOYy0=,cAq7omH1qaryMw5wiCUoRUdY5CY=
-30,-70,amuahLn8E+w5djwxs5Yb0orOYy0=,cAq7omH1qaryMw5wiCUoRUdY5CY=
-19,-65,amuahLn8E+w5djwxs5Yb0orOYy0=,lLqng02/pAIgJJncTmKfr00aV5M=
-20,-65,amuahLn8E+w5djwxs5Yb0orOYy0=,lLqng02/pAIgJJncTmKfr00aV5M=
-19,-66,amuahLn8E+w5djwxs5Yb0orOYy0=,lLqng02/pAIgJJncTmKfr00aV5M=
-18,-66,amuahLn8E+w5djwxs5Yb0orOYy0=,lLqng02/pAIgJJncTmKfr00aV5M=
-22,-70,amuahLn8E+w5djwxs5Yb0orOYy0=,lLqng02/pAIgJJncTmKfr00aV5M=
-22,-69,amuahLn8E+w5djwxs5Yb0orOYy0=,lLqng02/pAIgJJncTmKfr00aV5M=
-19,-67,amuahLn8E+w5djwxs5Yb0orOYy0=,lLqng02/pAIgJJncTmKfr00aV5M=
-20,-67,amuahLn8E+w5djwxs5Yb0orOYy0=,lLqng02/pAIgJJncTmKfr00aV5M=
-17,-72,amuahLn8E+w5djwxs5Yb0orOYy0=,lLqng02/pAIgJJncTmKfr00aV5M=
-21,-69,amuahLn8E+w5djwxs5Yb0orOYy0=,lLqng02/pAIgJJncTmKfr00aV5M=
-21,-67,amuahLn8E+w5djwxs5Yb0orOYy0=,lLqng02/pAIgJJncTmKfr00aV5M=
-25,-71,amuahLn8E+w5djwxs5Yb0orOYy0=,cAq7omH1qaryMw5wiCUoRUdY5CY=
-20,-68,amuahLn8E+w5djwxs5Yb0orOYy0=,lLqng02/pAIgJJncTmKfr00aV5M=
-17,-66,amuahLn8E+w5djwxs5Yb0orOYy0=,lLqng02/pAIgJJncTmKfr00aV5M=
-19,-72,amuahLn8E+w5djwxs5Yb0orOYy0=,lLqng02/pAIgJJncTmKfr00aV5M=
-22,-67,amuahLn8E+w5djwxs5Yb0orOYy0=,lLqng02/pAIgJJncTmKfr00aV5M=
-24,-72,amuahLn8E+w5djwxs5Yb0orOYy0=,lLqng02/pAIgJJncTmKfr00aV5M=
-17,-71,amuahLn8E+w5djwxs5Yb0orOYy0=,lLqng02/pAIgJJncTmKfr00aV5M=
-21,-70,amuahLn8E+w5djwxs5Yb0orOYy0=,lLqng02/pAIgJJncTmKfr00aV5M=
-20,-70,amuahLn8E+w5djwxs5Yb0orOYy0=,lLqng02/pAIgJJncTmKfr00aV5M=
-20,-66,amuahLn8E+w5djwxs5Yb0orOYy0=,lLqng02/pAIgJJncTmKfr00aV5M=
-18,-71,amuahLn8E+w5djwxs5Yb0orOYy0=,lLqng02/pAIgJJncTmKfr00aV5M=
-18,-65,amuahLn8E+w5djwxs5Yb0orOYy0=,lLqng02/pAIgJJncTmKfr00aV5M=
-19,-71,amuahLn8E+w5djwxs5Yb0orOYy0=,lLqng02/pAIgJJncTmKfr00aV5M=
-24,-70,amuahLn8E+w5djwxs5Yb0orOYy0=,lLqng02/pAIgJJncTmKfr00aV5M=
-20,-71,amuahLn8E+w5djwxs5Yb0orOYy0=,lLqng02/pAIgJJncTmKfr00aV5M=
-22,-71,amuahLn8E+w5djwxs5Yb0orOYy0=,lLqng02/pAIgJJncTmKfr00aV5M=
-21,-72,amuahLn8E+w5djwxs5Yb0orOYy0=,lLqng02/pAIgJJncTmKfr00aV5M=
-21,-71,amuahLn8E+w5djwxs5Yb0orOYy0=,lLqng02/pAIgJJncTmKfr00aV5M=
-25,-67,amuahLn8E+w5djwxs5Yb0orOYy0=,cAq7omH1qaryMw5wiCUoRUdY5CY=
-17,-65,amuahLn8E+w5djwxs5Yb0orOYy0=,lLqng02/pAIgJJncTmKfr00aV5M=
-21,-66,amuahLn8E+w5djwxs5Yb0orOYy0=,lLqng02/pAIgJJncTmKfr00aV5M=
-23,-69,amuahLn8E+w5djwxs5Yb0orOYy0=,lLqng02/pAIgJJncTmKfr00aV5M=
-22,-68,amuahLn8E+w5djwxs5Yb0orOYy0=,lLqng02/pAIgJJncTmKfr00aV5M=
-25,-68,amuahLn8E+w5djwxs5Yb0orOYy0=,cAq7omH1qaryMw5wiCUoRUdY5CY=
-25,-72,amuahLn8E+w5djwxs5Yb0orOYy0=,cAq7omH1qaryMw5wiCUoRUdY5CY=
-21,-68,amuahLn8E+w5djwxs5Yb0orOYy0=,lLqng02/pAIgJJncTmKfr00aV5M=
-21,-65,amuahLn8E+w5djwxs5Yb0orOYy0=,lLqng02/pAIgJJncTmKfr00aV5M=
-17,-68,amuahLn8E+w5djwxs5Yb0orOYy0=,lLqng02/pAIgJJncTmKfr00aV5M=
-24,-69,amuahLn8E+w5djwxs5Yb0orOYy0=,lLqng02/pAIgJJncTmKfr00aV5M=
-23,-68,amuahLn8E+w5djwxs5Yb0orOYy0=,lLqng02/pAIgJJncTmKfr00aV5M=
-18,-68,amuahLn8E+w5djwxs5Yb0orOYy0=,lLqng02/pAIgJJncTmKfr00aV5M=
-25,-69,amuahLn8E+w5djwxs5Yb0orOYy0=,cAq7omH1qaryMw5wiCUoRUdY5CY=
-17,-70,amuahLn8E+w5djwxs5Yb0orOYy0=,lLqng02/pAIgJJncTmKfr00aV5M=
-18,-72,amuahLn8E+w5djwxs5Yb0orOYy0=,lLqng02/pAIgJJncTmKfr00aV5M=
-23,-71,amuahLn8E+w5djwxs5Yb0orOYy0=,lLqng02/pAIgJJncTmKfr00aV5M=
-24,-71,amuahLn8E+w5djwxs5Yb0orOYy0=,lLqng02/pAIgJJncTmKfr00aV5M=
-22,-72,amuahLn8E+w5djwxs5Yb0orOYy0=,lLqng02/pAIgJJncTmKfr00aV5M=
-23,-72,amuahLn8E+w5djwxs5Yb0orOYy0=,lLqng02/pAIgJJncTmKfr00aV5M=
-24,-68,amuahLn8E+w5djwxs5Yb0orOYy0=,lLqng02/pAIgJJncTmKfr00aV5M=
-25,-70,amuahLn8E+w5djwxs5Yb0orOYy0=,cAq7omH1qaryMw5wiCUoRUdY5CY=
-17,-67,amuahLn8E+w5djwxs5Yb0orOYy0=,lLqng02/pAIgJJncTmKfr00aV5M=
-17,-69,amuahLn8E+w5djwxs5Yb0orOYy0=,lLqng02/pAIgJJncTmKfr00aV5M=
-18,-67,amuahLn8E+w5djwxs5Yb0orOYy0=,lLqng02/pAIgJJncTmKfr00aV5M=
-19,-70,amuahLn8E+w5djwxs5Yb0orOYy0=,lLqng02/pAIgJJncTmKfr00aV5M=
-18,-69,amuahLn8E+w5djwxs5Yb0orOYy0=,lLqng02/pAIgJJncTmKfr00aV5M=
-18,-70,amuahLn8E+w5djwxs5Yb0orOYy0=,lLqng02/pAIgJJncTmKfr00aV5M=
-19,-69,amuahLn8E+w5djwxs5Yb0orOYy0=,lLqng02/pAIgJJncTmKfr00aV5M=
-20,-69,amuahLn8E+w5djwxs5Yb0orOYy0=,lLqng02/pAIgJJncTmKfr00aV5M=
-19,-68,amuahLn8E+w5djwxs5Yb0orOYy0=,lLqng02/pAIgJJncTmKfr00aV5M=
-20,-72,amuahLn8E+w5djwxs5Yb0orOYy0=,lLqng02/pAIgJJncTmKfr00aV5M=
-23,-70,amuahLn8E+w5djwxs5Yb0orOYy0=,lLqng02/pAIgJJncTmKfr00aV5M=
-22,-66,amuahLn8E+w5djwxs5Yb0orOYy0=,lLqng02/pAIgJJncTmKfr00aV5M=
-25,-66,amuahLn8E+w5djwxs5Yb0orOYy0=,cAq7omH1qaryMw5wiCUoRUdY5CY=
-25,-65,amuahLn8E+w5djwxs5Yb0orOYy0=,cAq7omH1qaryMw5wiCUoRUdY5CY=
-24,-67,amuahLn8E+w5djwxs5Yb0orOYy0=,lLqng02/pAIgJJncTmKfr00aV5M=
-23,-67,amuahLn8E+w5djwxs5Yb0orOYy0=,lLqng02/pAIgJJncTmKfr00aV5M=
-23,-66,amuahLn8E+w5djwxs5Yb0orOYy0=,lLqng02/pAIgJJncTmKfr00aV5M=
-22,-65,amuahLn8E+w5djwxs5Yb0orOYy0=,lLqng02/pAIgJJncTmKfr00aV5M=
-23,-65,amuahLn8E+w5djwxs5Yb0orOYy0=,lLqng02/pAIgJJncTmKfr00aV5M=
-24,-66,amuahLn8E+w5djwxs5Yb0orOYy0=,lLqng02/pAIgJJncTmKfr00aV5M=
-24,-65,amuahLn8E+w5djwxs5Yb0orOYy0=,lLqng02/pAIgJJncTmKfr00aV5M=
-2,-73,kY1H5UsigBtORStGpr5iTprqjzY=,zyVeHjfrK7aKXzu5mxE0nCBKMYk=
-3,-73,kY1H5UsigBtORStGpr5iTprqjzY=,zyVeHjfrK7aKXzu5mxE0nCBKMYk=
-4,-73,kY1H5UsigBtORStGpr5iTprqjzY=,zyVeHjfrK7aKXzu5mxE0nCBKMYk=
-3,-75,kY1H5UsigBtORStGpr5iTprqjzY=,zyVeHjfrK7aKXzu5mxE0nCBKMYk=
-3,-74,kY1H5UsigBtORStGpr5iTprqjzY=,zyVeHjfrK7aKXzu5mxE0nCBKMYk=
-4,-74,kY1H5UsigBtORStGpr5iTprqjzY=,zyVeHjfrK7aKXzu5mxE0nCBKMYk=
-4,-75,kY1H5UsigBtORStGpr5iTprqjzY=,zyVeHjfrK7aKXzu5mxE0nCBKMYk=
-5,-75,kY1H5UsigBtORStGpr5iTprqjzY=,zyVeHjfrK7aKXzu5mxE0nCBKMYk=
-5,-77,kY1H5UsigBtORStGpr5iTprqjzY=,zyVeHjfrK7aKXzu5mxE0nCBKMYk=
-6,-77,kY1H5UsigBtORStGpr5iTprqjzY=,zyVeHjfrK7aKXzu5mxE0nCBKMYk=
-5,-73,kY1H5UsigBtORStGpr5iTprqjzY=,zyVeHjfrK7aKXzu5mxE0nCBKMYk=
-7,-77,kY1H5UsigBtORStGpr5iTprqjzY=,zyVeHjfrK7aKXzu5mxE0nCBKMYk=
-8,-77,kY1H5UsigBtORStGpr5iTprqjzY=,zyVeHjfrK7aKXzu5mxE0nCBKMYk=
-5,-74,kY1H5UsigBtORStGpr5iTprqjzY=,zyVeHjfrK7aKXzu5mxE0nCBKMYk=
-2,-78,kY1H5UsigBtORStGpr5iTprqjzY=,zyVeHjfrK7aKXzu5mxE0nCBKMYk=
-3,-78,kY1H5UsigBtORStGpr5iTprqjzY=,zyVeHjfrK7aKXzu5mxE0nCBKMYk=
-7,-79,kY1H5UsigBtORStGpr5iTprqjzY=,zyVeHjfrK7aKXzu5mxE0nCBKMYk=
-6,-75,kY1H5UsigBtORStGpr5iTprqjzY=,zyVeHjfrK7aKXzu5mxE0nCBKMYk=
-7,-75,kY1H5UsigBtORStGpr5iTprqjzY=,zyVeHjfrK7aKXzu5mxE0nCBKMYk=
-4,-78,kY1H5UsigBtORStGpr5iTprqjzY=,zyVeHjfrK7aKXzu5mxE0nCBKMYk=
-7,-78,kY1H5UsigBtORStGpr5iTprqjzY=,zyVeHjfrK7aKXzu5mxE0nCBKMYk=
-8,-75,kY1H5UsigBtORStGpr5iTprqjzY=,zyVeHjfrK7aKXzu5mxE0nCBKMYk=
-6,-74,kY1H5UsigBtORStGpr5iTprqjzY=,zyVeHjfrK7aKXzu5mxE0nCBKMYk=
-8,-78,kY1H5UsigBtORStGpr5iTprqjzY=,zyVeHjfrK7aKXzu5mxE0nCBKMYk=
-7,-74,kY1H5UsigBtORStGpr5iTprqjzY=,zyVeHjfrK7aKXzu5mxE0nCBKMYk=
-5,-78,kY1H5UsigBtORStGpr5iTprqjzY=,zyVeHjfrK7aKXzu5mxE0nCBKMYk=
-8,-79,kY1H5UsigBtORStGpr5iTprqjzY=,zyVeHjfrK7aKXzu5mxE0nCBKMYk=
-2,-79,kY1H5UsigBtORStGpr5iTprqjzY=,zyVeHjfrK7aKXzu5mxE0nCBKMYk=
-3,-79,kY1H5UsigBtORStGpr5iTprqjzY=,zyVeHjfrK7aKXzu5mxE0nCBKMYk=
-5,-80,kY1H5UsigBtORStGpr5iTprqjzY=,zyVeHjfrK7aKXzu5mxE0nCBKMYk=
-5,-76,kY1H5UsigBtORStGpr5iTprqjzY=,zyVeHjfrK7aKXzu5mxE0nCBKMYk=
-8,-74,kY1H5UsigBtORStGpr5iTprqjzY=,zyVeHjfrK7aKXzu5mxE0nCBKMYk=
-6,-76,kY1H5UsigBtORStGpr5iTprqjzY=,zyVeHjfrK7aKXzu5mxE0nCBKMYk=
-7,-76,kY1H5UsigBtORStGpr5iTprqjzY=,zyVeHjfrK7aKXzu5mxE0nCBKMYk=
-2,-80,kY1H5UsigBtORStGpr5iTprqjzY=,zyVeHjfrK7aKXzu5mxE0nCBKMYk=
-4,-79,kY1H5UsigBtORStGpr5iTprqjzY=,zyVeHjfrK7aKXzu5mxE0nCBKMYk=
-8,-76,kY1H5UsigBtORStGpr5iTprqjzY=,zyVeHjfrK7aKXzu5mxE0nCBKMYk=
-2,-77,kY1H5UsigBtORStGpr5iTprqjzY=,zyVeHjfrK7aKXzu5mxE0nCBKMYk=
-7,-80,kY1H5UsigBtORStGpr5iTprqjzY=,zyVeHjfrK7aKXzu5mxE0nCBKMYk=
-3,-80,kY1H5UsigBtORStGpr5iTprqjzY=,zyVeHjfrK7aKXzu5mxE0nCBKMYk=
-6,-80,kY1H5UsigBtORStGpr5iTprqjzY=,zyVeHjfrK7aKXzu5mxE0nCBKMYk=
-2,-76,kY1H5UsigBtORStGpr5iTprqjzY=,zyVeHjfrK7aKXzu5mxE0nCBKMYk=
-3,-77,kY1H5UsigBtORStGpr5iTprqjzY=,zyVeHjfrK7aKXzu5mxE0nCBKMYk=
-5,-79,kY1H5UsigBtORStGpr5iTprqjzY=,zyVeHjfrK7aKXzu5mxE0nCBKMYk=
-6,-73,kY1H5UsigBtORStGpr5iTprqjzY=,zyVeHjfrK7aKXzu5mxE0nCBKMYk=
-4,-77,kY1H5UsigBtORStGpr5iTprqjzY=,zyVeHjfrK7aKXzu5mxE0nCBKMYk=
-7,-73,kY1H5UsigBtORStGpr5iTprqjzY=,zyVeHjfrK7aKXzu5mxE0nCBKMYk=
-6,-78,kY1H5UsigBtORStGpr5iTprqjzY=,zyVeHjfrK7aKXzu5mxE0nCBKMYk=
-3,-76,kY1H5UsigBtORStGpr5iTprqjzY=,zyVeHjfrK7aKXzu5mxE0nCBKMYk=
-4,-76,kY1H5UsigBtORStGpr5iTprqjzY=,zyVeHjfrK7aKXzu5mxE0nCBKMYk=
-4,-80,kY1H5UsigBtORStGpr5iTprqjzY=,zyVeHjfrK7aKXzu5mxE0nCBKMYk=
-8,-73,kY1H5UsigBtORStGpr5iTprqjzY=,zyVeHjfrK7aKXzu5mxE0nCBKMYk=
-6,-79,kY1H5UsigBtORStGpr5iTprqjzY=,zyVeHjfrK7aKXzu5mxE0nCBKMYk=
-2,-75,kY1H5UsigBtORStGpr5iTprqjzY=,zyVeHjfrK7aKXzu5mxE0nCBKMYk=
-2,-74,kY1H5UsigBtORStGpr5iTprqjzY=,zyVeHjfrK7aKXzu5mxE0nCBKMYk=
-8,-80,kY1H5UsigBtORStGpr5iTprqjzY=,zyVeHjfrK7aKXzu5mxE0nCBKMYk=
-1,-79,kY1H5UsigBtORStGpr5iTprqjzY=,zyVeHjfrK7aKXzu5mxE0nCBKMYk=
-1,-75,kY1H5UsigBtORStGpr5iTprqjzY=,zyVeHjfrK7aKXzu5mxE0nCBKMYk=
-1,-73,kY1H5UsigBtORStGpr5iTprqjzY=,zyVeHjfrK7aKXzu5mxE0nCBKMYk=
-1,-77,kY1H5UsigBtORStGpr5iTprqjzY=,zyVeHjfrK7aKXzu5mxE0nCBKMYk=
-1,-74,kY1H5UsigBtORStGpr5iTprqjzY=,zyVeHjfrK7aKXzu5mxE0nCBKMYk=
-1,-80,kY1H5UsigBtORStGpr5iTprqjzY=,zyVeHjfrK7aKXzu5mxE0nCBKMYk=
-1,-76,kY1H5UsigBtORStGpr5iTprqjzY=,zyVeHjfrK7aKXzu5mxE0nCBKMYk=
-1,-78,kY1H5UsigBtORStGpr5iTprqjzY=,zyVeHjfrK7aKXzu5mxE0nCBKMYk=
-6,-86,AqXyMZl/VRRnVNbYXxT1fxbSZNE=,yPumNtQCRaLqNMHt7SCqTiFhhts=
-2,-82,hhEux42mvpZARuj19fFPUikEFxs=,yPumNtQCRaLqNMHt7SCqTiFhhts=
-5,-86,AqXyMZl/VRRnVNbYXxT1fxbSZNE=,yPumNtQCRaLqNMHt7SCqTiFhhts=
-3,-82,hhEux42mvpZARuj19fFPUikEFxs=,yPumNtQCRaLqNMHt7SCqTiFhhts=
-7,-87,AqXyMZl/VRRnVNbYXxT1fxbSZNE=,yPumNtQCRaLqNMHt7SCqTiFhhts=
-4,-82,hhEux42mvpZARuj19fFPUikEFxs=,yPumNtQCRaLqNMHt7SCqTiFhhts=
-5,-84,hhEux42mvpZARuj19fFPUikEFxs=,yPumNtQCRaLqNMHt7SCqTiFhhts=
-7,-86,AqXyMZl/VRRnVNbYXxT1fxbSZNE=,yPumNtQCRaLqNMHt7SCqTiFhhts=
-8,-86,AqXyMZl/VRRnVNbYXxT1fxbSZNE=,yPumNtQCRaLqNMHt7SCqTiFhhts=
-5,-83,hhEux42mvpZARuj19fFPUikEFxs=,yPumNtQCRaLqNMHt7SCqTiFhhts=
-7,-85,AqXyMZl/VRRnVNbYXxT1fxbSZNE=,yPumNtQCRaLqNMHt7SCqTiFhhts=
-2,-87,AqXyMZl/VRRnVNbYXxT1fxbSZNE=,yPumNtQCRaLqNMHt7SCqTiFhhts=
-4,-86,AqXyMZl/VRRnVNbYXxT1fxbSZNE=,yPumNtQCRaLqNMHt7SCqTiFhhts=
-3,-87,AqXyMZl/VRRnVNbYXxT1fxbSZNE=,yPumNtQCRaLqNMHt7SCqTiFhhts=
-4,-87,AqXyMZl/VRRnVNbYXxT1fxbSZNE=,yPumNtQCRaLqNMHt7SCqTiFhhts=
-6,-84,hhEux42mvpZARuj19fFPUikEFxs=,yPumNtQCRaLqNMHt7SCqTiFhhts=
-7,-84,hhEux42mvpZARuj19fFPUikEFxs=,yPumNtQCRaLqNMHt7SCqTiFhhts=
-8,-84,hhEux42mvpZARuj19fFPUikEFxs=,yPumNtQCRaLqNMHt7SCqTiFhhts=
-2,-85,AqXyMZl/VRRnVNbYXxT1fxbSZNE=,yPumNtQCRaLqNMHt7SCqTiFhhts=
-4,-83,hhEux42mvpZARuj19fFPUikEFxs=,yPumNtQCRaLqNMHt7SCqTiFhhts=
-6,-83,hhEux42mvpZARuj19fFPUikEFxs=,yPumNtQCRaLqNMHt7SCqTiFhhts=
-3,-85,AqXyMZl/VRRnVNbYXxT1fxbSZNE=,yPumNtQCRaLqNMHt7SCqTiFhhts=
-3,-83,hhEux42mvpZARuj19fFPUikEFxs=,yPumNtQCRaLqNMHt7SCqTiFhhts=
-4,-84,hhEux42mvpZARuj19fFPUikEFxs=,yPumNtQCRaLqNMHt7SCqTiFhhts=
-4,-85,AqXyMZl/VRRnVNbYXxT1fxbSZNE=,yPumNtQCRaLqNMHt7SCqTiFhhts=
-5,-82,hhEux42mvpZARuj19fFPUikEFxs=,yPumNtQCRaLqNMHt7SCqTiFhhts=
-6,-82,hhEux42mvpZARuj19fFPUikEFxs=,yPumNtQCRaLqNMHt7SCqTiFhhts=
-8,-87,AqXyMZl/VRRnVNbYXxT1fxbSZNE=,yPumNtQCRaLqNMHt7SCqTiFhhts=
-5,-87,AqXyMZl/VRRnVNbYXxT1fxbSZNE=,yPumNtQCRaLqNMHt7SCqTiFhhts=
-3,-84,hhEux42mvpZARuj19fFPUikEFxs=,yPumNtQCRaLqNMHt7SCqTiFhhts=
-2,-84,hhEux42mvpZARuj19fFPUikEFxs=,yPumNtQCRaLqNMHt7SCqTiFhhts=
-7,-83,hhEux42mvpZARuj19fFPUikEFxs=,yPumNtQCRaLqNMHt7SCqTiFhhts=
-8,-83,hhEux42mvpZARuj19fFPUikEFxs=,yPumNtQCRaLqNMHt7SCqTiFhhts=
-8,-85,AqXyMZl/VRRnVNbYXxT1fxbSZNE=,yPumNtQCRaLqNMHt7SCqTiFhhts=
-7,-82,hhEux42mvpZARuj19fFPUikEFxs=,yPumNtQCRaLqNMHt7SCqTiFhhts=
-6,-87,AqXyMZl/VRRnVNbYXxT1fxbSZNE=,yPumNtQCRaLqNMHt7SCqTiFhhts=
-5,-85,AqXyMZl/VRRnVNbYXxT1fxbSZNE=,yPumNtQCRaLqNMHt7SCqTiFhhts=
-2,-86,AqXyMZl/VRRnVNbYXxT1fxbSZNE=,yPumNtQCRaLqNMHt7SCqTiFhhts=
-3,-86,AqXyMZl/VRRnVNbYXxT1fxbSZNE=,yPumNtQCRaLqNMHt7SCqTiFhhts=
-8,-82,hhEux42mvpZARuj19fFPUikEFxs=,yPumNtQCRaLqNMHt7SCqTiFhhts=
-2,-83,hhEux42mvpZARuj19fFPUikEFxs=,yPumNtQCRaLqNMHt7SCqTiFhhts=
-6,-85,AqXyMZl/VRRnVNbYXxT1fxbSZNE=,yPumNtQCRaLqNMHt7SCqTiFhhts=
-2,-81,hhEux42mvpZARuj19fFPUikEFxs=,yPumNtQCRaLqNMHt7SCqTiFhhts=
-7,-81,hhEux42mvpZARuj19fFPUikEFxs=,yPumNtQCRaLqNMHt7SCqTiFhhts=
-6,-81,hhEux42mvpZARuj19fFPUikEFxs=,yPumNtQCRaLqNMHt7SCqTiFhhts=
-3,-81,hhEux42mvpZARuj19fFPUikEFxs=,yPumNtQCRaLqNMHt7SCqTiFhhts=
-5,-81,hhEux42mvpZARuj19fFPUikEFxs=,yPumNtQCRaLqNMHt7SCqTiFhhts=
-4,-81,hhEux42mvpZARuj19fFPUikEFxs=,yPumNtQCRaLqNMHt7SCqTiFhhts=
-1,-82,hhEux42mvpZARuj19fFPUikEFxs=,yPumNtQCRaLqNMHt7SCqTiFhhts=
-1,-83,hhEux42mvpZARuj19fFPUikEFxs=,yPumNtQCRaLqNMHt7SCqTiFhhts=
-1,-87,AqXyMZl/VRRnVNbYXxT1fxbSZNE=,yPumNtQCRaLqNMHt7SCqTiFhhts=
-1,-85,AqXyMZl/VRRnVNbYXxT1fxbSZNE=,yPumNtQCRaLqNMHt7SCqTiFhhts=
-1,-86,AqXyMZl/VRRnVNbYXxT1fxbSZNE=,yPumNtQCRaLqNMHt7SCqTiFhhts=
-1,-84,hhEux42mvpZARuj19fFPUikEFxs=,yPumNtQCRaLqNMHt7SCqTiFhhts=
-8,-81,hhEux42mvpZARuj19fFPUikEFxs=,yPumNtQCRaLqNMHt7SCqTiFhhts=
-1,-81,hhEux42mvpZARuj19fFPUikEFxs=,yPumNtQCRaLqNMHt7SCqTiFhhts=
-4,-88,AqXyMZl/VRRnVNbYXxT1fxbSZNE=,yPumNtQCRaLqNMHt7SCqTiFhhts=
-3,-89,AqXyMZl/VRRnVNbYXxT1fxbSZNE=,VCjCuKi8m10wMfbPnq7CtCmJHAU=
-4,-89,AqXyMZl/VRRnVNbYXxT1fxbSZNE=,VCjCuKi8m10wMfbPnq7CtCmJHAU=
-7,-88,AqXyMZl/VRRnVNbYXxT1fxbSZNE=,yPumNtQCRaLqNMHt7SCqTiFhhts=
-5,-89,AqXyMZl/VRRnVNbYXxT1fxbSZNE=,VCjCuKi8m10wMfbPnq7CtCmJHAU=
-6,-89,AqXyMZl/VRRnVNbYXxT1fxbSZNE=,VCjCuKi8m10wMfbPnq7CtCmJHAU=
-7,-89,AqXyMZl/VRRnVNbYXxT1fxbSZNE=,VCjCuKi8m10wMfbPnq7CtCmJHAU=
-8,-89,AqXyMZl/VRRnVNbYXxT1fxbSZNE=,VCjCuKi8m10wMfbPnq7CtCmJHAU=
-4,-90,AqXyMZl/VRRnVNbYXxT1fxbSZNE=,VCjCuKi8m10wMfbPnq7CtCmJHAU=
-5,-90,AqXyMZl/VRRnVNbYXxT1fxbSZNE=,VCjCuKi8m10wMfbPnq7CtCmJHAU=
-7,-90,AqXyMZl/VRRnVNbYXxT1fxbSZNE=,VCjCuKi8m10wMfbPnq7CtCmJHAU=
-6,-90,AqXyMZl/VRRnVNbYXxT1fxbSZNE=,VCjCuKi8m10wMfbPnq7CtCmJHAU=
-8,-90,AqXyMZl/VRRnVNbYXxT1fxbSZNE=,VCjCuKi8m10wMfbPnq7CtCmJHAU=
-8,-95,AqXyMZl/VRRnVNbYXxT1fxbSZNE=,VCjCuKi8m10wMfbPnq7CtCmJHAU=
-5,-91,AqXyMZl/VRRnVNbYXxT1fxbSZNE=,VCjCuKi8m10wMfbPnq7CtCmJHAU=
-2,-88,AqXyMZl/VRRnVNbYXxT1fxbSZNE=,yPumNtQCRaLqNMHt7SCqTiFhhts=
-6,-91,AqXyMZl/VRRnVNbYXxT1fxbSZNE=,VCjCuKi8m10wMfbPnq7CtCmJHAU=
-7,-91,AqXyMZl/VRRnVNbYXxT1fxbSZNE=,VCjCuKi8m10wMfbPnq7CtCmJHAU=
-8,-91,AqXyMZl/VRRnVNbYXxT1fxbSZNE=,VCjCuKi8m10wMfbPnq7CtCmJHAU=
-8,-88,AqXyMZl/VRRnVNbYXxT1fxbSZNE=,yPumNtQCRaLqNMHt7SCqTiFhhts=
-5,-96,AqXyMZl/VRRnVNbYXxT1fxbSZNE=,VCjCuKi8m10wMfbPnq7CtCmJHAU=
-7,-92,AqXyMZl/VRRnVNbYXxT1fxbSZNE=,VCjCuKi8m10wMfbPnq7CtCmJHAU=
-6,-92,AqXyMZl/VRRnVNbYXxT1fxbSZNE=,VCjCuKi8m10wMfbPnq7CtCmJHAU=
-8,-92,AqXyMZl/VRRnVNbYXxT1fxbSZNE=,VCjCuKi8m10wMfbPnq7CtCmJHAU=
-6,-96,AqXyMZl/VRRnVNbYXxT1fxbSZNE=,VCjCuKi8m10wMfbPnq7CtCmJHAU=
-3,-88,AqXyMZl/VRRnVNbYXxT1fxbSZNE=,yPumNtQCRaLqNMHt7SCqTiFhhts=
-5,-88,AqXyMZl/VRRnVNbYXxT1fxbSZNE=,yPumNtQCRaLqNMHt7SCqTiFhhts=
-8,-93,AqXyMZl/VRRnVNbYXxT1fxbSZNE=,VCjCuKi8m10wMfbPnq7CtCmJHAU=
-8,-96,hhEux42mvpZARuj19fFPUikEFxs=,VCjCuKi8m10wMfbPnq7CtCmJHAU=
-7,-96,hhEux42mvpZARuj19fFPUikEFxs=,VCjCuKi8m10wMfbPnq7CtCmJHAU=
-6,-88,AqXyMZl/VRRnVNbYXxT1fxbSZNE=,yPumNtQCRaLqNMHt7SCqTiFhhts=
-8,-94,AqXyMZl/VRRnVNbYXxT1fxbSZNE=,VCjCuKi8m10wMfbPnq7CtCmJHAU=
-1,-88,AqXyMZl/VRRnVNbYXxT1fxbSZNE=,yPumNtQCRaLqNMHt7SCqTiFhhts=
-6,-95,AqXyMZl/VRRnVNbYXxT1fxbSZNE=,VCjCuKi8m10wMfbPnq7CtCmJHAU=
-7,-94,AqXyMZl/VRRnVNbYXxT1fxbSZNE=,VCjCuKi8m10wMfbPnq7CtCmJHAU=
-2,-89,AqXyMZl/VRRnVNbYXxT1fxbSZNE=,VCjCuKi8m10wMfbPnq7CtCmJHAU=
-7,-95,AqXyMZl/VRRnVNbYXxT1fxbSZNE=,VCjCuKi8m10wMfbPnq7CtCmJHAU=
-5,-95,AqXyMZl/VRRnVNbYXxT1fxbSZNE=,VCjCuKi8m10wMfbPnq7CtCmJHAU=
-4,-95,AqXyMZl/VRRnVNbYXxT1fxbSZNE=,VCjCuKi8m10wMfbPnq7CtCmJHAU=
-3,-90,AqXyMZl/VRRnVNbYXxT1fxbSZNE=,VCjCuKi8m10wMfbPnq7CtCmJHAU=
-6,-94,AqXyMZl/VRRnVNbYXxT1fxbSZNE=,VCjCuKi8m10wMfbPnq7CtCmJHAU=
-2,-90,AqXyMZl/VRRnVNbYXxT1fxbSZNE=,VCjCuKi8m10wMfbPnq7CtCmJHAU=
-5,-94,AqXyMZl/VRRnVNbYXxT1fxbSZNE=,VCjCuKi8m10wMfbPnq7CtCmJHAU=
-1,-90,AqXyMZl/VRRnVNbYXxT1fxbSZNE=,VCjCuKi8m10wMfbPnq7CtCmJHAU=
-3,-95,AqXyMZl/VRRnVNbYXxT1fxbSZNE=,VCjCuKi8m10wMfbPnq7CtCmJHAU=
-4,-94,AqXyMZl/VRRnVNbYXxT1fxbSZNE=,VCjCuKi8m10wMfbPnq7CtCmJHAU=
-3,-94,AqXyMZl/VRRnVNbYXxT1fxbSZNE=,VCjCuKi8m10wMfbPnq7CtCmJHAU=
-1,-89,AqXyMZl/VRRnVNbYXxT1fxbSZNE=,VCjCuKi8m10wMfbPnq7CtCmJHAU=
-2,-95,AqXyMZl/VRRnVNbYXxT1fxbSZNE=,VCjCuKi8m10wMfbPnq7CtCmJHAU=
-3,-96,AqXyMZl/VRRnVNbYXxT1fxbSZNE=,VCjCuKi8m10wMfbPnq7CtCmJHAU=
-2,-96,AqXyMZl/VRRnVNbYXxT1fxbSZNE=,VCjCuKi8m10wMfbPnq7CtCmJHAU=
-4,-96,AqXyMZl/VRRnVNbYXxT1fxbSZNE=,VCjCuKi8m10wMfbPnq7CtCmJHAU=
-4,-92,AqXyMZl/VRRnVNbYXxT1fxbSZNE=,VCjCuKi8m10wMfbPnq7CtCmJHAU=
-4,-91,AqXyMZl/VRRnVNbYXxT1fxbSZNE=,VCjCuKi8m10wMfbPnq7CtCmJHAU=
-5,-92,AqXyMZl/VRRnVNbYXxT1fxbSZNE=,VCjCuKi8m10wMfbPnq7CtCmJHAU=
-1,-95,AqXyMZl/VRRnVNbYXxT1fxbSZNE=,VCjCuKi8m10wMfbPnq7CtCmJHAU=
-7,-93,AqXyMZl/VRRnVNbYXxT1fxbSZNE=,VCjCuKi8m10wMfbPnq7CtCmJHAU=
-1,-91,AqXyMZl/VRRnVNbYXxT1fxbSZNE=,VCjCuKi8m10wMfbPnq7CtCmJHAU=
-3,-92,AqXyMZl/VRRnVNbYXxT1fxbSZNE=,VCjCuKi8m10wMfbPnq7CtCmJHAU=
-2,-92,AqXyMZl/VRRnVNbYXxT1fxbSZNE=,VCjCuKi8m10wMfbPnq7CtCmJHAU=
-1,-96,AqXyMZl/VRRnVNbYXxT1fxbSZNE=,VCjCuKi8m10wMfbPnq7CtCmJHAU=
-6,-93,AqXyMZl/VRRnVNbYXxT1fxbSZNE=,VCjCuKi8m10wMfbPnq7CtCmJHAU=
-5,-93,AqXyMZl/VRRnVNbYXxT1fxbSZNE=,VCjCuKi8m10wMfbPnq7CtCmJHAU=
-3,-93,AqXyMZl/VRRnVNbYXxT1fxbSZNE=,VCjCuKi8m10wMfbPnq7CtCmJHAU=
-2,-91,AqXyMZl/VRRnVNbYXxT1fxbSZNE=,VCjCuKi8m10wMfbPnq7CtCmJHAU=
-4,-93,AqXyMZl/VRRnVNbYXxT1fxbSZNE=,VCjCuKi8m10wMfbPnq7CtCmJHAU=
-2,-93,AqXyMZl/VRRnVNbYXxT1fxbSZNE=,VCjCuKi8m10wMfbPnq7CtCmJHAU=
-3,-91,AqXyMZl/VRRnVNbYXxT1fxbSZNE=,VCjCuKi8m10wMfbPnq7CtCmJHAU=
-1,-93,AqXyMZl/VRRnVNbYXxT1fxbSZNE=,VCjCuKi8m10wMfbPnq7CtCmJHAU=
-1,-94,AqXyMZl/VRRnVNbYXxT1fxbSZNE=,VCjCuKi8m10wMfbPnq7CtCmJHAU=
-1,-92,AqXyMZl/VRRnVNbYXxT1fxbSZNE=,VCjCuKi8m10wMfbPnq7CtCmJHAU=
-2,-94,AqXyMZl/VRRnVNbYXxT1fxbSZNE=,VCjCuKi8m10wMfbPnq7CtCmJHAU=
-15,-90,G+njJVBcTSpM9G/54rnG38lq/gM=,AkjJRyB2P7fxcuHKbFw6PQoGoAg=
-13,-91,G+njJVBcTSpM9G/54rnG38lq/gM=,AkjJRyB2P7fxcuHKbFw6PQoGoAg=
-14,-91,G+njJVBcTSpM9G/54rnG38lq/gM=,AkjJRyB2P7fxcuHKbFw6PQoGoAg=
-15,-91,G+njJVBcTSpM9G/54rnG38lq/gM=,AkjJRyB2P7fxcuHKbFw6PQoGoAg=
-12,-94,G+njJVBcTSpM9G/54rnG38lq/gM=,AkjJRyB2P7fxcuHKbFw6PQoGoAg=
-13,-94,G+njJVBcTSpM9G/54rnG38lq/gM=,AkjJRyB2P7fxcuHKbFw6PQoGoAg=
-14,-94,G+njJVBcTSpM9G/54rnG38lq/gM=,AkjJRyB2P7fxcuHKbFw6PQoGoAg=
-13,-92,G+njJVBcTSpM9G/54rnG38lq/gM=,AkjJRyB2P7fxcuHKbFw6PQoGoAg=
-14,-92,G+njJVBcTSpM9G/54rnG38lq/gM=,AkjJRyB2P7fxcuHKbFw6PQoGoAg=
-15,-94,G+njJVBcTSpM9G/54rnG38lq/gM=,AkjJRyB2P7fxcuHKbFw6PQoGoAg=
-10,-95,G+njJVBcTSpM9G/54rnG38lq/gM=,AkjJRyB2P7fxcuHKbFw6PQoGoAg=
-11,-95,G+njJVBcTSpM9G/54rnG38lq/gM=,AkjJRyB2P7fxcuHKbFw6PQoGoAg=
-15,-92,G+njJVBcTSpM9G/54rnG38lq/gM=,AkjJRyB2P7fxcuHKbFw6PQoGoAg=
-12,-95,G+njJVBcTSpM9G/54rnG38lq/gM=,AkjJRyB2P7fxcuHKbFw6PQoGoAg=
-14,-95,G+njJVBcTSpM9G/54rnG38lq/gM=,AkjJRyB2P7fxcuHKbFw6PQoGoAg=
-13,-95,G+njJVBcTSpM9G/54rnG38lq/gM=,AkjJRyB2P7fxcuHKbFw6PQoGoAg=
-15,-95,G+njJVBcTSpM9G/54rnG38lq/gM=,AkjJRyB2P7fxcuHKbFw6PQoGoAg=
-13,-93,G+njJVBcTSpM9G/54rnG38lq/gM=,AkjJRyB2P7fxcuHKbFw6PQoGoAg=
-15,-93,G+njJVBcTSpM9G/54rnG38lq/gM=,AkjJRyB2P7fxcuHKbFw6PQoGoAg=
-14,-93,G+njJVBcTSpM9G/54rnG38lq/gM=,AkjJRyB2P7fxcuHKbFw6PQoGoAg=
-10,-96,G+njJVBcTSpM9G/54rnG38lq/gM=,AkjJRyB2P7fxcuHKbFw6PQoGoAg=
-11,-96,G+njJVBcTSpM9G/54rnG38lq/gM=,AkjJRyB2P7fxcuHKbFw6PQoGoAg=
-12,-96,G+njJVBcTSpM9G/54rnG38lq/gM=,AkjJRyB2P7fxcuHKbFw6PQoGoAg=
-13,-96,G+njJVBcTSpM9G/54rnG38lq/gM=,AkjJRyB2P7fxcuHKbFw6PQoGoAg=
-14,-96,G+njJVBcTSpM9G/54rnG38lq/gM=,AkjJRyB2P7fxcuHKbFw6PQoGoAg=
-15,-96,G+njJVBcTSpM9G/54rnG38lq/gM=,AkjJRyB2P7fxcuHKbFw6PQoGoAg=
-10,-89,G+njJVBcTSpM9G/54rnG38lq/gM=,AkjJRyB2P7fxcuHKbFw6PQoGoAg=
-11,-89,G+njJVBcTSpM9G/54rnG38lq/gM=,AkjJRyB2P7fxcuHKbFw6PQoGoAg=
-12,-89,G+njJVBcTSpM9G/54rnG38lq/gM=,AkjJRyB2P7fxcuHKbFw6PQoGoAg=
-13,-89,G+njJVBcTSpM9G/54rnG38lq/gM=,AkjJRyB2P7fxcuHKbFw6PQoGoAg=
-14,-89,G+njJVBcTSpM9G/54rnG38lq/gM=,AkjJRyB2P7fxcuHKbFw6PQoGoAg=
-15,-89,G+njJVBcTSpM9G/54rnG38lq/gM=,AkjJRyB2P7fxcuHKbFw6PQoGoAg=
-10,-90,G+njJVBcTSpM9G/54rnG38lq/gM=,AkjJRyB2P7fxcuHKbFw6PQoGoAg=
-11,-90,G+njJVBcTSpM9G/54rnG38lq/gM=,AkjJRyB2P7fxcuHKbFw6PQoGoAg=
-12,-90,G+njJVBcTSpM9G/54rnG38lq/gM=,AkjJRyB2P7fxcuHKbFw6PQoGoAg=
-13,-90,G+njJVBcTSpM9G/54rnG38lq/gM=,AkjJRyB2P7fxcuHKbFw6PQoGoAg=
-14,-90,G+njJVBcTSpM9G/54rnG38lq/gM=,AkjJRyB2P7fxcuHKbFw6PQoGoAg=
-16,-90,G+njJVBcTSpM9G/54rnG38lq/gM=,AkjJRyB2P7fxcuHKbFw6PQoGoAg=
-16,-93,G+njJVBcTSpM9G/54rnG38lq/gM=,AkjJRyB2P7fxcuHKbFw6PQoGoAg=
-16,-95,G+njJVBcTSpM9G/54rnG38lq/gM=,AkjJRyB2P7fxcuHKbFw6PQoGoAg=
-16,-92,G+njJVBcTSpM9G/54rnG38lq/gM=,AkjJRyB2P7fxcuHKbFw6PQoGoAg=
-16,-94,G+njJVBcTSpM9G/54rnG38lq/gM=,AkjJRyB2P7fxcuHKbFw6PQoGoAg=
-16,-91,G+njJVBcTSpM9G/54rnG38lq/gM=,AkjJRyB2P7fxcuHKbFw6PQoGoAg=
-16,-96,G+njJVBcTSpM9G/54rnG38lq/gM=,AkjJRyB2P7fxcuHKbFw6PQoGoAg=
-16,-89,G+njJVBcTSpM9G/54rnG38lq/gM=,AkjJRyB2P7fxcuHKbFw6PQoGoAg=
-9,-95,G+njJVBcTSpM9G/54rnG38lq/gM=,AkjJRyB2P7fxcuHKbFw6PQoGoAg=
-9,-96,G+njJVBcTSpM9G/54rnG38lq/gM=,AkjJRyB2P7fxcuHKbFw6PQoGoAg=
-12,-91,G+njJVBcTSpM9G/54rnG38lq/gM=,AkjJRyB2P7fxcuHKbFw6PQoGoAg=
-10,-94,G+njJVBcTSpM9G/54rnG38lq/gM=,AkjJRyB2P7fxcuHKbFw6PQoGoAg=
-11,-91,G+njJVBcTSpM9G/54rnG38lq/gM=,AkjJRyB2P7fxcuHKbFw6PQoGoAg=
-10,-91,G+njJVBcTSpM9G/54rnG38lq/gM=,AkjJRyB2P7fxcuHKbFw6PQoGoAg=
-11,-94,G+njJVBcTSpM9G/54rnG38lq/gM=,AkjJRyB2P7fxcuHKbFw6PQoGoAg=
-12,-92,G+njJVBcTSpM9G/54rnG38lq/gM=,AkjJRyB2P7fxcuHKbFw6PQoGoAg=
-12,-93,G+njJVBcTSpM9G/54rnG38lq/gM=,AkjJRyB2P7fxcuHKbFw6PQoGoAg=
-11,-93,G+njJVBcTSpM9G/54rnG38lq/gM=,AkjJRyB2P7fxcuHKbFw6PQoGoAg=
-11,-92,G+njJVBcTSpM9G/54rnG38lq/gM=,AkjJRyB2P7fxcuHKbFw6PQoGoAg=
-9,-89,G+njJVBcTSpM9G/54rnG38lq/gM=,AkjJRyB2P7fxcuHKbFw6PQoGoAg=
-9,-94,G+njJVBcTSpM9G/54rnG38lq/gM=,AkjJRyB2P7fxcuHKbFw6PQoGoAg=
-10,-92,G+njJVBcTSpM9G/54rnG38lq/gM=,AkjJRyB2P7fxcuHKbFw6PQoGoAg=
-9,-91,G+njJVBcTSpM9G/54rnG38lq/gM=,AkjJRyB2P7fxcuHKbFw6PQoGoAg=
-9,-90,G+njJVBcTSpM9G/54rnG38lq/gM=,AkjJRyB2P7fxcuHKbFw6PQoGoAg=
-10,-93,G+njJVBcTSpM9G/54rnG38lq/gM=,AkjJRyB2P7fxcuHKbFw6PQoGoAg=
-9,-93,G+njJVBcTSpM9G/54rnG38lq/gM=,AkjJRyB2P7fxcuHKbFw6PQoGoAg=
-9,-92,G+njJVBcTSpM9G/54rnG38lq/gM=,AkjJRyB2P7fxcuHKbFw6PQoGoAg=
-20,-89,8Kq6COpnEch6sRI1hYBsVeYRtoU=,gZKwWQtKJSK0GV08yKrJ4IZCAPs=
-21,-89,8Kq6COpnEch6sRI1hYBsVeYRtoU=,gZKwWQtKJSK0GV08yKrJ4IZCAPs=
-20,-90,8Kq6COpnEch6sRI1hYBsVeYRtoU=,gZKwWQtKJSK0GV08yKrJ4IZCAPs=
-19,-90,8Kq6COpnEch6sRI1hYBsVeYRtoU=,gZKwWQtKJSK0GV08yKrJ4IZCAPs=
-19,-89,8Kq6COpnEch6sRI1hYBsVeYRtoU=,gZKwWQtKJSK0GV08yKrJ4IZCAPs=
-24,-95,8Kq6COpnEch6sRI1hYBsVeYRtoU=,gZKwWQtKJSK0GV08yKrJ4IZCAPs=
-18,-90,8Kq6COpnEch6sRI1hYBsVeYRtoU=,gZKwWQtKJSK0GV08yKrJ4IZCAPs=
-24,-96,8Kq6COpnEch6sRI1hYBsVeYRtoU=,gZKwWQtKJSK0GV08yKrJ4IZCAPs=
-18,-89,8Kq6COpnEch6sRI1hYBsVeYRtoU=,gZKwWQtKJSK0GV08yKrJ4IZCAPs=
-22,-96,8Kq6COpnEch6sRI1hYBsVeYRtoU=,gZKwWQtKJSK0GV08yKrJ4IZCAPs=
-23,-93,8Kq6COpnEch6sRI1hYBsVeYRtoU=,gZKwWQtKJSK0GV08yKrJ4IZCAPs=
-24,-93,8Kq6COpnEch6sRI1hYBsVeYRtoU=,gZKwWQtKJSK0GV08yKrJ4IZCAPs=
-22,-93,8Kq6COpnEch6sRI1hYBsVeYRtoU=,gZKwWQtKJSK0GV08yKrJ4IZCAPs=
-21,-93,8Kq6COpnEch6sRI1hYBsVeYRtoU=,gZKwWQtKJSK0GV08yKrJ4IZCAPs=
-20,-93,8Kq6COpnEch6sRI1hYBsVeYRtoU=,gZKwWQtKJSK0GV08yKrJ4IZCAPs=
-19,-93,8Kq6COpnEch6sRI1hYBsVeYRtoU=,gZKwWQtKJSK0GV08yKrJ4IZCAPs=
-18,-93,8Kq6COpnEch6sRI1hYBsVeYRtoU=,gZKwWQtKJSK0GV08yKrJ4IZCAPs=
-23,-95,8Kq6COpnEch6sRI1hYBsVeYRtoU=,gZKwWQtKJSK0GV08yKrJ4IZCAPs=
-20,-91,8Kq6COpnEch6sRI1hYBsVeYRtoU=,gZKwWQtKJSK0GV08yKrJ4IZCAPs=
-24,-94,8Kq6COpnEch6sRI1hYBsVeYRtoU=,gZKwWQtKJSK0GV08yKrJ4IZCAPs=
-22,-95,8Kq6COpnEch6sRI1hYBsVeYRtoU=,gZKwWQtKJSK0GV08yKrJ4IZCAPs=
-19,-91,8Kq6COpnEch6sRI1hYBsVeYRtoU=,gZKwWQtKJSK0GV08yKrJ4IZCAPs=
-23,-94,8Kq6COpnEch6sRI1hYBsVeYRtoU=,gZKwWQtKJSK0GV08yKrJ4IZCAPs=
-18,-91,8Kq6COpnEch6sRI1hYBsVeYRtoU=,gZKwWQtKJSK0GV08yKrJ4IZCAPs=
-22,-94,8Kq6COpnEch6sRI1hYBsVeYRtoU=,gZKwWQtKJSK0GV08yKrJ4IZCAPs=
-18,-96,8Kq6COpnEch6sRI1hYBsVeYRtoU=,gZKwWQtKJSK0GV08yKrJ4IZCAPs=
-22,-92,8Kq6COpnEch6sRI1hYBsVeYRtoU=,gZKwWQtKJSK0GV08yKrJ4IZCAPs=
-21,-95,8Kq6COpnEch6sRI1hYBsVeYRtoU=,gZKwWQtKJSK0GV08yKrJ4IZCAPs=
-20,-92,8Kq6COpnEch6sRI1hYBsVeYRtoU=,gZKwWQtKJSK0GV08yKrJ4IZCAPs=
-19,-92,8Kq6COpnEch6sRI1hYBsVeYRtoU=,gZKwWQtKJSK0GV08yKrJ4IZCAPs=
-18,-92,8Kq6COpnEch6sRI1hYBsVeYRtoU=,gZKwWQtKJSK0GV08yKrJ4IZCAPs=
-21,-92,8Kq6COpnEch6sRI1hYBsVeYRtoU=,gZKwWQtKJSK0GV08yKrJ4IZCAPs=
-24,-91,8Kq6COpnEch6sRI1hYBsVeYRtoU=,gZKwWQtKJSK0GV08yKrJ4IZCAPs=
-20,-95,8Kq6COpnEch6sRI1hYBsVeYRtoU=,gZKwWQtKJSK0GV08yKrJ4IZCAPs=
-24,-92,8Kq6COpnEch6sRI1hYBsVeYRtoU=,gZKwWQtKJSK0GV08yKrJ4IZCAPs=
-24,-90,8Kq6COpnEch6sRI1hYBsVeYRtoU=,gZKwWQtKJSK0GV08yKrJ4IZCAPs=
-23,-90,8Kq6COpnEch6sRI1hYBsVeYRtoU=,gZKwWQtKJSK0GV08yKrJ4IZCAPs=
-21,-94,8Kq6COpnEch6sRI1hYBsVeYRtoU=,gZKwWQtKJSK0GV08yKrJ4IZCAPs=
-23,-91,8Kq6COpnEch6sRI1hYBsVeYRtoU=,gZKwWQtKJSK0GV08yKrJ4IZCAPs=
-20,-96,8Kq6COpnEch6sRI1hYBsVeYRtoU=,gZKwWQtKJSK0GV08yKrJ4IZCAPs=
-20,-94,8Kq6COpnEch6sRI1hYBsVeYRtoU=,gZKwWQtKJSK0GV08yKrJ4IZCAPs=
-19,-94,8Kq6COpnEch6sRI1hYBsVeYRtoU=,gZKwWQtKJSK0GV08yKrJ4IZCAPs=
-22,-91,8Kq6COpnEch6sRI1hYBsVeYRtoU=,gZKwWQtKJSK0GV08yKrJ4IZCAPs=
-24,-89,8Kq6COpnEch6sRI1hYBsVeYRtoU=,gZKwWQtKJSK0GV08yKrJ4IZCAPs=
-19,-95,8Kq6COpnEch6sRI1hYBsVeYRtoU=,gZKwWQtKJSK0GV08yKrJ4IZCAPs=
-18,-94,8Kq6COpnEch6sRI1hYBsVeYRtoU=,gZKwWQtKJSK0GV08yKrJ4IZCAPs=
-22,-90,8Kq6COpnEch6sRI1hYBsVeYRtoU=,gZKwWQtKJSK0GV08yKrJ4IZCAPs=
-18,-95,8Kq6COpnEch6sRI1hYBsVeYRtoU=,gZKwWQtKJSK0GV08yKrJ4IZCAPs=
-23,-89,8Kq6COpnEch6sRI1hYBsVeYRtoU=,gZKwWQtKJSK0GV08yKrJ4IZCAPs=
-19,-96,8Kq6COpnEch6sRI1hYBsVeYRtoU=,gZKwWQtKJSK0GV08yKrJ4IZCAPs=
-23,-92,8Kq6COpnEch6sRI1hYBsVeYRtoU=,gZKwWQtKJSK0GV08yKrJ4IZCAPs=
-23,-96,8Kq6COpnEch6sRI1hYBsVeYRtoU=,gZKwWQtKJSK0GV08yKrJ4IZCAPs=
-21,-96,8Kq6COpnEch6sRI1hYBsVeYRtoU=,gZKwWQtKJSK0GV08yKrJ4IZCAPs=
-22,-89,8Kq6COpnEch6sRI1hYBsVeYRtoU=,gZKwWQtKJSK0GV08yKrJ4IZCAPs=
-21,-90,8Kq6COpnEch6sRI1hYBsVeYRtoU=,gZKwWQtKJSK0GV08yKrJ4IZCAPs=
-17,-89,8Kq6COpnEch6sRI1hYBsVeYRtoU=,gZKwWQtKJSK0GV08yKrJ4IZCAPs=
-21,-91,8Kq6COpnEch6sRI1hYBsVeYRtoU=,gZKwWQtKJSK0GV08yKrJ4IZCAPs=
-17,-93,8Kq6COpnEch6sRI1hYBsVeYRtoU=,gZKwWQtKJSK0GV08yKrJ4IZCAPs=
-17,-90,8Kq6COpnEch6sRI1hYBsVeYRtoU=,gZKwWQtKJSK0GV08yKrJ4IZCAPs=
-17,-92,8Kq6COpnEch6sRI1hYBsVeYRtoU=,gZKwWQtKJSK0GV08yKrJ4IZCAPs=
-17,-94,8Kq6COpnEch6sRI1hYBsVeYRtoU=,gZKwWQtKJSK0GV08yKrJ4IZCAPs=
-17,-91,8Kq6COpnEch6sRI1hYBsVeYRtoU=,gZKwWQtKJSK0GV08yKrJ4IZCAPs=
-17,-96,8Kq6COpnEch6sRI1hYBsVeYRtoU=,gZKwWQtKJSK0GV08yKrJ4IZCAPs=
-17,-95,8Kq6COpnEch6sRI1hYBsVeYRtoU=,gZKwWQtKJSK0GV08yKrJ4IZCAPs=
-7,-71,kY1H5UsigBtORStGpr5iTprqjzY=,vxMZlJL0zq068ZPHT3L21Zm+zkk=
-7,-67,kY1H5UsigBtORStGpr5iTprqjzY=,vxMZlJL0zq068ZPHT3L21Zm+zkk=
-2,-68,kY1H5UsigBtORStGpr5iTprqjzY=,vxMZlJL0zq068ZPHT3L21Zm+zkk=
-2,-69,kY1H5UsigBtORStGpr5iTprqjzY=,vxMZlJL0zq068ZPHT3L21Zm+zkk=
-2,-70,kY1H5UsigBtORStGpr5iTprqjzY=,vxMZlJL0zq068ZPHT3L21Zm+zkk=
-6,-67,kY1H5UsigBtORStGpr5iTprqjzY=,vxMZlJL0zq068ZPHT3L21Zm+zkk=
-5,-67,kY1H5UsigBtORStGpr5iTprqjzY=,vxMZlJL0zq068ZPHT3L21Zm+zkk=
-4,-67,kY1H5UsigBtORStGpr5iTprqjzY=,vxMZlJL0zq068ZPHT3L21Zm+zkk=
-3,-67,kY1H5UsigBtORStGpr5iTprqjzY=,vxMZlJL0zq068ZPHT3L21Zm+zkk=
-3,-69,kY1H5UsigBtORStGpr5iTprqjzY=,vxMZlJL0zq068ZPHT3L21Zm+zkk=
-6,-72,kY1H5UsigBtORStGpr5iTprqjzY=,vxMZlJL0zq068ZPHT3L21Zm+zkk=
-4,-72,kY1H5UsigBtORStGpr5iTprqjzY=,vxMZlJL0zq068ZPHT3L21Zm+zkk=
-7,-72,kY1H5UsigBtORStGpr5iTprqjzY=,vxMZlJL0zq068ZPHT3L21Zm+zkk=
-2,-72,kY1H5UsigBtORStGpr5iTprqjzY=,vxMZlJL0zq068ZPHT3L21Zm+zkk=
-5,-72,kY1H5UsigBtORStGpr5iTprqjzY=,vxMZlJL0zq068ZPHT3L21Zm+zkk=
-3,-72,kY1H5UsigBtORStGpr5iTprqjzY=,vxMZlJL0zq068ZPHT3L21Zm+zkk=
-3,-68,kY1H5UsigBtORStGpr5iTprqjzY=,vxMZlJL0zq068ZPHT3L21Zm+zkk=
-4,-68,kY1H5UsigBtORStGpr5iTprqjzY=,vxMZlJL0zq068ZPHT3L21Zm+zkk=
-5,-68,kY1H5UsigBtORStGpr5iTprqjzY=,vxMZlJL0zq068ZPHT3L21Zm+zkk=
-4,-69,kY1H5UsigBtORStGpr5iTprqjzY=,vxMZlJL0zq068ZPHT3L21Zm+zkk=
-6,-68,kY1H5UsigBtORStGpr5iTprqjzY=,vxMZlJL0zq068ZPHT3L21Zm+zkk=
-5,-69,kY1H5UsigBtORStGpr5iTprqjzY=,vxMZlJL0zq068ZPHT3L21Zm+zkk=
-6,-69,kY1H5UsigBtORStGpr5iTprqjzY=,vxMZlJL0zq068ZPHT3L21Zm+zkk=
-7,-69,kY1H5UsigBtORStGpr5iTprqjzY=,vxMZlJL0zq068ZPHT3L21Zm+zkk=
-2,-71,kY1H5UsigBtORStGpr5iTprqjzY=,vxMZlJL0zq068ZPHT3L21Zm+zkk=
-3,-71,kY1H5UsigBtORStGpr5iTprqjzY=,vxMZlJL0zq068ZPHT3L21Zm+zkk=
-3,-70,kY1H5UsigBtORStGpr5iTprqjzY=,vxMZlJL0zq068ZPHT3L21Zm+zkk=
-4,-70,kY1H5UsigBtORStGpr5iTprqjzY=,vxMZlJL0zq068ZPHT3L21Zm+zkk=
-5,-70,kY1H5UsigBtORStGpr5iTprqjzY=,vxMZlJL0zq068ZPHT3L21Zm+zkk=
-6,-70,kY1H5UsigBtORStGpr5iTprqjzY=,vxMZlJL0zq068ZPHT3L21Zm+zkk=
-7,-70,kY1H5UsigBtORStGpr5iTprqjzY=,vxMZlJL0zq068ZPHT3L21Zm+zkk=
-7,-68,kY1H5UsigBtORStGpr5iTprqjzY=,vxMZlJL0zq068ZPHT3L21Zm+zkk=
-2,-66,kY1H5UsigBtORStGpr5iTprqjzY=,vxMZlJL0zq068ZPHT3L21Zm+zkk=
-3,-66,kY1H5UsigBtORStGpr5iTprqjzY=,vxMZlJL0zq068ZPHT3L21Zm+zkk=
-4,-66,kY1H5UsigBtORStGpr5iTprqjzY=,vxMZlJL0zq068ZPHT3L21Zm+zkk=
-4,-71,kY1H5UsigBtORStGpr5iTprqjzY=,vxMZlJL0zq068ZPHT3L21Zm+zkk=
-5,-66,kY1H5UsigBtORStGpr5iTprqjzY=,vxMZlJL0zq068ZPHT3L21Zm+zkk=
-6,-66,kY1H5UsigBtORStGpr5iTprqjzY=,vxMZlJL0zq068ZPHT3L21Zm+zkk=
-7,-66,kY1H5UsigBtORStGpr5iTprqjzY=,vxMZlJL0zq068ZPHT3L21Zm+zkk=
-5,-71,kY1H5UsigBtORStGpr5iTprqjzY=,vxMZlJL0zq068ZPHT3L21Zm+zkk=
-6,-71,kY1H5UsigBtORStGpr5iTprqjzY=,vxMZlJL0zq068ZPHT3L21Zm+zkk=
-2,-67,kY1H5UsigBtORStGpr5iTprqjzY=,vxMZlJL0zq068ZPHT3L21Zm+zkk=
-8,-71,kY1H5UsigBtORStGpr5iTprqjzY=,vxMZlJL0zq068ZPHT3L21Zm+zkk=
-8,-67,kY1H5UsigBtORStGpr5iTprqjzY=,vxMZlJL0zq068ZPHT3L21Zm+zkk=
-8,-69,kY1H5UsigBtORStGpr5iTprqjzY=,vxMZlJL0zq068ZPHT3L21Zm+zkk=
-8,-70,kY1H5UsigBtORStGpr5iTprqjzY=,vxMZlJL0zq068ZPHT3L21Zm+zkk=
-8,-68,kY1H5UsigBtORStGpr5iTprqjzY=,vxMZlJL0zq068ZPHT3L21Zm+zkk=
-8,-66,kY1H5UsigBtORStGpr5iTprqjzY=,vxMZlJL0zq068ZPHT3L21Zm+zkk=
-8,-72,kY1H5UsigBtORStGpr5iTprqjzY=,vxMZlJL0zq068ZPHT3L21Zm+zkk=
-8,-65,kY1H5UsigBtORStGpr5iTprqjzY=,vxMZlJL0zq068ZPHT3L21Zm+zkk=
-7,-65,kY1H5UsigBtORStGpr5iTprqjzY=,vxMZlJL0zq068ZPHT3L21Zm+zkk=
-6,-65,kY1H5UsigBtORStGpr5iTprqjzY=,vxMZlJL0zq068ZPHT3L21Zm+zkk=
-2,-65,kY1H5UsigBtORStGpr5iTprqjzY=,vxMZlJL0zq068ZPHT3L21Zm+zkk=
-3,-65,kY1H5UsigBtORStGpr5iTprqjzY=,vxMZlJL0zq068ZPHT3L21Zm+zkk=
-4,-65,kY1H5UsigBtORStGpr5iTprqjzY=,vxMZlJL0zq068ZPHT3L21Zm+zkk=
-5,-65,kY1H5UsigBtORStGpr5iTprqjzY=,vxMZlJL0zq068ZPHT3L21Zm+zkk=
-1,-72,kY1H5UsigBtORStGpr5iTprqjzY=,vxMZlJL0zq068ZPHT3L21Zm+zkk=
-1,-71,kY1H5UsigBtORStGpr5iTprqjzY=,vxMZlJL0zq068ZPHT3L21Zm+zkk=
-1,-70,kY1H5UsigBtORStGpr5iTprqjzY=,vxMZlJL0zq068ZPHT3L21Zm+zkk=
-1,-69,kY1H5UsigBtORStGpr5iTprqjzY=,vxMZlJL0zq068ZPHT3L21Zm+zkk=
-1,-68,kY1H5UsigBtORStGpr5iTprqjzY=,vxMZlJL0zq068ZPHT3L21Zm+zkk=
-1,-65,kY1H5UsigBtORStGpr5iTprqjzY=,vxMZlJL0zq068ZPHT3L21Zm+zkk=
-1,-66,kY1H5UsigBtORStGpr5iTprqjzY=,vxMZlJL0zq068ZPHT3L21Zm+zkk=
-1,-67,kY1H5UsigBtORStGpr5iTprqjzY=,vxMZlJL0zq068ZPHT3L21Zm+zkk=
-12,-82,kY1H5UsigBtORStGpr5iTprqjzY=,7G3D8UGGRjEmKP83ocVjUm2DbBI=
-13,-82,kY1H5UsigBtORStGpr5iTprqjzY=,7G3D8UGGRjEmKP83ocVjUm2DbBI=
-11,-82,kY1H5UsigBtORStGpr5iTprqjzY=,7G3D8UGGRjEmKP83ocVjUm2DbBI=
-10,-82,kY1H5UsigBtORStGpr5iTprqjzY=,7G3D8UGGRjEmKP83ocVjUm2DbBI=
-15,-81,kY1H5UsigBtORStGpr5iTprqjzY=,7G3D8UGGRjEmKP83ocVjUm2DbBI=
-14,-82,kY1H5UsigBtORStGpr5iTprqjzY=,7G3D8UGGRjEmKP83ocVjUm2DbBI=
-15,-82,kY1H5UsigBtORStGpr5iTprqjzY=,7G3D8UGGRjEmKP83ocVjUm2DbBI=
-10,-83,kY1H5UsigBtORStGpr5iTprqjzY=,7G3D8UGGRjEmKP83ocVjUm2DbBI=
-11,-83,kY1H5UsigBtORStGpr5iTprqjzY=,7G3D8UGGRjEmKP83ocVjUm2DbBI=
-12,-83,kY1H5UsigBtORStGpr5iTprqjzY=,7G3D8UGGRjEmKP83ocVjUm2DbBI=
-13,-83,kY1H5UsigBtORStGpr5iTprqjzY=,7G3D8UGGRjEmKP83ocVjUm2DbBI=
-14,-83,kY1H5UsigBtORStGpr5iTprqjzY=,7G3D8UGGRjEmKP83ocVjUm2DbBI=
-15,-83,kY1H5UsigBtORStGpr5iTprqjzY=,7G3D8UGGRjEmKP83ocVjUm2DbBI=
-10,-84,kY1H5UsigBtORStGpr5iTprqjzY=,7G3D8UGGRjEmKP83ocVjUm2DbBI=
-11,-84,kY1H5UsigBtORStGpr5iTprqjzY=,7G3D8UGGRjEmKP83ocVjUm2DbBI=
-12,-84,kY1H5UsigBtORStGpr5iTprqjzY=,7G3D8UGGRjEmKP83ocVjUm2DbBI=
-13,-84,kY1H5UsigBtORStGpr5iTprqjzY=,7G3D8UGGRjEmKP83ocVjUm2DbBI=
-14,-84,kY1H5UsigBtORStGpr5iTprqjzY=,7G3D8UGGRjEmKP83ocVjUm2DbBI=
-15,-84,kY1H5UsigBtORStGpr5iTprqjzY=,7G3D8UGGRjEmKP83ocVjUm2DbBI=
-10,-85,kY1H5UsigBtORStGpr5iTprqjzY=,7G3D8UGGRjEmKP83ocVjUm2DbBI=
-11,-85,kY1H5UsigBtORStGpr5iTprqjzY=,7G3D8UGGRjEmKP83ocVjUm2DbBI=
-12,-85,kY1H5UsigBtORStGpr5iTprqjzY=,7G3D8UGGRjEmKP83ocVjUm2DbBI=
-13,-85,kY1H5UsigBtORStGpr5iTprqjzY=,7G3D8UGGRjEmKP83ocVjUm2DbBI=
-14,-85,kY1H5UsigBtORStGpr5iTprqjzY=,7G3D8UGGRjEmKP83ocVjUm2DbBI=
-15,-85,kY1H5UsigBtORStGpr5iTprqjzY=,7G3D8UGGRjEmKP83ocVjUm2DbBI=
-10,-86,kY1H5UsigBtORStGpr5iTprqjzY=,7G3D8UGGRjEmKP83ocVjUm2DbBI=
-12,-86,kY1H5UsigBtORStGpr5iTprqjzY=,7G3D8UGGRjEmKP83ocVjUm2DbBI=
-11,-86,kY1H5UsigBtORStGpr5iTprqjzY=,7G3D8UGGRjEmKP83ocVjUm2DbBI=
-14,-86,kY1H5UsigBtORStGpr5iTprqjzY=,7G3D8UGGRjEmKP83ocVjUm2DbBI=
-13,-86,kY1H5UsigBtORStGpr5iTprqjzY=,7G3D8UGGRjEmKP83ocVjUm2DbBI=
-15,-86,kY1H5UsigBtORStGpr5iTprqjzY=,7G3D8UGGRjEmKP83ocVjUm2DbBI=
-10,-87,kY1H5UsigBtORStGpr5iTprqjzY=,7G3D8UGGRjEmKP83ocVjUm2DbBI=
-10,-81,kY1H5UsigBtORStGpr5iTprqjzY=,7G3D8UGGRjEmKP83ocVjUm2DbBI=
-11,-87,kY1H5UsigBtORStGpr5iTprqjzY=,7G3D8UGGRjEmKP83ocVjUm2DbBI=
-12,-87,kY1H5UsigBtORStGpr5iTprqjzY=,7G3D8UGGRjEmKP83ocVjUm2DbBI=
-13,-87,kY1H5UsigBtORStGpr5iTprqjzY=,7G3D8UGGRjEmKP83ocVjUm2DbBI=
-14,-87,kY1H5UsigBtORStGpr5iTprqjzY=,7G3D8UGGRjEmKP83ocVjUm2DbBI=
-15,-87,kY1H5UsigBtORStGpr5iTprqjzY=,7G3D8UGGRjEmKP83ocVjUm2DbBI=
-11,-81,kY1H5UsigBtORStGpr5iTprqjzY=,7G3D8UGGRjEmKP83ocVjUm2DbBI=
-12,-81,kY1H5UsigBtORStGpr5iTprqjzY=,7G3D8UGGRjEmKP83ocVjUm2DbBI=
-13,-81,kY1H5UsigBtORStGpr5iTprqjzY=,7G3D8UGGRjEmKP83ocVjUm2DbBI=
-14,-81,kY1H5UsigBtORStGpr5iTprqjzY=,7G3D8UGGRjEmKP83ocVjUm2DbBI=
-15,-88,G+njJVBcTSpM9G/54rnG38lq/gM=,7G3D8UGGRjEmKP83ocVjUm2DbBI=
-14,-88,G+njJVBcTSpM9G/54rnG38lq/gM=,7G3D8UGGRjEmKP83ocVjUm2DbBI=
-13,-88,G+njJVBcTSpM9G/54rnG38lq/gM=,7G3D8UGGRjEmKP83ocVjUm2DbBI=
-12,-88,G+njJVBcTSpM9G/54rnG38lq/gM=,7G3D8UGGRjEmKP83ocVjUm2DbBI=
-11,-88,G+njJVBcTSpM9G/54rnG38lq/gM=,7G3D8UGGRjEmKP83ocVjUm2DbBI=
-9,-82,G+njJVBcTSpM9G/54rnG38lq/gM=,7G3D8UGGRjEmKP83ocVjUm2DbBI=
-9,-83,G+njJVBcTSpM9G/54rnG38lq/gM=,7G3D8UGGRjEmKP83ocVjUm2DbBI=
-9,-84,G+njJVBcTSpM9G/54rnG38lq/gM=,7G3D8UGGRjEmKP83ocVjUm2DbBI=
-9,-85,G+njJVBcTSpM9G/54rnG38lq/gM=,7G3D8UGGRjEmKP83ocVjUm2DbBI=
-9,-86,G+njJVBcTSpM9G/54rnG38lq/gM=,7G3D8UGGRjEmKP83ocVjUm2DbBI=
-9,-81,G+njJVBcTSpM9G/54rnG38lq/gM=,7G3D8UGGRjEmKP83ocVjUm2DbBI=
-16,-87,G+njJVBcTSpM9G/54rnG38lq/gM=,7G3D8UGGRjEmKP83ocVjUm2DbBI=
-16,-82,G+njJVBcTSpM9G/54rnG38lq/gM=,7G3D8UGGRjEmKP83ocVjUm2DbBI=
-16,-83,G+njJVBcTSpM9G/54rnG38lq/gM=,7G3D8UGGRjEmKP83ocVjUm2DbBI=
-16,-84,G+njJVBcTSpM9G/54rnG38lq/gM=,7G3D8UGGRjEmKP83ocVjUm2DbBI=
-16,-85,G+njJVBcTSpM9G/54rnG38lq/gM=,7G3D8UGGRjEmKP83ocVjUm2DbBI=
-16,-86,G+njJVBcTSpM9G/54rnG38lq/gM=,7G3D8UGGRjEmKP83ocVjUm2DbBI=
-16,-88,G+njJVBcTSpM9G/54rnG38lq/gM=,7G3D8UGGRjEmKP83ocVjUm2DbBI=
-16,-81,G+njJVBcTSpM9G/54rnG38lq/gM=,7G3D8UGGRjEmKP83ocVjUm2DbBI=
-9,-88,G+njJVBcTSpM9G/54rnG38lq/gM=,7G3D8UGGRjEmKP83ocVjUm2DbBI=
-9,-87,G+njJVBcTSpM9G/54rnG38lq/gM=,7G3D8UGGRjEmKP83ocVjUm2DbBI=
-10,-88,G+njJVBcTSpM9G/54rnG38lq/gM=,7G3D8UGGRjEmKP83ocVjUm2DbBI=
-25,-96,6f48jJAMgNXNo3U+GoUUf6Ncw34=,dvEzBYTaDrKrSJIBR3IcivXua6M=
-25,-89,6f48jJAMgNXNo3U+GoUUf6Ncw34=,dvEzBYTaDrKrSJIBR3IcivXua6M=
-26,-89,6f48jJAMgNXNo3U+GoUUf6Ncw34=,dvEzBYTaDrKrSJIBR3IcivXua6M=
-27,-89,6f48jJAMgNXNo3U+GoUUf6Ncw34=,dvEzBYTaDrKrSJIBR3IcivXua6M=
-28,-89,6f48jJAMgNXNo3U+GoUUf6Ncw34=,dvEzBYTaDrKrSJIBR3IcivXua6M=
-29,-89,6f48jJAMgNXNo3U+GoUUf6Ncw34=,dvEzBYTaDrKrSJIBR3IcivXua6M=
-30,-89,6f48jJAMgNXNo3U+GoUUf6Ncw34=,dvEzBYTaDrKrSJIBR3IcivXua6M=
-31,-89,6f48jJAMgNXNo3U+GoUUf6Ncw34=,dvEzBYTaDrKrSJIBR3IcivXua6M=
-25,-90,6f48jJAMgNXNo3U+GoUUf6Ncw34=,dvEzBYTaDrKrSJIBR3IcivXua6M=
-32,-89,6f48jJAMgNXNo3U+GoUUf6Ncw34=,dvEzBYTaDrKrSJIBR3IcivXua6M=
-26,-90,6f48jJAMgNXNo3U+GoUUf6Ncw34=,dvEzBYTaDrKrSJIBR3IcivXua6M=
-27,-90,6f48jJAMgNXNo3U+GoUUf6Ncw34=,dvEzBYTaDrKrSJIBR3IcivXua6M=
-28,-90,6f48jJAMgNXNo3U+GoUUf6Ncw34=,dvEzBYTaDrKrSJIBR3IcivXua6M=
-29,-90,6f48jJAMgNXNo3U+GoUUf6Ncw34=,dvEzBYTaDrKrSJIBR3IcivXua6M=
-30,-90,6f48jJAMgNXNo3U+GoUUf6Ncw34=,dvEzBYTaDrKrSJIBR3IcivXua6M=
-25,-95,6f48jJAMgNXNo3U+GoUUf6Ncw34=,dvEzBYTaDrKrSJIBR3IcivXua6M=
-30,-95,6f48jJAMgNXNo3U+GoUUf6Ncw34=,dvEzBYTaDrKrSJIBR3IcivXua6M=
-31,-90,6f48jJAMgNXNo3U+GoUUf6Ncw34=,dvEzBYTaDrKrSJIBR3IcivXua6M=
-32,-90,6f48jJAMgNXNo3U+GoUUf6Ncw34=,dvEzBYTaDrKrSJIBR3IcivXua6M=
-25,-91,6f48jJAMgNXNo3U+GoUUf6Ncw34=,dvEzBYTaDrKrSJIBR3IcivXua6M=
-27,-96,6f48jJAMgNXNo3U+GoUUf6Ncw34=,dvEzBYTaDrKrSJIBR3IcivXua6M=
-26,-91,6f48jJAMgNXNo3U+GoUUf6Ncw34=,dvEzBYTaDrKrSJIBR3IcivXua6M=
-28,-96,6f48jJAMgNXNo3U+GoUUf6Ncw34=,dvEzBYTaDrKrSJIBR3IcivXua6M=
-29,-96,6f48jJAMgNXNo3U+GoUUf6Ncw34=,dvEzBYTaDrKrSJIBR3IcivXua6M=
-30,-96,6f48jJAMgNXNo3U+GoUUf6Ncw34=,dvEzBYTaDrKrSJIBR3IcivXua6M=
-31,-96,6f48jJAMgNXNo3U+GoUUf6Ncw34=,dvEzBYTaDrKrSJIBR3IcivXua6M=
-27,-91,6f48jJAMgNXNo3U+GoUUf6Ncw34=,dvEzBYTaDrKrSJIBR3IcivXua6M=
-28,-91,6f48jJAMgNXNo3U+GoUUf6Ncw34=,dvEzBYTaDrKrSJIBR3IcivXua6M=
-29,-91,6f48jJAMgNXNo3U+GoUUf6Ncw34=,dvEzBYTaDrKrSJIBR3IcivXua6M=
-25,-92,6f48jJAMgNXNo3U+GoUUf6Ncw34=,dvEzBYTaDrKrSJIBR3IcivXua6M=
-32,-91,6f48jJAMgNXNo3U+GoUUf6Ncw34=,dvEzBYTaDrKrSJIBR3IcivXua6M=
-26,-92,6f48jJAMgNXNo3U+GoUUf6Ncw34=,dvEzBYTaDrKrSJIBR3IcivXua6M=
-27,-92,6f48jJAMgNXNo3U+GoUUf6Ncw34=,dvEzBYTaDrKrSJIBR3IcivXua6M=
-30,-91,6f48jJAMgNXNo3U+GoUUf6Ncw34=,dvEzBYTaDrKrSJIBR3IcivXua6M=
-29,-92,6f48jJAMgNXNo3U+GoUUf6Ncw34=,dvEzBYTaDrKrSJIBR3IcivXua6M=
-28,-92,6f48jJAMgNXNo3U+GoUUf6Ncw34=,dvEzBYTaDrKrSJIBR3IcivXua6M=
-26,-96,6f48jJAMgNXNo3U+GoUUf6Ncw34=,dvEzBYTaDrKrSJIBR3IcivXua6M=
-29,-95,6f48jJAMgNXNo3U+GoUUf6Ncw34=,dvEzBYTaDrKrSJIBR3IcivXua6M=
-32,-94,6f48jJAMgNXNo3U+GoUUf6Ncw34=,dvEzBYTaDrKrSJIBR3IcivXua6M=
-32,-96,6f48jJAMgNXNo3U+GoUUf6Ncw34=,dvEzBYTaDrKrSJIBR3IcivXua6M=
-26,-93,6f48jJAMgNXNo3U+GoUUf6Ncw34=,dvEzBYTaDrKrSJIBR3IcivXua6M=
-31,-91,6f48jJAMgNXNo3U+GoUUf6Ncw34=,dvEzBYTaDrKrSJIBR3IcivXua6M=
-27,-93,6f48jJAMgNXNo3U+GoUUf6Ncw34=,dvEzBYTaDrKrSJIBR3IcivXua6M=
-27,-95,6f48jJAMgNXNo3U+GoUUf6Ncw34=,dvEzBYTaDrKrSJIBR3IcivXua6M=
-31,-95,6f48jJAMgNXNo3U+GoUUf6Ncw34=,dvEzBYTaDrKrSJIBR3IcivXua6M=
-26,-95,6f48jJAMgNXNo3U+GoUUf6Ncw34=,dvEzBYTaDrKrSJIBR3IcivXua6M=
-29,-93,6f48jJAMgNXNo3U+GoUUf6Ncw34=,dvEzBYTaDrKrSJIBR3IcivXua6M=
-28,-93,6f48jJAMgNXNo3U+GoUUf6Ncw34=,dvEzBYTaDrKrSJIBR3IcivXua6M=
-32,-93,6f48jJAMgNXNo3U+GoUUf6Ncw34=,dvEzBYTaDrKrSJIBR3IcivXua6M=
-25,-93,6f48jJAMgNXNo3U+GoUUf6Ncw34=,dvEzBYTaDrKrSJIBR3IcivXua6M=
-28,-95,6f48jJAMgNXNo3U+GoUUf6Ncw34=,dvEzBYTaDrKrSJIBR3IcivXua6M=
-31,-94,6f48jJAMgNXNo3U+GoUUf6Ncw34=,dvEzBYTaDrKrSJIBR3IcivXua6M=
-32,-92,6f48jJAMgNXNo3U+GoUUf6Ncw34=,dvEzBYTaDrKrSJIBR3IcivXua6M=
-32,-95,6f48jJAMgNXNo3U+GoUUf6Ncw34=,dvEzBYTaDrKrSJIBR3IcivXua6M=
-31,-93,6f48jJAMgNXNo3U+GoUUf6Ncw34=,dvEzBYTaDrKrSJIBR3IcivXua6M=
-30,-94,6f48jJAMgNXNo3U+GoUUf6Ncw34=,dvEzBYTaDrKrSJIBR3IcivXua6M=
-30,-92,6f48jJAMgNXNo3U+GoUUf6Ncw34=,dvEzBYTaDrKrSJIBR3IcivXua6M=
-27,-94,6f48jJAMgNXNo3U+GoUUf6Ncw34=,dvEzBYTaDrKrSJIBR3IcivXua6M=
-26,-94,6f48jJAMgNXNo3U+GoUUf6Ncw34=,dvEzBYTaDrKrSJIBR3IcivXua6M=
-31,-92,6f48jJAMgNXNo3U+GoUUf6Ncw34=,dvEzBYTaDrKrSJIBR3IcivXua6M=
-30,-93,6f48jJAMgNXNo3U+GoUUf6Ncw34=,dvEzBYTaDrKrSJIBR3IcivXua6M=
-25,-94,6f48jJAMgNXNo3U+GoUUf6Ncw34=,dvEzBYTaDrKrSJIBR3IcivXua6M=
-29,-94,6f48jJAMgNXNo3U+GoUUf6Ncw34=,dvEzBYTaDrKrSJIBR3IcivXua6M=
-28,-94,6f48jJAMgNXNo3U+GoUUf6Ncw34=,dvEzBYTaDrKrSJIBR3IcivXua6M=
