14,14,1xSgO9UDCghMxg6oi/sCpPxC3Xo=,QmNdRSxEGohVIK+wXWcCfj3Fbhw=
9,8,+pXf8FG2cQqhFGunAHAY4L0t7pY=,QmNdRSxEGohVIK+wXWcCfj3Fbhw=
10,8,+pXf8FG2cQqhFGunAHAY4L0t7pY=,QmNdRSxEGohVIK+wXWcCfj3Fbhw=
11,8,+pXf8FG2cQqhFGunAHAY4L0t7pY=,QmNdRSxEGohVIK+wXWcCfj3Fbhw=
13,8,1xSgO9UDCghMxg6oi/sCpPxC3Xo=,QmNdRSxEGohVIK+wXWcCfj3Fbhw=
14,8,1xSgO9UDCghMxg6oi/sCpPxC3Xo=,QmNdRSxEGohVIK+wXWcCfj3Fbhw=
9,9,+pXf8FG2cQqhFGunAHAY4L0t7pY=,QmNdRSxEGohVIK+wXWcCfj3Fbhw=
12,8,1xSgO9UDCghMxg6oi/sCpPxC3Xo=,QmNdRSxEGohVIK+wXWcCfj3Fbhw=
10,9,+pXf8FG2cQqhFGunAHAY4L0t7pY=,QmNdRSxEGohVIK+wXWcCfj3Fbhw=
11,9,+pXf8FG2cQqhFGunAHAY4L0t7pY=,QmNdRSxEGohVIK+wXWcCfj3Fbhw=
12,9,1xSgO9UDCghMxg6oi/sCpPxC3Xo=,QmNdRSxEGohVIK+wXWcCfj3Fbhw=
13,9,1xSgO9UDCghMxg6oi/sCpPxC3Xo=,QmNdRSxEGohVIK+wXWcCfj3Fbhw=
9,10,+pXf8FG2cQqhFGunAHAY4L0t7pY=,QmNdRSxEGohVIK+wXWcCfj3Fbhw=
14,9,+pXf8FG2cQqhFGunAHAY4L0t7pY=,QmNdRSxEGohVIK+wXWcCfj3Fbhw=
10,10,+pXf8FG2cQqhFGunAHAY4L0t7pY=,QmNdRSxEGohVIK+wXWcCfj3Fbhw=
11,10,+pXf8FG2cQqhFGunAHAY4L0t7pY=,QmNdRSxEGohVIK+wXWcCfj3Fbhw=
12,10,1xSgO9UDCghMxg6oi/sCpPxC3Xo=,QmNdRSxEGohVIK+wXWcCfj3Fbhw=
13,10,1xSgO9UDCghMxg6oi/sCpPxC3Xo=,QmNdRSxEGohVIK+wXWcCfj3Fbhw=
14,10,1xSgO9UDCghMxg6oi/sCpPxC3Xo=,QmNdRSxEGohVIK+wXWcCfj3Fbhw=
9,11,+pXf8FG2cQqhFGunAHAY4L0t7pY=,QmNdRSxEGohVIK+wXWcCfj3Fbhw=
10,11,+pXf8FG2cQqhFGunAHAY4L0t7pY=,QmNdRSxEGohVIK+wXWcCfj3Fbhw=
11,11,+pXf8FG2cQqhFGunAHAY4L0t7pY=,QmNdRSxEGohVIK+wXWcCfj3Fbhw=
12,11,1xSgO9UDCghMxg6oi/sCpPxC3Xo=,QmNdRSxEGohVIK+wXWcCfj3Fbhw=
13,11,1xSgO9UDCghMxg6oi/sCpPxC3Xo=,QmNdRSxEGohVIK+wXWcCfj3Fbhw=
14,11,1xSgO9UDCghMxg6oi/sCpPxC3Xo=,QmNdRSxEGohVIK+wXWcCfj3Fbhw=
9,12,1xSgO9UDCghMxg6oi/sCpPxC3Xo=,QmNdRSxEGohVIK+wXWcCfj3Fbhw=
10,12,1xSgO9UDCghMxg6oi/sCpPxC3Xo=,QmNdRSxEGohVIK+wXWcCfj3Fbhw=
11,12,1xSgO9UDCghMxg6oi/sCpPxC3Xo=,QmNdRSxEGohVIK+wXWcCfj3Fbhw=
12,12,1xSgO9UDCghMxg6oi/sCpPxC3Xo=,QmNdRSxEGohVIK+wXWcCfj3Fbhw=
13,12,1xSgO9UDCghMxg6oi/sCpPxC3Xo=,QmNdRSxEGohVIK+wXWcCfj3Fbhw=
14,12,1xSgO9UDCghMxg6oi/sCpPxC3Xo=,QmNdRSxEGohVIK+wXWcCfj3Fbhw=
9,13,1xSgO9UDCghMxg6oi/sCpPxC3Xo=,QmNdRSxEGohVIK+wXWcCfj3Fbhw=
10,13,1xSgO9UDCghMxg6oi/sCpPxC3Xo=,QmNdRSxEGohVIK+wXWcCfj3Fbhw=
11,13,1xSgO9UDCghMxg6oi/sCpPxC3Xo=,QmNdRSxEGohVIK+wXWcCfj3Fbhw=
12,13,1xSgO9UDCghMxg6oi/sCpPxC3Xo=,QmNdRSxEGohVIK+wXWcCfj3Fbhw=
13,13,1xSgO9UDCghMxg6oi/sCpPxC3Xo=,QmNdRSxEGohVIK+wXWcCfj3Fbhw=
14,13,1xSgO9UDCghMxg6oi/sCpPxC3Xo=,QmNdRSxEGohVIK+wXWcCfj3Fbhw=
9,14,1xSgO9UDCghMxg6oi/sCpPxC3Xo=,QmNdRSxEGohVIK+wXWcCfj3Fbhw=
10,14,1xSgO9UDCghMxg6oi/sCpPxC3Xo=,QmNdRSxEGohVIK+wXWcCfj3Fbhw=
11,14,1xSgO9UDCghMxg6oi/sCpPxC3Xo=,QmNdRSxEGohVIK+wXWcCfj3Fbhw=
12,14,1xSgO9UDCghMxg6oi/sCpPxC3Xo=,QmNdRSxEGohVIK+wXWcCfj3Fbhw=
13,14,1xSgO9UDCghMxg6oi/sCpPxC3Xo=,QmNdRSxEGohVIK+wXWcCfj3Fbhw=
14,15,1xSgO9UDCghMxg6oi/sCpPxC3Xo=,QmNdRSxEGohVIK+wXWcCfj3Fbhw=
13,15,1xSgO9UDCghMxg6oi/sCpPxC3Xo=,QmNdRSxEGohVIK+wXWcCfj3Fbhw=
12,15,1xSgO9UDCghMxg6oi/sCpPxC3Xo=,QmNdRSxEGohVIK+wXWcCfj3Fbhw=
11,15,1xSgO9UDCghMxg6oi/sCpPxC3Xo=,QmNdRSxEGohVIK+wXWcCfj3Fbhw=
10,15,1xSgO9UDCghMxg6oi/sCpPxC3Xo=,QmNdRSxEGohVIK+wXWcCfj3Fbhw=
9,15,1xSgO9UDCghMxg6oi/sCpPxC3Xo=,QmNdRSxEGohVIK+wXWcCfj3Fbhw=
15,14,1xSgO9UDCghMxg6oi/sCpPxC3Xo=,QmNdRSxEGohVIK+wXWcCfj3Fbhw=
15,13,1xSgO9UDCghMxg6oi/sCpPxC3Xo=,QmNdRSxEGohVIK+wXWcCfj3Fbhw=
15,12,1xSgO9UDCghMxg6oi/sCpPxC3Xo=,QmNdRSxEGohVIK+wXWcCfj3Fbhw=
15,11,1xSgO9UDCghMxg6oi/sCpPxC3Xo=,QmNdRSxEGohVIK+wXWcCfj3Fbhw=
15,10,1xSgO9UDCghMxg6oi/sCpPxC3Xo=,QmNdRSxEGohVIK+wXWcCfj3Fbhw=
15,9,1xSgO9UDCghMxg6oi/sCpPxC3Xo=,QmNdRSxEGohVIK+wXWcCfj3Fbhw=
15,8,1xSgO9UDCghMxg6oi/sCpPxC3Xo=,QmNdRSxEGohVIK+wXWcCfj3Fbhw=
15,15,1xSgO9UDCghMxg6oi/sCpPxC3Xo=,QmNdRSxEGohVIK+wXWcCfj3Fbhw=
8,15,1xSgO9UDCghMxg6oi/sCpPxC3Xo=,QmNdRSxEGohVIK+wXWcCfj3Fbhw=
8,14,1xSgO9UDCghMxg6oi/sCpPxC3Xo=,QmNdRSxEGohVIK+wXWcCfj3Fbhw=
8,13,1xSgO9UDCghMxg6oi/sCpPxC3Xo=,QmNdRSxEGohVIK+wXWcCfj3Fbhw=
8,12,1xSgO9UDCghMxg6oi/sCpPxC3Xo=,QmNdRSxEGohVIK+wXWcCfj3Fbhw=
8,9,+pXf8FG2cQqhFGunAHAY4L0t7pY=,QmNdRSxEGohVIK+wXWcCfj3Fbhw=
7,15,gR/LKjd+GomPevX5Z0143RWFx3g=,HV467eLRJ7kCVr26BciRhK5Yvwc=
6,15,gR/LKjd+GomPevX5Z0143RWFx3g=,HV467eLRJ7kCVr26BciRhK5Yvwc=
5,15,gR/LKjd+GomPevX5Z0143RWFx3g=,HV467eLRJ7kCVr26BciRhK5Yvwc=
4,15,gR/LKjd+GomPevX5Z0143RWFx3g=,HV467eLRJ7kCVr26BciRhK5Yvwc=
3,15,gR/LKjd+GomPevX5Z0143RWFx3g=,HV467eLRJ7kCVr26BciRhK5Yvwc=
2,15,gR/LKjd+GomPevX5Z0143RWFx3g=,HV467eLRJ7kCVr26BciRhK5Yvwc=
1,15,gR/LKjd+GomPevX5Z0143RWFx3g=,HV467eLRJ7kCVr26BciRhK5Yvwc=
0,15,gR/LKjd+GomPevX5Z0143RWFx3g=,HV467eLRJ7kCVr26BciRhK5Yvwc=
7,14,gR/LKjd+GomPevX5Z0143RWFx3g=,HV467eLRJ7kCVr26BciRhK5Yvwc=
6,14,gR/LKjd+GomPevX5Z0143RWFx3g=,HV467eLRJ7kCVr26BciRhK5Yvwc=
5,14,gR/LKjd+GomPevX5Z0143RWFx3g=,HV467eLRJ7kCVr26BciRhK5Yvwc=
4,14,gR/LKjd+GomPevX5Z0143RWFx3g=,HV467eLRJ7kCVr26BciRhK5Yvwc=
3,14,gR/LKjd+GomPevX5Z0143RWFx3g=,HV467eLRJ7kCVr26BciRhK5Yvwc=
2,14,gR/LKjd+GomPevX5Z0143RWFx3g=,HV467eLRJ7kCVr26BciRhK5Yvwc=
1,14,gR/LKjd+GomPevX5Z0143RWFx3g=,HV467eLRJ7kCVr26BciRhK5Yvwc=
0,14,gR/LKjd+GomPevX5Z0143RWFx3g=,HV467eLRJ7kCVr26BciRhK5Yvwc=
7,13,gR/LKjd+GomPevX5Z0143RWFx3g=,HV467eLRJ7kCVr26BciRhK5Yvwc=
2,9,gR/LKjd+GomPevX5Z0143RWFx3g=,HV467eLRJ7kCVr26BciRhK5Yvwc=
1,9,gR/LKjd+GomPevX5Z0143RWFx3g=,HV467eLRJ7kCVr26BciRhK5Yvwc=
0,9,gR/LKjd+GomPevX5Z0143RWFx3g=,HV467eLRJ7kCVr26BciRhK5Yvwc=
0,10,gR/LKjd+GomPevX5Z0143RWFx3g=,HV467eLRJ7kCVr26BciRhK5Yvwc=
1,10,gR/LKjd+GomPevX5Z0143RWFx3g=,HV467eLRJ7kCVr26BciRhK5Yvwc=
3,10,gR/LKjd+GomPevX5Z0143RWFx3g=,HV467eLRJ7kCVr26BciRhK5Yvwc=
2,10,gR/LKjd+GomPevX5Z0143RWFx3g=,HV467eLRJ7kCVr26BciRhK5Yvwc=
0,11,MpzINJeyC58JfQPTdZCEZy+qiEE=,HV467eLRJ7kCVr26BciRhK5Yvwc=
1,11,MpzINJeyC58JfQPTdZCEZy+qiEE=,HV467eLRJ7kCVr26BciRhK5Yvwc=
6,13,gR/LKjd+GomPevX5Z0143RWFx3g=,HV467eLRJ7kCVr26BciRhK5Yvwc=
5,13,gR/LKjd+GomPevX5Z0143RWFx3g=,HV467eLRJ7kCVr26BciRhK5Yvwc=
4,13,gR/LKjd+GomPevX5Z0143RWFx3g=,HV467eLRJ7kCVr26BciRhK5Yvwc=
3,13,gR/LKjd+GomPevX5Z0143RWFx3g=,HV467eLRJ7kCVr26BciRhK5Yvwc=
2,13,gR/LKjd+GomPevX5Z0143RWFx3g=,HV467eLRJ7kCVr26BciRhK5Yvwc=
1,13,gR/LKjd+GomPevX5Z0143RWFx3g=,HV467eLRJ7kCVr26BciRhK5Yvwc=
0,13,gR/LKjd+GomPevX5Z0143RWFx3g=,HV467eLRJ7kCVr26BciRhK5Yvwc=
2,11,MpzINJeyC58JfQPTdZCEZy+qiEE=,HV467eLRJ7kCVr26BciRhK5Yvwc=
0,12,gR/LKjd+GomPevX5Z0143RWFx3g=,HV467eLRJ7kCVr26BciRhK5Yvwc=
1,12,gR/LKjd+GomPevX5Z0143RWFx3g=,HV467eLRJ7kCVr26BciRhK5Yvwc=
2,12,gR/LKjd+GomPevX5Z0143RWFx3g=,HV467eLRJ7kCVr26BciRhK5Yvwc=
3,12,gR/LKjd+GomPevX5Z0143RWFx3g=,HV467eLRJ7kCVr26BciRhK5Yvwc=
4,12,gR/LKjd+GomPevX5Z0143RWFx3g=,HV467eLRJ7kCVr26BciRhK5Yvwc=
7,12,gR/LKjd+GomPevX5Z0143RWFx3g=,HV467eLRJ7kCVr26BciRhK5Yvwc=
6,12,gR/LKjd+GomPevX5Z0143RWFx3g=,HV467eLRJ7kCVr26BciRhK5Yvwc=
5,12,gR/LKjd+GomPevX5Z0143RWFx3g=,HV467eLRJ7kCVr26BciRhK5Yvwc=
7,5,rqTaZFjcgTqnrnKoLxRj0YOWZLM=,qf6A3Cyi7wOBSEk6roOffM030vY=
7,8,MpzINJeyC58JfQPTdZCEZy+qiEE=,HV467eLRJ7kCVr26BciRhK5Yvwc=
7,6,rqTaZFjcgTqnrnKoLxRj0YOWZLM=,qf6A3Cyi7wOBSEk6roOffM030vY=
1,8,MpzINJeyC58JfQPTdZCEZy+qiEE=,HV467eLRJ7kCVr26BciRhK5Yvwc=
0,8,MpzINJeyC58JfQPTdZCEZy+qiEE=,HV467eLRJ7kCVr26BciRhK5Yvwc=
1,4,rqTaZFjcgTqnrnKoLxRj0YOWZLM=,qf6A3Cyi7wOBSEk6roOffM030vY=
1,3,rqTaZFjcgTqnrnKoLxRj0YOWZLM=,qf6A3Cyi7wOBSEk6roOffM030vY=
7,7,rqTaZFjcgTqnrnKoLxRj0YOWZLM=,qf6A3Cyi7wOBSEk6roOffM030vY=
7,0,rqTaZFjcgTqnrnKoLxRj0YOWZLM=,qf6A3Cyi7wOBSEk6roOffM030vY=
0,2,rqTaZFjcgTqnrnKoLxRj0YOWZLM=,qf6A3Cyi7wOBSEk6roOffM030vY=
0,3,rqTaZFjcgTqnrnKoLxRj0YOWZLM=,qf6A3Cyi7wOBSEk6roOffM030vY=
8,8,+pXf8FG2cQqhFGunAHAY4L0t7pY=,QmNdRSxEGohVIK+wXWcCfj3Fbhw=
8,11,+pXf8FG2cQqhFGunAHAY4L0t7pY=,QmNdRSxEGohVIK+wXWcCfj3Fbhw=
8,10,+pXf8FG2cQqhFGunAHAY4L0t7pY=,QmNdRSxEGohVIK+wXWcCfj3Fbhw=
7,9,MpzINJeyC58JfQPTdZCEZy+qiEE=,HV467eLRJ7kCVr26BciRhK5Yvwc=
3,9,gR/LKjd+GomPevX5Z0143RWFx3g=,HV467eLRJ7kCVr26BciRhK5Yvwc=
3,11,MpzINJeyC58JfQPTdZCEZy+qiEE=,HV467eLRJ7kCVr26BciRhK5Yvwc=
6,8,MpzINJeyC58JfQPTdZCEZy+qiEE=,HV467eLRJ7kCVr26BciRhK5Yvwc=
7,10,MpzINJeyC58JfQPTdZCEZy+qiEE=,HV467eLRJ7kCVr26BciRhK5Yvwc=
4,10,gR/LKjd+GomPevX5Z0143RWFx3g=,HV467eLRJ7kCVr26BciRhK5Yvwc=
7,2,rqTaZFjcgTqnrnKoLxRj0YOWZLM=,qf6A3Cyi7wOBSEk6roOffM030vY=
6,10,MpzINJeyC58JfQPTdZCEZy+qiEE=,HV467eLRJ7kCVr26BciRhK5Yvwc=
2,0,rqTaZFjcgTqnrnKoLxRj0YOWZLM=,qf6A3Cyi7wOBSEk6roOffM030vY=
7,11,MpzINJeyC58JfQPTdZCEZy+qiEE=,HV467eLRJ7kCVr26BciRhK5Yvwc=
3,7,rqTaZFjcgTqnrnKoLxRj0YOWZLM=,qf6A3Cyi7wOBSEk6roOffM030vY=
4,9,gR/LKjd+GomPevX5Z0143RWFx3g=,HV467eLRJ7kCVr26BciRhK5Yvwc=
4,11,MpzINJeyC58JfQPTdZCEZy+qiEE=,HV467eLRJ7kCVr26BciRhK5Yvwc=
5,4,rqTaZFjcgTqnrnKoLxRj0YOWZLM=,qf6A3Cyi7wOBSEk6roOffM030vY=
5,10,MpzINJeyC58JfQPTdZCEZy+qiEE=,HV467eLRJ7kCVr26BciRhK5Yvwc=
0,7,rqTaZFjcgTqnrnKoLxRj0YOWZLM=,qf6A3Cyi7wOBSEk6roOffM030vY=
3,8,MpzINJeyC58JfQPTdZCEZy+qiEE=,HV467eLRJ7kCVr26BciRhK5Yvwc=
1,7,rqTaZFjcgTqnrnKoLxRj0YOWZLM=,qf6A3Cyi7wOBSEk6roOffM030vY=
6,11,MpzINJeyC58JfQPTdZCEZy+qiEE=,HV467eLRJ7kCVr26BciRhK5Yvwc=
5,9,gR/LKjd+GomPevX5Z0143RWFx3g=,HV467eLRJ7kCVr26BciRhK5Yvwc=
6,9,MpzINJeyC58JfQPTdZCEZy+qiEE=,HV467eLRJ7kCVr26BciRhK5Yvwc=
7,3,rqTaZFjcgTqnrnKoLxRj0YOWZLM=,qf6A3Cyi7wOBSEk6roOffM030vY=
6,5,rqTaZFjcgTqnrnKoLxRj0YOWZLM=,qf6A3Cyi7wOBSEk6roOffM030vY=
5,11,MpzINJeyC58JfQPTdZCEZy+qiEE=,HV467eLRJ7kCVr26BciRhK5Yvwc=
2,2,rqTaZFjcgTqnrnKoLxRj0YOWZLM=,qf6A3Cyi7wOBSEk6roOffM030vY=
0,0,rqTaZFjcgTqnrnKoLxRj0YOWZLM=,qf6A3Cyi7wOBSEk6roOffM030vY=
3,5,rqTaZFjcgTqnrnKoLxRj0YOWZLM=,qf6A3Cyi7wOBSEk6roOffM030vY=
6,6,rqTaZFjcgTqnrnKoLxRj0YOWZLM=,qf6A3Cyi7wOBSEk6roOffM030vY=
4,4,rqTaZFjcgTqnrnKoLxRj0YOWZLM=,qf6A3Cyi7wOBSEk6roOffM030vY=
4,8,MpzINJeyC58JfQPTdZCEZy+qiEE=,HV467eLRJ7kCVr26BciRhK5Yvwc=
1,2,rqTaZFjcgTqnrnKoLxRj0YOWZLM=,qf6A3Cyi7wOBSEk6roOffM030vY=
5,8,MpzINJeyC58JfQPTdZCEZy+qiEE=,HV467eLRJ7kCVr26BciRhK5Yvwc=
6,2,rqTaZFjcgTqnrnKoLxRj0YOWZLM=,qf6A3Cyi7wOBSEk6roOffM030vY=
6,3,rqTaZFjcgTqnrnKoLxRj0YOWZLM=,qf6A3Cyi7wOBSEk6roOffM030vY=
5,2,rqTaZFjcgTqnrnKoLxRj0YOWZLM=,qf6A3Cyi7wOBSEk6roOffM030vY=
2,5,rqTaZFjcgTqnrnKoLxRj0YOWZLM=,qf6A3Cyi7wOBSEk6roOffM030vY=
0,4,rqTaZFjcgTqnrnKoLxRj0YOWZLM=,qf6A3Cyi7wOBSEk6roOffM030vY=
1,1,rqTaZFjcgTqnrnKoLxRj0YOWZLM=,qf6A3Cyi7wOBSEk6roOffM030vY=
5,6,rqTaZFjcgTqnrnKoLxRj0YOWZLM=,qf6A3Cyi7wOBSEk6roOffM030vY=
4,3,rqTaZFjcgTqnrnKoLxRj0YOWZLM=,qf6A3Cyi7wOBSEk6roOffM030vY=
5,5,rqTaZFjcgTqnrnKoLxRj0YOWZLM=,qf6A3Cyi7wOBSEk6roOffM030vY=
2,7,rqTaZFjcgTqnrnKoLxRj0YOWZLM=,qf6A3Cyi7wOBSEk6roOffM030vY=
4,5,rqTaZFjcgTqnrnKoLxRj0YOWZLM=,qf6A3Cyi7wOBSEk6roOffM030vY=
1,5,rqTaZFjcgTqnrnKoLxRj0YOWZLM=,qf6A3Cyi7wOBSEk6roOffM030vY=
6,1,rqTaZFjcgTqnrnKoLxRj0YOWZLM=,qf6A3Cyi7wOBSEk6roOffM030vY=
2,1,rqTaZFjcgTqnrnKoLxRj0YOWZLM=,qf6A3Cyi7wOBSEk6roOffM030vY=
6,0,rqTaZFjcgTqnrnKoLxRj0YOWZLM=,qf6A3Cyi7wOBSEk6roOffM030vY=
0,1,rqTaZFjcgTqnrnKoLxRj0YOWZLM=,qf6A3Cyi7wOBSEk6roOffM030vY=
5,3,rqTaZFjcgTqnrnKoLxRj0YOWZLM=,qf6A3Cyi7wOBSEk6roOffM030vY=
3,3,rqTaZFjcgTqnrnKoLxRj0YOWZLM=,qf6A3Cyi7wOBSEk6roOffM030vY=
4,1,rqTaZFjcgTqnrnKoLxRj0YOWZLM=,qf6A3Cyi7wOBSEk6roOffM030vY=
2,3,rqTaZFjcgTqnrnKoLxRj0YOWZLM=,qf6A3Cyi7wOBSEk6roOffM030vY=
3,1,rqTaZFjcgTqnrnKoLxRj0YOWZLM=,qf6A3Cyi7wOBSEk6roOffM030vY=
4,6,rqTaZFjcgTqnrnKoLxRj0YOWZLM=,qf6A3Cyi7wOBSEk6roOffM030vY=
5,1,rqTaZFjcgTqnrnKoLxRj0YOWZLM=,qf6A3Cyi7wOBSEk6roOffM030vY=
6,7,rqTaZFjcgTqnrnKoLxRj0YOWZLM=,qf6A3Cyi7wOBSEk6roOffM030vY=
7,4,rqTaZFjcgTqnrnKoLxRj0YOWZLM=,qf6A3Cyi7wOBSEk6roOffM030vY=
3,6,rqTaZFjcgTqnrnKoLxRj0YOWZLM=,qf6A3Cyi7wOBSEk6roOffM030vY=
2,8,MpzINJeyC58JfQPTdZCEZy+qiEE=,HV467eLRJ7kCVr26BciRhK5Yvwc=
1,6,rqTaZFjcgTqnrnKoLxRj0YOWZLM=,qf6A3Cyi7wOBSEk6roOffM030vY=
0,5,rqTaZFjcgTqnrnKoLxRj0YOWZLM=,qf6A3Cyi7wOBSEk6roOffM030vY=
6,4,rqTaZFjcgTqnrnKoLxRj0YOWZLM=,qf6A3Cyi7wOBSEk6roOffM030vY=
4,2,rqTaZFjcgTqnrnKoLxRj0YOWZLM=,qf6A3Cyi7wOBSEk6roOffM030vY=
3,4,rqTaZFjcgTqnrnKoLxRj0YOWZLM=,qf6A3Cyi7wOBSEk6roOffM030vY=
2,6,rqTaZFjcgTqnrnKoLxRj0YOWZLM=,qf6A3Cyi7wOBSEk6roOffM030vY=
4,7,rqTaZFjcgTqnrnKoLxRj0YOWZLM=,qf6A3Cyi7wOBSEk6roOffM030vY=
1,0,rqTaZFjcgTqnrnKoLxRj0YOWZLM=,qf6A3Cyi7wOBSEk6roOffM030vY=
0,6,rqTaZFjcgTqnrnKoLxRj0YOWZLM=,qf6A3Cyi7wOBSEk6roOffM030vY=
2,4,rqTaZFjcgTqnrnKoLxRj0YOWZLM=,qf6A3Cyi7wOBSEk6roOffM030vY=
4,0,rqTaZFjcgTqnrnKoLxRj0YOWZLM=,qf6A3Cyi7wOBSEk6roOffM030vY=
7,1,rqTaZFjcgTqnrnKoLxRj0YOWZLM=,qf6A3Cyi7wOBSEk6roOffM030vY=
5,0,rqTaZFjcgTqnrnKoLxRj0YOWZLM=,qf6A3Cyi7wOBSEk6roOffM030vY=
5,7,rqTaZFjcgTqnrnKoLxRj0YOWZLM=,qf6A3Cyi7wOBSEk6roOffM030vY=
3,0,rqTaZFjcgTqnrnKoLxRj0YOWZLM=,qf6A3Cyi7wOBSEk6roOffM030vY=
3,2,rqTaZFjcgTqnrnKoLxRj0YOWZLM=,qf6A3Cyi7wOBSEk6roOffM030vY=
9,1,1xSgO9UDCghMxg6oi/sCpPxC3Xo=,LbXz/+Dw01QvNnh/URdlIkbyXqk=
14,6,1xSgO9UDCghMxg6oi/sCpPxC3Xo=,LbXz/+Dw01QvNnh/URdlIkbyXqk=
13,6,1xSgO9UDCghMxg6oi/sCpPxC3Xo=,LbXz/+Dw01QvNnh/URdlIkbyXqk=
12,6,1xSgO9UDCghMxg6oi/sCpPxC3Xo=,LbXz/+Dw01QvNnh/URdlIkbyXqk=
11,6,+pXf8FG2cQqhFGunAHAY4L0t7pY=,LbXz/+Dw01QvNnh/URdlIkbyXqk=
10,6,+pXf8FG2cQqhFGunAHAY4L0t7pY=,LbXz/+Dw01QvNnh/URdlIkbyXqk=
9,6,+pXf8FG2cQqhFGunAHAY4L0t7pY=,LbXz/+Dw01QvNnh/URdlIkbyXqk=
14,5,1xSgO9UDCghMxg6oi/sCpPxC3Xo=,LbXz/+Dw01QvNnh/URdlIkbyXqk=
13,5,1xSgO9UDCghMxg6oi/sCpPxC3Xo=,LbXz/+Dw01QvNnh/URdlIkbyXqk=
12,5,1xSgO9UDCghMxg6oi/sCpPxC3Xo=,LbXz/+Dw01QvNnh/URdlIkbyXqk=
11,5,+pXf8FG2cQqhFGunAHAY4L0t7pY=,LbXz/+Dw01QvNnh/URdlIkbyXqk=
10,5,+pXf8FG2cQqhFGunAHAY4L0t7pY=,LbXz/+Dw01QvNnh/URdlIkbyXqk=
9,5,+pXf8FG2cQqhFGunAHAY4L0t7pY=,LbXz/+Dw01QvNnh/URdlIkbyXqk=
14,4,+pXf8FG2cQqhFGunAHAY4L0t7pY=,LbXz/+Dw01QvNnh/URdlIkbyXqk=
13,4,1xSgO9UDCghMxg6oi/sCpPxC3Xo=,LbXz/+Dw01QvNnh/URdlIkbyXqk=
12,4,1xSgO9UDCghMxg6oi/sCpPxC3Xo=,LbXz/+Dw01QvNnh/URdlIkbyXqk=
11,4,+pXf8FG2cQqhFGunAHAY4L0t7pY=,LbXz/+Dw01QvNnh/URdlIkbyXqk=
10,4,+pXf8FG2cQqhFGunAHAY4L0t7pY=,LbXz/+Dw01QvNnh/URdlIkbyXqk=
9,4,+pXf8FG2cQqhFGunAHAY4L0t7pY=,LbXz/+Dw01QvNnh/URdlIkbyXqk=
14,3,1xSgO9UDCghMxg6oi/sCpPxC3Xo=,LbXz/+Dw01QvNnh/URdlIkbyXqk=
13,3,1xSgO9UDCghMxg6oi/sCpPxC3Xo=,LbXz/+Dw01QvNnh/URdlIkbyXqk=
12,3,1xSgO9UDCghMxg6oi/sCpPxC3Xo=,LbXz/+Dw01QvNnh/URdlIkbyXqk=
11,3,1xSgO9UDCghMxg6oi/sCpPxC3Xo=,LbXz/+Dw01QvNnh/URdlIkbyXqk=
10,3,1xSgO9UDCghMxg6oi/sCpPxC3Xo=,LbXz/+Dw01QvNnh/URdlIkbyXqk=
9,3,1xSgO9UDCghMxg6oi/sCpPxC3Xo=,LbXz/+Dw01QvNnh/URdlIkbyXqk=
14,2,1xSgO9UDCghMxg6oi/sCpPxC3Xo=,LbXz/+Dw01QvNnh/URdlIkbyXqk=
13,2,1xSgO9UDCghMxg6oi/sCpPxC3Xo=,LbXz/+Dw01QvNnh/URdlIkbyXqk=
12,2,1xSgO9UDCghMxg6oi/sCpPxC3Xo=,LbXz/+Dw01QvNnh/URdlIkbyXqk=
11,2,1xSgO9UDCghMxg6oi/sCpPxC3Xo=,LbXz/+Dw01QvNnh/URdlIkbyXqk=
10,2,1xSgO9UDCghMxg6oi/sCpPxC3Xo=,LbXz/+Dw01QvNnh/URdlIkbyXqk=
9,2,1xSgO9UDCghMxg6oi/sCpPxC3Xo=,LbXz/+Dw01QvNnh/URdlIkbyXqk=
14,1,1xSgO9UDCghMxg6oi/sCpPxC3Xo=,LbXz/+Dw01QvNnh/URdlIkbyXqk=
13,1,1xSgO9UDCghMxg6oi/sCpPxC3Xo=,LbXz/+Dw01QvNnh/URdlIkbyXqk=
12,1,1xSgO9UDCghMxg6oi/sCpPxC3Xo=,LbXz/+Dw01QvNnh/URdlIkbyXqk=
11,1,1xSgO9UDCghMxg6oi/sCpPxC3Xo=,LbXz/+Dw01QvNnh/URdlIkbyXqk=
10,1,1xSgO9UDCghMxg6oi/sCpPxC3Xo=,LbXz/+Dw01QvNnh/URdlIkbyXqk=
14,7,1xSgO9UDCghMxg6oi/sCpPxC3Xo=,LbXz/+Dw01QvNnh/URdlIkbyXqk=
13,7,1xSgO9UDCghMxg6oi/sCpPxC3Xo=,LbXz/+Dw01QvNnh/URdlIkbyXqk=
12,7,1xSgO9UDCghMxg6oi/sCpPxC3Xo=,LbXz/+Dw01QvNnh/URdlIkbyXqk=
11,7,+pXf8FG2cQqhFGunAHAY4L0t7pY=,LbXz/+Dw01QvNnh/URdlIkbyXqk=
10,7,+pXf8FG2cQqhFGunAHAY4L0t7pY=,LbXz/+Dw01QvNnh/URdlIkbyXqk=
9,7,+pXf8FG2cQqhFGunAHAY4L0t7pY=,LbXz/+Dw01QvNnh/URdlIkbyXqk=
14,0,1xSgO9UDCghMxg6oi/sCpPxC3Xo=,LbXz/+Dw01QvNnh/URdlIkbyXqk=
10,0,1xSgO9UDCghMxg6oi/sCpPxC3Xo=,LbXz/+Dw01QvNnh/URdlIkbyXqk=
9,0,1xSgO9UDCghMxg6oi/sCpPxC3Xo=,LbXz/+Dw01QvNnh/URdlIkbyXqk=
11,0,1xSgO9UDCghMxg6oi/sCpPxC3Xo=,LbXz/+Dw01QvNnh/URdlIkbyXqk=
12,0,1xSgO9UDCghMxg6oi/sCpPxC3Xo=,LbXz/+Dw01QvNnh/URdlIkbyXqk=
13,0,1xSgO9UDCghMxg6oi/sCpPxC3Xo=,LbXz/+Dw01QvNnh/URdlIkbyXqk=
15,6,1xSgO9UDCghMxg6oi/sCpPxC3Xo=,LbXz/+Dw01QvNnh/URdlIkbyXqk=
15,1,1xSgO9UDCghMxg6oi/sCpPxC3Xo=,LbXz/+Dw01QvNnh/URdlIkbyXqk=
15,2,1xSgO9UDCghMxg6oi/sCpPxC3Xo=,LbXz/+Dw01QvNnh/URdlIkbyXqk=
15,4,1xSgO9UDCghMxg6oi/sCpPxC3Xo=,LbXz/+Dw01QvNnh/URdlIkbyXqk=
15,3,1xSgO9UDCghMxg6oi/sCpPxC3Xo=,LbXz/+Dw01QvNnh/URdlIkbyXqk=
15,5,1xSgO9UDCghMxg6oi/sCpPxC3Xo=,LbXz/+Dw01QvNnh/URdlIkbyXqk=
15,7,1xSgO9UDCghMxg6oi/sCpPxC3Xo=,LbXz/+Dw01QvNnh/URdlIkbyXqk=
15,0,1xSgO9UDCghMxg6oi/sCpPxC3Xo=,LbXz/+Dw01QvNnh/URdlIkbyXqk=
8,1,1xSgO9UDCghMxg6oi/sCpPxC3Xo=,LbXz/+Dw01QvNnh/URdlIkbyXqk=
8,3,1xSgO9UDCghMxg6oi/sCpPxC3Xo=,LbXz/+Dw01QvNnh/URdlIkbyXqk=
8,5,+pXf8FG2cQqhFGunAHAY4L0t7pY=,LbXz/+Dw01QvNnh/URdlIkbyXqk=
8,2,1xSgO9UDCghMxg6oi/sCpPxC3Xo=,LbXz/+Dw01QvNnh/URdlIkbyXqk=
8,0,1xSgO9UDCghMxg6oi/sCpPxC3Xo=,LbXz/+Dw01QvNnh/URdlIkbyXqk=
8,4,+pXf8FG2cQqhFGunAHAY4L0t7pY=,LbXz/+Dw01QvNnh/URdlIkbyXqk=
8,6,+pXf8FG2cQqhFGunAHAY4L0t7pY=,LbXz/+Dw01QvNnh/URdlIkbyXqk=
8,7,+pXf8FG2cQqhFGunAHAY4L0t7pY=,LbXz/+Dw01QvNnh/URdlIkbyXqk=
1,26,VICf5/OWeBuB1JA5VjfuwTjCxeY=,It19VYZDrC7wlgp5KYSa0xbDJ3c=
6,25,JrqaT3v/eTjeZ/qBw0pl+KfBIpI=,It19VYZDrC7wlgp5KYSa0xbDJ3c=
5,25,JrqaT3v/eTjeZ/qBw0pl+KfBIpI=,It19VYZDrC7wlgp5KYSa0xbDJ3c=
4,25,JrqaT3v/eTjeZ/qBw0pl+KfBIpI=,It19VYZDrC7wlgp5KYSa0xbDJ3c=
6,30,VICf5/OWeBuB1JA5VjfuwTjCxeY=,It19VYZDrC7wlgp5KYSa0xbDJ3c=
5,30,VICf5/OWeBuB1JA5VjfuwTjCxeY=,It19VYZDrC7wlgp5KYSa0xbDJ3c=
4,30,VICf5/OWeBuB1JA5VjfuwTjCxeY=,It19VYZDrC7wlgp5KYSa0xbDJ3c=
3,30,VICf5/OWeBuB1JA5VjfuwTjCxeY=,It19VYZDrC7wlgp5KYSa0xbDJ3c=
2,30,VICf5/OWeBuB1JA5VjfuwTjCxeY=,It19VYZDrC7wlgp5KYSa0xbDJ3c=
3,25,JrqaT3v/eTjeZ/qBw0pl+KfBIpI=,It19VYZDrC7wlgp5KYSa0xbDJ3c=
1,30,VICf5/OWeBuB1JA5VjfuwTjCxeY=,It19VYZDrC7wlgp5KYSa0xbDJ3c=
2,25,VICf5/OWeBuB1JA5VjfuwTjCxeY=,It19VYZDrC7wlgp5KYSa0xbDJ3c=
6,29,VICf5/OWeBuB1JA5VjfuwTjCxeY=,It19VYZDrC7wlgp5KYSa0xbDJ3c=
5,29,VICf5/OWeBuB1JA5VjfuwTjCxeY=,It19VYZDrC7wlgp5KYSa0xbDJ3c=
4,29,VICf5/OWeBuB1JA5VjfuwTjCxeY=,It19VYZDrC7wlgp5KYSa0xbDJ3c=
1,25,VICf5/OWeBuB1JA5VjfuwTjCxeY=,It19VYZDrC7wlgp5KYSa0xbDJ3c=
3,29,VICf5/OWeBuB1JA5VjfuwTjCxeY=,It19VYZDrC7wlgp5KYSa0xbDJ3c=
2,29,VICf5/OWeBuB1JA5VjfuwTjCxeY=,It19VYZDrC7wlgp5KYSa0xbDJ3c=
1,29,VICf5/OWeBuB1JA5VjfuwTjCxeY=,It19VYZDrC7wlgp5KYSa0xbDJ3c=
6,28,JrqaT3v/eTjeZ/qBw0pl+KfBIpI=,It19VYZDrC7wlgp5KYSa0xbDJ3c=
5,28,JrqaT3v/eTjeZ/qBw0pl+KfBIpI=,It19VYZDrC7wlgp5KYSa0xbDJ3c=
4,28,JrqaT3v/eTjeZ/qBw0pl+KfBIpI=,It19VYZDrC7wlgp5KYSa0xbDJ3c=
3,28,VICf5/OWeBuB1JA5VjfuwTjCxeY=,It19VYZDrC7wlgp5KYSa0xbDJ3c=
2,28,VICf5/OWeBuB1JA5VjfuwTjCxeY=,It19VYZDrC7wlgp5KYSa0xbDJ3c=
1,28,VICf5/OWeBuB1JA5VjfuwTjCxeY=,It19VYZDrC7wlgp5KYSa0xbDJ3c=
6,27,JrqaT3v/eTjeZ/qBw0pl+KfBIpI=,It19VYZDrC7wlgp5KYSa0xbDJ3c=
5,27,JrqaT3v/eTjeZ/qBw0pl+KfBIpI=,It19VYZDrC7wlgp5KYSa0xbDJ3c=
4,27,JrqaT3v/eTjeZ/qBw0pl+KfBIpI=,It19VYZDrC7wlgp5KYSa0xbDJ3c=
3,27,JrqaT3v/eTjeZ/qBw0pl+KfBIpI=,It19VYZDrC7wlgp5KYSa0xbDJ3c=
2,27,VICf5/OWeBuB1JA5VjfuwTjCxeY=,It19VYZDrC7wlgp5KYSa0xbDJ3c=
1,27,VICf5/OWeBuB1JA5VjfuwTjCxeY=,It19VYZDrC7wlgp5KYSa0xbDJ3c=
6,26,JrqaT3v/eTjeZ/qBw0pl+KfBIpI=,It19VYZDrC7wlgp5KYSa0xbDJ3c=
5,26,JrqaT3v/eTjeZ/qBw0pl+KfBIpI=,It19VYZDrC7wlgp5KYSa0xbDJ3c=
4,26,JrqaT3v/eTjeZ/qBw0pl+KfBIpI=,It19VYZDrC7wlgp5KYSa0xbDJ3c=
3,26,JrqaT3v/eTjeZ/qBw0pl+KfBIpI=,It19VYZDrC7wlgp5KYSa0xbDJ3c=
2,26,JrqaT3v/eTjeZ/qBw0pl+KfBIpI=,It19VYZDrC7wlgp5KYSa0xbDJ3c=
8,25,JrqaT3v/eTjeZ/qBw0pl+KfBIpI=,pzdWD4QHv9Lva9oUz47BA7TwmkE=
9,25,JrqaT3v/eTjeZ/qBw0pl+KfBIpI=,pzdWD4QHv9Lva9oUz47BA7TwmkE=
10,25,JrqaT3v/eTjeZ/qBw0pl+KfBIpI=,pzdWD4QHv9Lva9oUz47BA7TwmkE=
7,26,JrqaT3v/eTjeZ/qBw0pl+KfBIpI=,It19VYZDrC7wlgp5KYSa0xbDJ3c=
11,25,JrqaT3v/eTjeZ/qBw0pl+KfBIpI=,pzdWD4QHv9Lva9oUz47BA7TwmkE=
12,25,VICf5/OWeBuB1JA5VjfuwTjCxeY=,pzdWD4QHv9Lva9oUz47BA7TwmkE=
13,25,VICf5/OWeBuB1JA5VjfuwTjCxeY=,pzdWD4QHv9Lva9oUz47BA7TwmkE=
14,25,VICf5/OWeBuB1JA5VjfuwTjCxeY=,pzdWD4QHv9Lva9oUz47BA7TwmkE=
7,27,JrqaT3v/eTjeZ/qBw0pl+KfBIpI=,It19VYZDrC7wlgp5KYSa0xbDJ3c=
7,28,JrqaT3v/eTjeZ/qBw0pl+KfBIpI=,It19VYZDrC7wlgp5KYSa0xbDJ3c=
8,26,JrqaT3v/eTjeZ/qBw0pl+KfBIpI=,pzdWD4QHv9Lva9oUz47BA7TwmkE=
9,26,JrqaT3v/eTjeZ/qBw0pl+KfBIpI=,pzdWD4QHv9Lva9oUz47BA7TwmkE=
10,26,JrqaT3v/eTjeZ/qBw0pl+KfBIpI=,pzdWD4QHv9Lva9oUz47BA7TwmkE=
11,26,JrqaT3v/eTjeZ/qBw0pl+KfBIpI=,pzdWD4QHv9Lva9oUz47BA7TwmkE=
12,26,VICf5/OWeBuB1JA5VjfuwTjCxeY=,pzdWD4QHv9Lva9oUz47BA7TwmkE=
13,26,VICf5/OWeBuB1JA5VjfuwTjCxeY=,pzdWD4QHv9Lva9oUz47BA7TwmkE=
14,26,VICf5/OWeBuB1JA5VjfuwTjCxeY=,pzdWD4QHv9Lva9oUz47BA7TwmkE=
8,27,JrqaT3v/eTjeZ/qBw0pl+KfBIpI=,pzdWD4QHv9Lva9oUz47BA7TwmkE=
9,27,JrqaT3v/eTjeZ/qBw0pl+KfBIpI=,pzdWD4QHv9Lva9oUz47BA7TwmkE=
10,27,JrqaT3v/eTjeZ/qBw0pl+KfBIpI=,pzdWD4QHv9Lva9oUz47BA7TwmkE=
11,27,JrqaT3v/eTjeZ/qBw0pl+KfBIpI=,pzdWD4QHv9Lva9oUz47BA7TwmkE=
12,27,VICf5/OWeBuB1JA5VjfuwTjCxeY=,pzdWD4QHv9Lva9oUz47BA7TwmkE=
13,27,VICf5/OWeBuB1JA5VjfuwTjCxeY=,pzdWD4QHv9Lva9oUz47BA7TwmkE=
14,27,VICf5/OWeBuB1JA5VjfuwTjCxeY=,pzdWD4QHv9Lva9oUz47BA7TwmkE=
8,28,VICf5/OWeBuB1JA5VjfuwTjCxeY=,pzdWD4QHv9Lva9oUz47BA7TwmkE=
9,28,VICf5/OWeBuB1JA5VjfuwTjCxeY=,pzdWD4QHv9Lva9oUz47BA7TwmkE=
10,28,VICf5/OWeBuB1JA5VjfuwTjCxeY=,pzdWD4QHv9Lva9oUz47BA7TwmkE=
7,29,VICf5/OWeBuB1JA5VjfuwTjCxeY=,It19VYZDrC7wlgp5KYSa0xbDJ3c=
11,28,VICf5/OWeBuB1JA5VjfuwTjCxeY=,pzdWD4QHv9Lva9oUz47BA7TwmkE=
12,28,VICf5/OWeBuB1JA5VjfuwTjCxeY=,pzdWD4QHv9Lva9oUz47BA7TwmkE=
13,28,VICf5/OWeBuB1JA5VjfuwTjCxeY=,pzdWD4QHv9Lva9oUz47BA7TwmkE=
14,28,VICf5/OWeBuB1JA5VjfuwTjCxeY=,pzdWD4QHv9Lva9oUz47BA7TwmkE=
8,29,VICf5/OWeBuB1JA5VjfuwTjCxeY=,pzdWD4QHv9Lva9oUz47BA7TwmkE=
9,29,VICf5/OWeBuB1JA5VjfuwTjCxeY=,pzdWD4QHv9Lva9oUz47BA7TwmkE=
10,29,VICf5/OWeBuB1JA5VjfuwTjCxeY=,pzdWD4QHv9Lva9oUz47BA7TwmkE=
11,29,VICf5/OWeBuB1JA5VjfuwTjCxeY=,pzdWD4QHv9Lva9oUz47BA7TwmkE=
7,30,VICf5/OWeBuB1JA5VjfuwTjCxeY=,It19VYZDrC7wlgp5KYSa0xbDJ3c=
12,29,VICf5/OWeBuB1JA5VjfuwTjCxeY=,pzdWD4QHv9Lva9oUz47BA7TwmkE=
13,29,VICf5/OWeBuB1JA5VjfuwTjCxeY=,pzdWD4QHv9Lva9oUz47BA7TwmkE=
14,29,VICf5/OWeBuB1JA5VjfuwTjCxeY=,pzdWD4QHv9Lva9oUz47BA7TwmkE=
8,30,VICf5/OWeBuB1JA5VjfuwTjCxeY=,pzdWD4QHv9Lva9oUz47BA7TwmkE=
9,30,VICf5/OWeBuB1JA5VjfuwTjCxeY=,pzdWD4QHv9Lva9oUz47BA7TwmkE=
10,30,VICf5/OWeBuB1JA5VjfuwTjCxeY=,pzdWD4QHv9Lva9oUz47BA7TwmkE=
11,30,VICf5/OWeBuB1JA5VjfuwTjCxeY=,pzdWD4QHv9Lva9oUz47BA7TwmkE=
12,30,VICf5/OWeBuB1JA5VjfuwTjCxeY=,pzdWD4QHv9Lva9oUz47BA7TwmkE=
13,30,VICf5/OWeBuB1JA5VjfuwTjCxeY=,pzdWD4QHv9Lva9oUz47BA7TwmkE=
14,30,VICf5/OWeBuB1JA5VjfuwTjCxeY=,pzdWD4QHv9Lva9oUz47BA7TwmkE=
7,25,JrqaT3v/eTjeZ/qBw0pl+KfBIpI=,It19VYZDrC7wlgp5KYSa0xbDJ3c=
15,25,VICf5/OWeBuB1JA5VjfuwTjCxeY=,pzdWD4QHv9Lva9oUz47BA7TwmkE=
15,26,VICf5/OWeBuB1JA5VjfuwTjCxeY=,pzdWD4QHv9Lva9oUz47BA7TwmkE=
15,27,VICf5/OWeBuB1JA5VjfuwTjCxeY=,pzdWD4QHv9Lva9oUz47BA7TwmkE=
15,28,VICf5/OWeBuB1JA5VjfuwTjCxeY=,pzdWD4QHv9Lva9oUz47BA7TwmkE=
15,29,VICf5/OWeBuB1JA5VjfuwTjCxeY=,pzdWD4QHv9Lva9oUz47BA7TwmkE=
15,30,VICf5/OWeBuB1JA5VjfuwTjCxeY=,pzdWD4QHv9Lva9oUz47BA7TwmkE=
4,21,GMV4R3DzZVn6LOrfgRolGWY0wMM=,J/x88h6v6ncxRG+8pArLm5DVyLk=
1,24,VICf5/OWeBuB1JA5VjfuwTjCxeY=,It19VYZDrC7wlgp5KYSa0xbDJ3c=
6,22,GMV4R3DzZVn6LOrfgRolGWY0wMM=,J/x88h6v6ncxRG+8pArLm5DVyLk=
4,22,GMV4R3DzZVn6LOrfgRolGWY0wMM=,J/x88h6v6ncxRG+8pArLm5DVyLk=
3,21,GMV4R3DzZVn6LOrfgRolGWY0wMM=,J/x88h6v6ncxRG+8pArLm5DVyLk=
0,18,bUYgvo8/WhRisOcJ/aZdJAe2AqA=,J/x88h6v6ncxRG+8pArLm5DVyLk=
4,23,GMV4R3DzZVn6LOrfgRolGWY0wMM=,J/x88h6v6ncxRG+8pArLm5DVyLk=
2,21,GMV4R3DzZVn6LOrfgRolGWY0wMM=,J/x88h6v6ncxRG+8pArLm5DVyLk=
1,19,bUYgvo8/WhRisOcJ/aZdJAe2AqA=,J/x88h6v6ncxRG+8pArLm5DVyLk=
0,19,bUYgvo8/WhRisOcJ/aZdJAe2AqA=,J/x88h6v6ncxRG+8pArLm5DVyLk=
1,21,GMV4R3DzZVn6LOrfgRolGWY0wMM=,J/x88h6v6ncxRG+8pArLm5DVyLk=
0,26,VICf5/OWeBuB1JA5VjfuwTjCxeY=,It19VYZDrC7wlgp5KYSa0xbDJ3c=
0,24,VICf5/OWeBuB1JA5VjfuwTjCxeY=,It19VYZDrC7wlgp5KYSa0xbDJ3c=
0,27,VICf5/OWeBuB1JA5VjfuwTjCxeY=,It19VYZDrC7wlgp5KYSa0xbDJ3c=
0,23,GMV4R3DzZVn6LOrfgRolGWY0wMM=,J/x88h6v6ncxRG+8pArLm5DVyLk=
0,28,VICf5/OWeBuB1JA5VjfuwTjCxeY=,It19VYZDrC7wlgp5KYSa0xbDJ3c=
0,29,VICf5/OWeBuB1JA5VjfuwTjCxeY=,It19VYZDrC7wlgp5KYSa0xbDJ3c=
0,25,VICf5/OWeBuB1JA5VjfuwTjCxeY=,It19VYZDrC7wlgp5KYSa0xbDJ3c=
0,30,VICf5/OWeBuB1JA5VjfuwTjCxeY=,It19VYZDrC7wlgp5KYSa0xbDJ3c=
1,31,VICf5/OWeBuB1JA5VjfuwTjCxeY=,It19VYZDrC7wlgp5KYSa0xbDJ3c=
2,31,VICf5/OWeBuB1JA5VjfuwTjCxeY=,It19VYZDrC7wlgp5KYSa0xbDJ3c=
3,31,VICf5/OWeBuB1JA5VjfuwTjCxeY=,It19VYZDrC7wlgp5KYSa0xbDJ3c=
4,31,VICf5/OWeBuB1JA5VjfuwTjCxeY=,It19VYZDrC7wlgp5KYSa0xbDJ3c=
5,31,VICf5/OWeBuB1JA5VjfuwTjCxeY=,It19VYZDrC7wlgp5KYSa0xbDJ3c=
6,31,VICf5/OWeBuB1JA5VjfuwTjCxeY=,It19VYZDrC7wlgp5KYSa0xbDJ3c=
3,22,GMV4R3DzZVn6LOrfgRolGWY0wMM=,J/x88h6v6ncxRG+8pArLm5DVyLk=
2,22,GMV4R3DzZVn6LOrfgRolGWY0wMM=,J/x88h6v6ncxRG+8pArLm5DVyLk=
1,22,GMV4R3DzZVn6LOrfgRolGWY0wMM=,J/x88h6v6ncxRG+8pArLm5DVyLk=
2,20,GMV4R3DzZVn6LOrfgRolGWY0wMM=,J/x88h6v6ncxRG+8pArLm5DVyLk=
0,22,GMV4R3DzZVn6LOrfgRolGWY0wMM=,J/x88h6v6ncxRG+8pArLm5DVyLk=
3,20,GMV4R3DzZVn6LOrfgRolGWY0wMM=,J/x88h6v6ncxRG+8pArLm5DVyLk=
3,23,GMV4R3DzZVn6LOrfgRolGWY0wMM=,J/x88h6v6ncxRG+8pArLm5DVyLk=
0,21,GMV4R3DzZVn6LOrfgRolGWY0wMM=,J/x88h6v6ncxRG+8pArLm5DVyLk=
5,24,JrqaT3v/eTjeZ/qBw0pl+KfBIpI=,It19VYZDrC7wlgp5KYSa0xbDJ3c=
2,23,GMV4R3DzZVn6LOrfgRolGWY0wMM=,J/x88h6v6ncxRG+8pArLm5DVyLk=
1,20,GMV4R3DzZVn6LOrfgRolGWY0wMM=,J/x88h6v6ncxRG+8pArLm5DVyLk=
4,24,JrqaT3v/eTjeZ/qBw0pl+KfBIpI=,It19VYZDrC7wlgp5KYSa0xbDJ3c=
1,23,GMV4R3DzZVn6LOrfgRolGWY0wMM=,J/x88h6v6ncxRG+8pArLm5DVyLk=
0,20,GMV4R3DzZVn6LOrfgRolGWY0wMM=,J/x88h6v6ncxRG+8pArLm5DVyLk=
3,24,VICf5/OWeBuB1JA5VjfuwTjCxeY=,It19VYZDrC7wlgp5KYSa0xbDJ3c=
2,24,VICf5/OWeBuB1JA5VjfuwTjCxeY=,It19VYZDrC7wlgp5KYSa0xbDJ3c=
8,31,VICf5/OWeBuB1JA5VjfuwTjCxeY=,pzdWD4QHv9Lva9oUz47BA7TwmkE=
9,31,VICf5/OWeBuB1JA5VjfuwTjCxeY=,pzdWD4QHv9Lva9oUz47BA7TwmkE=
10,31,VICf5/OWeBuB1JA5VjfuwTjCxeY=,pzdWD4QHv9Lva9oUz47BA7TwmkE=
11,31,VICf5/OWeBuB1JA5VjfuwTjCxeY=,pzdWD4QHv9Lva9oUz47BA7TwmkE=
12,31,VICf5/OWeBuB1JA5VjfuwTjCxeY=,pzdWD4QHv9Lva9oUz47BA7TwmkE=
13,31,VICf5/OWeBuB1JA5VjfuwTjCxeY=,pzdWD4QHv9Lva9oUz47BA7TwmkE=
14,31,VICf5/OWeBuB1JA5VjfuwTjCxeY=,pzdWD4QHv9Lva9oUz47BA7TwmkE=
7,31,VICf5/OWeBuB1JA5VjfuwTjCxeY=,It19VYZDrC7wlgp5KYSa0xbDJ3c=
15,31,VICf5/OWeBuB1JA5VjfuwTjCxeY=,pzdWD4QHv9Lva9oUz47BA7TwmkE=
12,24,VICf5/OWeBuB1JA5VjfuwTjCxeY=,pzdWD4QHv9Lva9oUz47BA7TwmkE=
13,24,VICf5/OWeBuB1JA5VjfuwTjCxeY=,pzdWD4QHv9Lva9oUz47BA7TwmkE=
14,24,VICf5/OWeBuB1JA5VjfuwTjCxeY=,pzdWD4QHv9Lva9oUz47BA7TwmkE=
15,24,VICf5/OWeBuB1JA5VjfuwTjCxeY=,pzdWD4QHv9Lva9oUz47BA7TwmkE=
12,22,VICf5/OWeBuB1JA5VjfuwTjCxeY=,BGtwkKmPIjmf+vid9joIIu3Rt6g=
8,17,VICf5/OWeBuB1JA5VjfuwTjCxeY=,BGtwkKmPIjmf+vid9joIIu3Rt6g=
9,17,VICf5/OWeBuB1JA5VjfuwTjCxeY=,BGtwkKmPIjmf+vid9joIIu3Rt6g=
0,31,VICf5/OWeBuB1JA5VjfuwTjCxeY=,It19VYZDrC7wlgp5KYSa0xbDJ3c=
7,24,JrqaT3v/eTjeZ/qBw0pl+KfBIpI=,It19VYZDrC7wlgp5KYSa0xbDJ3c=
8,18,VICf5/OWeBuB1JA5VjfuwTjCxeY=,BGtwkKmPIjmf+vid9joIIu3Rt6g=
11,23,JrqaT3v/eTjeZ/qBw0pl+KfBIpI=,BGtwkKmPIjmf+vid9joIIu3Rt6g=
7,16,bUYgvo8/WhRisOcJ/aZdJAe2AqA=,J/x88h6v6ncxRG+8pArLm5DVyLk=
12,23,VICf5/OWeBuB1JA5VjfuwTjCxeY=,BGtwkKmPIjmf+vid9joIIu3Rt6g=
13,23,VICf5/OWeBuB1JA5VjfuwTjCxeY=,BGtwkKmPIjmf+vid9joIIu3Rt6g=
11,19,VICf5/OWeBuB1JA5VjfuwTjCxeY=,BGtwkKmPIjmf+vid9joIIu3Rt6g=
8,24,JrqaT3v/eTjeZ/qBw0pl+KfBIpI=,pzdWD4QHv9Lva9oUz47BA7TwmkE=
11,24,JrqaT3v/eTjeZ/qBw0pl+KfBIpI=,pzdWD4QHv9Lva9oUz47BA7TwmkE=
6,23,GMV4R3DzZVn6LOrfgRolGWY0wMM=,J/x88h6v6ncxRG+8pArLm5DVyLk=
5,21,GMV4R3DzZVn6LOrfgRolGWY0wMM=,J/x88h6v6ncxRG+8pArLm5DVyLk=
5,22,GMV4R3DzZVn6LOrfgRolGWY0wMM=,J/x88h6v6ncxRG+8pArLm5DVyLk=
6,17,bUYgvo8/WhRisOcJ/aZdJAe2AqA=,J/x88h6v6ncxRG+8pArLm5DVyLk=
6,18,bUYgvo8/WhRisOcJ/aZdJAe2AqA=,J/x88h6v6ncxRG+8pArLm5DVyLk=
6,24,JrqaT3v/eTjeZ/qBw0pl+KfBIpI=,It19VYZDrC7wlgp5KYSa0xbDJ3c=
11,22,JrqaT3v/eTjeZ/qBw0pl+KfBIpI=,BGtwkKmPIjmf+vid9joIIu3Rt6g=
6,21,GMV4R3DzZVn6LOrfgRolGWY0wMM=,J/x88h6v6ncxRG+8pArLm5DVyLk=
4,20,GMV4R3DzZVn6LOrfgRolGWY0wMM=,J/x88h6v6ncxRG+8pArLm5DVyLk=
5,20,GMV4R3DzZVn6LOrfgRolGWY0wMM=,J/x88h6v6ncxRG+8pArLm5DVyLk=
10,24,JrqaT3v/eTjeZ/qBw0pl+KfBIpI=,pzdWD4QHv9Lva9oUz47BA7TwmkE=
5,19,bUYgvo8/WhRisOcJ/aZdJAe2AqA=,J/x88h6v6ncxRG+8pArLm5DVyLk=
5,23,GMV4R3DzZVn6LOrfgRolGWY0wMM=,J/x88h6v6ncxRG+8pArLm5DVyLk=
6,16,bUYgvo8/WhRisOcJ/aZdJAe2AqA=,J/x88h6v6ncxRG+8pArLm5DVyLk=
6,20,GMV4R3DzZVn6LOrfgRolGWY0wMM=,J/x88h6v6ncxRG+8pArLm5DVyLk=
6,19,bUYgvo8/WhRisOcJ/aZdJAe2AqA=,J/x88h6v6ncxRG+8pArLm5DVyLk=
7,23,GMV4R3DzZVn6LOrfgRolGWY0wMM=,J/x88h6v6ncxRG+8pArLm5DVyLk=
5,16,bUYgvo8/WhRisOcJ/aZdJAe2AqA=,J/x88h6v6ncxRG+8pArLm5DVyLk=
10,20,JrqaT3v/eTjeZ/qBw0pl+KfBIpI=,BGtwkKmPIjmf+vid9joIIu3Rt6g=
10,22,JrqaT3v/eTjeZ/qBw0pl+KfBIpI=,BGtwkKmPIjmf+vid9joIIu3Rt6g=
11,20,JrqaT3v/eTjeZ/qBw0pl+KfBIpI=,BGtwkKmPIjmf+vid9joIIu3Rt6g=
5,18,bUYgvo8/WhRisOcJ/aZdJAe2AqA=,J/x88h6v6ncxRG+8pArLm5DVyLk=
4,19,bUYgvo8/WhRisOcJ/aZdJAe2AqA=,J/x88h6v6ncxRG+8pArLm5DVyLk=
5,17,bUYgvo8/WhRisOcJ/aZdJAe2AqA=,J/x88h6v6ncxRG+8pArLm5DVyLk=
9,16,VICf5/OWeBuB1JA5VjfuwTjCxeY=,BGtwkKmPIjmf+vid9joIIu3Rt6g=
8,20,JrqaT3v/eTjeZ/qBw0pl+KfBIpI=,BGtwkKmPIjmf+vid9joIIu3Rt6g=
13,22,VICf5/OWeBuB1JA5VjfuwTjCxeY=,BGtwkKmPIjmf+vid9joIIu3Rt6g=
9,22,JrqaT3v/eTjeZ/qBw0pl+KfBIpI=,BGtwkKmPIjmf+vid9joIIu3Rt6g=
8,16,VICf5/OWeBuB1JA5VjfuwTjCxeY=,BGtwkKmPIjmf+vid9joIIu3Rt6g=
7,21,GMV4R3DzZVn6LOrfgRolGWY0wMM=,J/x88h6v6ncxRG+8pArLm5DVyLk=
9,24,JrqaT3v/eTjeZ/qBw0pl+KfBIpI=,pzdWD4QHv9Lva9oUz47BA7TwmkE=
14,22,VICf5/OWeBuB1JA5VjfuwTjCxeY=,BGtwkKmPIjmf+vid9joIIu3Rt6g=
4,16,bUYgvo8/WhRisOcJ/aZdJAe2AqA=,J/x88h6v6ncxRG+8pArLm5DVyLk=
9,20,JrqaT3v/eTjeZ/qBw0pl+KfBIpI=,BGtwkKmPIjmf+vid9joIIu3Rt6g=
10,16,VICf5/OWeBuB1JA5VjfuwTjCxeY=,BGtwkKmPIjmf+vid9joIIu3Rt6g=
7,22,GMV4R3DzZVn6LOrfgRolGWY0wMM=,J/x88h6v6ncxRG+8pArLm5DVyLk=
10,17,VICf5/OWeBuB1JA5VjfuwTjCxeY=,BGtwkKmPIjmf+vid9joIIu3Rt6g=
15,22,VICf5/OWeBuB1JA5VjfuwTjCxeY=,BGtwkKmPIjmf+vid9joIIu3Rt6g=
14,16,VICf5/OWeBuB1JA5VjfuwTjCxeY=,BGtwkKmPIjmf+vid9joIIu3Rt6g=
4,18,bUYgvo8/WhRisOcJ/aZdJAe2AqA=,J/x88h6v6ncxRG+8pArLm5DVyLk=
4,17,bUYgvo8/WhRisOcJ/aZdJAe2AqA=,J/x88h6v6ncxRG+8pArLm5DVyLk=
11,17,VICf5/OWeBuB1JA5VjfuwTjCxeY=,BGtwkKmPIjmf+vid9joIIu3Rt6g=
15,16,VICf5/OWeBuB1JA5VjfuwTjCxeY=,BGtwkKmPIjmf+vid9joIIu3Rt6g=
11,16,VICf5/OWeBuB1JA5VjfuwTjCxeY=,BGtwkKmPIjmf+vid9joIIu3Rt6g=
1,18,bUYgvo8/WhRisOcJ/aZdJAe2AqA=,J/x88h6v6ncxRG+8pArLm5DVyLk=
12,16,VICf5/OWeBuB1JA5VjfuwTjCxeY=,BGtwkKmPIjmf+vid9joIIu3Rt6g=
7,20,GMV4R3DzZVn6LOrfgRolGWY0wMM=,J/x88h6v6ncxRG+8pArLm5DVyLk=
7,17,bUYgvo8/WhRisOcJ/aZdJAe2AqA=,J/x88h6v6ncxRG+8pArLm5DVyLk=
13,16,VICf5/OWeBuB1JA5VjfuwTjCxeY=,BGtwkKmPIjmf+vid9joIIu3Rt6g=
8,23,JrqaT3v/eTjeZ/qBw0pl+KfBIpI=,BGtwkKmPIjmf+vid9joIIu3Rt6g=
15,17,VICf5/OWeBuB1JA5VjfuwTjCxeY=,BGtwkKmPIjmf+vid9joIIu3Rt6g=
12,20,VICf5/OWeBuB1JA5VjfuwTjCxeY=,BGtwkKmPIjmf+vid9joIIu3Rt6g=
9,23,JrqaT3v/eTjeZ/qBw0pl+KfBIpI=,BGtwkKmPIjmf+vid9joIIu3Rt6g=
7,19,bUYgvo8/WhRisOcJ/aZdJAe2AqA=,J/x88h6v6ncxRG+8pArLm5DVyLk=
9,18,VICf5/OWeBuB1JA5VjfuwTjCxeY=,BGtwkKmPIjmf+vid9joIIu3Rt6g=
10,23,JrqaT3v/eTjeZ/qBw0pl+KfBIpI=,BGtwkKmPIjmf+vid9joIIu3Rt6g=
10,18,VICf5/OWeBuB1JA5VjfuwTjCxeY=,BGtwkKmPIjmf+vid9joIIu3Rt6g=
11,18,VICf5/OWeBuB1JA5VjfuwTjCxeY=,BGtwkKmPIjmf+vid9joIIu3Rt6g=
12,17,VICf5/OWeBuB1JA5VjfuwTjCxeY=,BGtwkKmPIjmf+vid9joIIu3Rt6g=
11,21,JrqaT3v/eTjeZ/qBw0pl+KfBIpI=,BGtwkKmPIjmf+vid9joIIu3Rt6g=
7,18,bUYgvo8/WhRisOcJ/aZdJAe2AqA=,J/x88h6v6ncxRG+8pArLm5DVyLk=
0,16,bUYgvo8/WhRisOcJ/aZdJAe2AqA=,J/x88h6v6ncxRG+8pArLm5DVyLk=
10,21,JrqaT3v/eTjeZ/qBw0pl+KfBIpI=,BGtwkKmPIjmf+vid9joIIu3Rt6g=
12,21,VICf5/OWeBuB1JA5VjfuwTjCxeY=,BGtwkKmPIjmf+vid9joIIu3Rt6g=
14,17,VICf5/OWeBuB1JA5VjfuwTjCxeY=,BGtwkKmPIjmf+vid9joIIu3Rt6g=
13,17,VICf5/OWeBuB1JA5VjfuwTjCxeY=,BGtwkKmPIjmf+vid9joIIu3Rt6g=
13,20,VICf5/OWeBuB1JA5VjfuwTjCxeY=,BGtwkKmPIjmf+vid9joIIu3Rt6g=
8,19,VICf5/OWeBuB1JA5VjfuwTjCxeY=,BGtwkKmPIjmf+vid9joIIu3Rt6g=
10,19,VICf5/OWeBuB1JA5VjfuwTjCxeY=,BGtwkKmPIjmf+vid9joIIu3Rt6g=
15,19,VICf5/OWeBuB1JA5VjfuwTjCxeY=,BGtwkKmPIjmf+vid9joIIu3Rt6g=
12,18,VICf5/OWeBuB1JA5VjfuwTjCxeY=,BGtwkKmPIjmf+vid9joIIu3Rt6g=
1,17,bUYgvo8/WhRisOcJ/aZdJAe2AqA=,J/x88h6v6ncxRG+8pArLm5DVyLk=
9,19,VICf5/OWeBuB1JA5VjfuwTjCxeY=,BGtwkKmPIjmf+vid9joIIu3Rt6g=
9,21,JrqaT3v/eTjeZ/qBw0pl+KfBIpI=,BGtwkKmPIjmf+vid9joIIu3Rt6g=
3,16,bUYgvo8/WhRisOcJ/aZdJAe2AqA=,J/x88h6v6ncxRG+8pArLm5DVyLk=
12,19,VICf5/OWeBuB1JA5VjfuwTjCxeY=,BGtwkKmPIjmf+vid9joIIu3Rt6g=
2,16,bUYgvo8/WhRisOcJ/aZdJAe2AqA=,J/x88h6v6ncxRG+8pArLm5DVyLk=
14,23,VICf5/OWeBuB1JA5VjfuwTjCxeY=,BGtwkKmPIjmf+vid9joIIu3Rt6g=
15,20,VICf5/OWeBuB1JA5VjfuwTjCxeY=,BGtwkKmPIjmf+vid9joIIu3Rt6g=
2,19,bUYgvo8/WhRisOcJ/aZdJAe2AqA=,J/x88h6v6ncxRG+8pArLm5DVyLk=
8,21,JrqaT3v/eTjeZ/qBw0pl+KfBIpI=,BGtwkKmPIjmf+vid9joIIu3Rt6g=
14,20,VICf5/OWeBuB1JA5VjfuwTjCxeY=,BGtwkKmPIjmf+vid9joIIu3Rt6g=
3,19,bUYgvo8/WhRisOcJ/aZdJAe2AqA=,J/x88h6v6ncxRG+8pArLm5DVyLk=
15,23,VICf5/OWeBuB1JA5VjfuwTjCxeY=,BGtwkKmPIjmf+vid9joIIu3Rt6g=
0,17,bUYgvo8/WhRisOcJ/aZdJAe2AqA=,J/x88h6v6ncxRG+8pArLm5DVyLk=
15,21,VICf5/OWeBuB1JA5VjfuwTjCxeY=,BGtwkKmPIjmf+vid9joIIu3Rt6g=
14,18,VICf5/OWeBuB1JA5VjfuwTjCxeY=,BGtwkKmPIjmf+vid9joIIu3Rt6g=
1,16,bUYgvo8/WhRisOcJ/aZdJAe2AqA=,J/x88h6v6ncxRG+8pArLm5DVyLk=
13,21,VICf5/OWeBuB1JA5VjfuwTjCxeY=,BGtwkKmPIjmf+vid9joIIu3Rt6g=
15,18,VICf5/OWeBuB1JA5VjfuwTjCxeY=,BGtwkKmPIjmf+vid9joIIu3Rt6g=
8,22,JrqaT3v/eTjeZ/qBw0pl+KfBIpI=,BGtwkKmPIjmf+vid9joIIu3Rt6g=
2,17,bUYgvo8/WhRisOcJ/aZdJAe2AqA=,J/x88h6v6ncxRG+8pArLm5DVyLk=
14,21,VICf5/OWeBuB1JA5VjfuwTjCxeY=,BGtwkKmPIjmf+vid9joIIu3Rt6g=
13,18,VICf5/OWeBuB1JA5VjfuwTjCxeY=,BGtwkKmPIjmf+vid9joIIu3Rt6g=
2,18,bUYgvo8/WhRisOcJ/aZdJAe2AqA=,J/x88h6v6ncxRG+8pArLm5DVyLk=
13,19,VICf5/OWeBuB1JA5VjfuwTjCxeY=,BGtwkKmPIjmf+vid9joIIu3Rt6g=
14,19,VICf5/OWeBuB1JA5VjfuwTjCxeY=,BGtwkKmPIjmf+vid9joIIu3Rt6g=
3,18,bUYgvo8/WhRisOcJ/aZdJAe2AqA=,J/x88h6v6ncxRG+8pArLm5DVyLk=
3,17,bUYgvo8/WhRisOcJ/aZdJAe2AqA=,J/x88h6v6ncxRG+8pArLm5DVyLk=
25,17,9xTCbQHmd5fgX+FuwucFw2t8fXY=,o4UDy7FAngzARTOY78KsRMaDqdI=
26,17,9xTCbQHmd5fgX+FuwucFw2t8fXY=,o4UDy7FAngzARTOY78KsRMaDqdI=
27,17,9xTCbQHmd5fgX+FuwucFw2t8fXY=,o4UDy7FAngzARTOY78KsRMaDqdI=
31,22,9xTCbQHmd5fgX+FuwucFw2t8fXY=,o4UDy7FAngzARTOY78KsRMaDqdI=
30,22,9xTCbQHmd5fgX+FuwucFw2t8fXY=,o4UDy7FAngzARTOY78KsRMaDqdI=
29,22,9xTCbQHmd5fgX+FuwucFw2t8fXY=,o4UDy7FAngzARTOY78KsRMaDqdI=
28,22,9xTCbQHmd5fgX+FuwucFw2t8fXY=,o4UDy7FAngzARTOY78KsRMaDqdI=
27,22,9xTCbQHmd5fgX+FuwucFw2t8fXY=,o4UDy7FAngzARTOY78KsRMaDqdI=
26,22,9xTCbQHmd5fgX+FuwucFw2t8fXY=,o4UDy7FAngzARTOY78KsRMaDqdI=
28,17,9xTCbQHmd5fgX+FuwucFw2t8fXY=,o4UDy7FAngzARTOY78KsRMaDqdI=
29,17,9xTCbQHmd5fgX+FuwucFw2t8fXY=,o4UDy7FAngzARTOY78KsRMaDqdI=
25,22,9xTCbQHmd5fgX+FuwucFw2t8fXY=,o4UDy7FAngzARTOY78KsRMaDqdI=
31,19,9xTCbQHmd5fgX+FuwucFw2t8fXY=,o4UDy7FAngzARTOY78KsRMaDqdI=
31,21,9xTCbQHmd5fgX+FuwucFw2t8fXY=,o4UDy7FAngzARTOY78KsRMaDqdI=
30,21,9xTCbQHmd5fgX+FuwucFw2t8fXY=,o4UDy7FAngzARTOY78KsRMaDqdI=
29,21,9xTCbQHmd5fgX+FuwucFw2t8fXY=,o4UDy7FAngzARTOY78KsRMaDqdI=
28,21,9xTCbQHmd5fgX+FuwucFw2t8fXY=,o4UDy7FAngzARTOY78KsRMaDqdI=
27,21,9xTCbQHmd5fgX+FuwucFw2t8fXY=,o4UDy7FAngzARTOY78KsRMaDqdI=
26,21,9xTCbQHmd5fgX+FuwucFw2t8fXY=,o4UDy7FAngzARTOY78KsRMaDqdI=
25,21,9xTCbQHmd5fgX+FuwucFw2t8fXY=,o4UDy7FAngzARTOY78KsRMaDqdI=
31,20,9xTCbQHmd5fgX+FuwucFw2t8fXY=,o4UDy7FAngzARTOY78KsRMaDqdI=
30,19,9xTCbQHmd5fgX+FuwucFw2t8fXY=,o4UDy7FAngzARTOY78KsRMaDqdI=
30,20,9xTCbQHmd5fgX+FuwucFw2t8fXY=,o4UDy7FAngzARTOY78KsRMaDqdI=
29,20,9xTCbQHmd5fgX+FuwucFw2t8fXY=,o4UDy7FAngzARTOY78KsRMaDqdI=
29,19,9xTCbQHmd5fgX+FuwucFw2t8fXY=,o4UDy7FAngzARTOY78KsRMaDqdI=
28,20,9xTCbQHmd5fgX+FuwucFw2t8fXY=,o4UDy7FAngzARTOY78KsRMaDqdI=
28,19,9xTCbQHmd5fgX+FuwucFw2t8fXY=,o4UDy7FAngzARTOY78KsRMaDqdI=
27,19,9xTCbQHmd5fgX+FuwucFw2t8fXY=,o4UDy7FAngzARTOY78KsRMaDqdI=
27,20,9xTCbQHmd5fgX+FuwucFw2t8fXY=,o4UDy7FAngzARTOY78KsRMaDqdI=
26,20,9xTCbQHmd5fgX+FuwucFw2t8fXY=,o4UDy7FAngzARTOY78KsRMaDqdI=
26,19,tMUsNC/5Egz/BxcSMZOXxiIO5aI=,o4UDy7FAngzARTOY78KsRMaDqdI=
25,19,tMUsNC/5Egz/BxcSMZOXxiIO5aI=,o4UDy7FAngzARTOY78KsRMaDqdI=
25,20,9xTCbQHmd5fgX+FuwucFw2t8fXY=,o4UDy7FAngzARTOY78KsRMaDqdI=
31,18,9xTCbQHmd5fgX+FuwucFw2t8fXY=,o4UDy7FAngzARTOY78KsRMaDqdI=
30,18,9xTCbQHmd5fgX+FuwucFw2t8fXY=,o4UDy7FAngzARTOY78KsRMaDqdI=
29,18,9xTCbQHmd5fgX+FuwucFw2t8fXY=,o4UDy7FAngzARTOY78KsRMaDqdI=
28,18,9xTCbQHmd5fgX+FuwucFw2t8fXY=,o4UDy7FAngzARTOY78KsRMaDqdI=
27,18,9xTCbQHmd5fgX+FuwucFw2t8fXY=,o4UDy7FAngzARTOY78KsRMaDqdI=
26,18,9xTCbQHmd5fgX+FuwucFw2t8fXY=,o4UDy7FAngzARTOY78KsRMaDqdI=
25,18,9xTCbQHmd5fgX+FuwucFw2t8fXY=,o4UDy7FAngzARTOY78KsRMaDqdI=
31,17,9xTCbQHmd5fgX+FuwucFw2t8fXY=,o4UDy7FAngzARTOY78KsRMaDqdI=
30,17,9xTCbQHmd5fgX+FuwucFw2t8fXY=,o4UDy7FAngzARTOY78KsRMaDqdI=
28,23,9xTCbQHmd5fgX+FuwucFw2t8fXY=,o4UDy7FAngzARTOY78KsRMaDqdI=
29,23,9xTCbQHmd5fgX+FuwucFw2t8fXY=,o4UDy7FAngzARTOY78KsRMaDqdI=
25,31,PWGz9tFLBrmuurq8n+a3W2rthz4=,mWpQ076SC70O1wNlME7CfuuxCAQ=
28,24,PWGz9tFLBrmuurq8n+a3W2rthz4=,mWpQ076SC70O1wNlME7CfuuxCAQ=
26,31,PWGz9tFLBrmuurq8n+a3W2rthz4=,mWpQ076SC70O1wNlME7CfuuxCAQ=
29,24,PWGz9tFLBrmuurq8n+a3W2rthz4=,mWpQ076SC70O1wNlME7CfuuxCAQ=
27,31,PWGz9tFLBrmuurq8n+a3W2rthz4=,mWpQ076SC70O1wNlME7CfuuxCAQ=
28,31,PWGz9tFLBrmuurq8n+a3W2rthz4=,mWpQ076SC70O1wNlME7CfuuxCAQ=
29,31,PWGz9tFLBrmuurq8n+a3W2rthz4=,mWpQ076SC70O1wNlME7CfuuxCAQ=
30,24,PWGz9tFLBrmuurq8n+a3W2rthz4=,mWpQ076SC70O1wNlME7CfuuxCAQ=
31,24,PWGz9tFLBrmuurq8n+a3W2rthz4=,mWpQ076SC70O1wNlME7CfuuxCAQ=
30,31,PWGz9tFLBrmuurq8n+a3W2rthz4=,mWpQ076SC70O1wNlME7CfuuxCAQ=
25,25,PWGz9tFLBrmuurq8n+a3W2rthz4=,mWpQ076SC70O1wNlME7CfuuxCAQ=
27,25,PWGz9tFLBrmuurq8n+a3W2rthz4=,mWpQ076SC70O1wNlME7CfuuxCAQ=
30,23,9xTCbQHmd5fgX+FuwucFw2t8fXY=,o4UDy7FAngzARTOY78KsRMaDqdI=
31,23,9xTCbQHmd5fgX+FuwucFw2t8fXY=,o4UDy7FAngzARTOY78KsRMaDqdI=
28,25,PWGz9tFLBrmuurq8n+a3W2rthz4=,mWpQ076SC70O1wNlME7CfuuxCAQ=
29,25,PWGz9tFLBrmuurq8n+a3W2rthz4=,mWpQ076SC70O1wNlME7CfuuxCAQ=
30,25,PWGz9tFLBrmuurq8n+a3W2rthz4=,mWpQ076SC70O1wNlME7CfuuxCAQ=
26,25,PWGz9tFLBrmuurq8n+a3W2rthz4=,mWpQ076SC70O1wNlME7CfuuxCAQ=
31,25,PWGz9tFLBrmuurq8n+a3W2rthz4=,mWpQ076SC70O1wNlME7CfuuxCAQ=
25,26,PWGz9tFLBrmuurq8n+a3W2rthz4=,mWpQ076SC70O1wNlME7CfuuxCAQ=
26,26,PWGz9tFLBrmuurq8n+a3W2rthz4=,mWpQ076SC70O1wNlME7CfuuxCAQ=
27,26,PWGz9tFLBrmuurq8n+a3W2rthz4=,mWpQ076SC70O1wNlME7CfuuxCAQ=
28,26,PWGz9tFLBrmuurq8n+a3W2rthz4=,mWpQ076SC70O1wNlME7CfuuxCAQ=
29,26,PWGz9tFLBrmuurq8n+a3W2rthz4=,mWpQ076SC70O1wNlME7CfuuxCAQ=
30,26,PWGz9tFLBrmuurq8n+a3W2rthz4=,mWpQ076SC70O1wNlME7CfuuxCAQ=
31,26,PWGz9tFLBrmuurq8n+a3W2rthz4=,mWpQ076SC70O1wNlME7CfuuxCAQ=
25,27,PWGz9tFLBrmuurq8n+a3W2rthz4=,mWpQ076SC70O1wNlME7CfuuxCAQ=
26,27,PWGz9tFLBrmuurq8n+a3W2rthz4=,mWpQ076SC70O1wNlME7CfuuxCAQ=
27,27,PWGz9tFLBrmuurq8n+a3W2rthz4=,mWpQ076SC70O1wNlME7CfuuxCAQ=
28,27,PWGz9tFLBrmuurq8n+a3W2rthz4=,mWpQ076SC70O1wNlME7CfuuxCAQ=
29,27,PWGz9tFLBrmuurq8n+a3W2rthz4=,mWpQ076SC70O1wNlME7CfuuxCAQ=
30,27,PWGz9tFLBrmuurq8n+a3W2rthz4=,mWpQ076SC70O1wNlME7CfuuxCAQ=
31,27,PWGz9tFLBrmuurq8n+a3W2rthz4=,mWpQ076SC70O1wNlME7CfuuxCAQ=
25,28,PWGz9tFLBrmuurq8n+a3W2rthz4=,mWpQ076SC70O1wNlME7CfuuxCAQ=
26,28,PWGz9tFLBrmuurq8n+a3W2rthz4=,mWpQ076SC70O1wNlME7CfuuxCAQ=
27,28,PWGz9tFLBrmuurq8n+a3W2rthz4=,mWpQ076SC70O1wNlME7CfuuxCAQ=
28,28,PWGz9tFLBrmuurq8n+a3W2rthz4=,mWpQ076SC70O1wNlME7CfuuxCAQ=
29,28,PWGz9tFLBrmuurq8n+a3W2rthz4=,mWpQ076SC70O1wNlME7CfuuxCAQ=
30,28,PWGz9tFLBrmuurq8n+a3W2rthz4=,mWpQ076SC70O1wNlME7CfuuxCAQ=
31,28,PWGz9tFLBrmuurq8n+a3W2rthz4=,mWpQ076SC70O1wNlME7CfuuxCAQ=
26,29,PWGz9tFLBrmuurq8n+a3W2rthz4=,mWpQ076SC70O1wNlME7CfuuxCAQ=
27,29,PWGz9tFLBrmuurq8n+a3W2rthz4=,mWpQ076SC70O1wNlME7CfuuxCAQ=
28,29,PWGz9tFLBrmuurq8n+a3W2rthz4=,mWpQ076SC70O1wNlME7CfuuxCAQ=
29,29,PWGz9tFLBrmuurq8n+a3W2rthz4=,mWpQ076SC70O1wNlME7CfuuxCAQ=
30,29,PWGz9tFLBrmuurq8n+a3W2rthz4=,mWpQ076SC70O1wNlME7CfuuxCAQ=
31,29,PWGz9tFLBrmuurq8n+a3W2rthz4=,mWpQ076SC70O1wNlME7CfuuxCAQ=
25,30,PWGz9tFLBrmuurq8n+a3W2rthz4=,mWpQ076SC70O1wNlME7CfuuxCAQ=
26,30,PWGz9tFLBrmuurq8n+a3W2rthz4=,mWpQ076SC70O1wNlME7CfuuxCAQ=
25,24,PWGz9tFLBrmuurq8n+a3W2rthz4=,mWpQ076SC70O1wNlME7CfuuxCAQ=
26,24,PWGz9tFLBrmuurq8n+a3W2rthz4=,mWpQ076SC70O1wNlME7CfuuxCAQ=
27,30,PWGz9tFLBrmuurq8n+a3W2rthz4=,mWpQ076SC70O1wNlME7CfuuxCAQ=
28,30,PWGz9tFLBrmuurq8n+a3W2rthz4=,mWpQ076SC70O1wNlME7CfuuxCAQ=
29,30,PWGz9tFLBrmuurq8n+a3W2rthz4=,mWpQ076SC70O1wNlME7CfuuxCAQ=
30,30,PWGz9tFLBrmuurq8n+a3W2rthz4=,mWpQ076SC70O1wNlME7CfuuxCAQ=
25,23,9xTCbQHmd5fgX+FuwucFw2t8fXY=,o4UDy7FAngzARTOY78KsRMaDqdI=
31,30,PWGz9tFLBrmuurq8n+a3W2rthz4=,mWpQ076SC70O1wNlME7CfuuxCAQ=
27,24,PWGz9tFLBrmuurq8n+a3W2rthz4=,mWpQ076SC70O1wNlME7CfuuxCAQ=
26,23,9xTCbQHmd5fgX+FuwucFw2t8fXY=,o4UDy7FAngzARTOY78KsRMaDqdI=
27,23,9xTCbQHmd5fgX+FuwucFw2t8fXY=,o4UDy7FAngzARTOY78KsRMaDqdI=
25,16,9xTCbQHmd5fgX+FuwucFw2t8fXY=,o4UDy7FAngzARTOY78KsRMaDqdI=
26,16,9xTCbQHmd5fgX+FuwucFw2t8fXY=,o4UDy7FAngzARTOY78KsRMaDqdI=
27,16,tMUsNC/5Egz/BxcSMZOXxiIO5aI=,o4UDy7FAngzARTOY78KsRMaDqdI=
28,16,9xTCbQHmd5fgX+FuwucFw2t8fXY=,o4UDy7FAngzARTOY78KsRMaDqdI=
29,16,9xTCbQHmd5fgX+FuwucFw2t8fXY=,o4UDy7FAngzARTOY78KsRMaDqdI=
30,16,9xTCbQHmd5fgX+FuwucFw2t8fXY=,o4UDy7FAngzARTOY78KsRMaDqdI=
31,16,9xTCbQHmd5fgX+FuwucFw2t8fXY=,o4UDy7FAngzARTOY78KsRMaDqdI=
31,31,PWGz9tFLBrmuurq8n+a3W2rthz4=,mWpQ076SC70O1wNlME7CfuuxCAQ=
16,26,PWGz9tFLBrmuurq8n+a3W2rthz4=,CuIDUwh8a8Y5+r5sHHaefNQG/eY=
24,31,PWGz9tFLBrmuurq8n+a3W2rthz4=,mWpQ076SC70O1wNlME7CfuuxCAQ=
17,26,PWGz9tFLBrmuurq8n+a3W2rthz4=,CuIDUwh8a8Y5+r5sHHaefNQG/eY=
23,31,PWGz9tFLBrmuurq8n+a3W2rthz4=,CuIDUwh8a8Y5+r5sHHaefNQG/eY=
22,31,PWGz9tFLBrmuurq8n+a3W2rthz4=,CuIDUwh8a8Y5+r5sHHaefNQG/eY=
21,31,PWGz9tFLBrmuurq8n+a3W2rthz4=,CuIDUwh8a8Y5+r5sHHaefNQG/eY=
20,31,PWGz9tFLBrmuurq8n+a3W2rthz4=,CuIDUwh8a8Y5+r5sHHaefNQG/eY=
19,31,PWGz9tFLBrmuurq8n+a3W2rthz4=,CuIDUwh8a8Y5+r5sHHaefNQG/eY=
18,25,PWGz9tFLBrmuurq8n+a3W2rthz4=,CuIDUwh8a8Y5+r5sHHaefNQG/eY=
18,31,PWGz9tFLBrmuurq8n+a3W2rthz4=,CuIDUwh8a8Y5+r5sHHaefNQG/eY=
17,31,PWGz9tFLBrmuurq8n+a3W2rthz4=,CuIDUwh8a8Y5+r5sHHaefNQG/eY=
16,31,PWGz9tFLBrmuurq8n+a3W2rthz4=,CuIDUwh8a8Y5+r5sHHaefNQG/eY=
22,30,PWGz9tFLBrmuurq8n+a3W2rthz4=,CuIDUwh8a8Y5+r5sHHaefNQG/eY=
21,30,PWGz9tFLBrmuurq8n+a3W2rthz4=,CuIDUwh8a8Y5+r5sHHaefNQG/eY=
20,30,PWGz9tFLBrmuurq8n+a3W2rthz4=,CuIDUwh8a8Y5+r5sHHaefNQG/eY=
19,30,PWGz9tFLBrmuurq8n+a3W2rthz4=,CuIDUwh8a8Y5+r5sHHaefNQG/eY=
18,30,PWGz9tFLBrmuurq8n+a3W2rthz4=,CuIDUwh8a8Y5+r5sHHaefNQG/eY=
17,30,PWGz9tFLBrmuurq8n+a3W2rthz4=,CuIDUwh8a8Y5+r5sHHaefNQG/eY=
24,30,PWGz9tFLBrmuurq8n+a3W2rthz4=,mWpQ076SC70O1wNlME7CfuuxCAQ=
24,28,PWGz9tFLBrmuurq8n+a3W2rthz4=,mWpQ076SC70O1wNlME7CfuuxCAQ=
16,30,PWGz9tFLBrmuurq8n+a3W2rthz4=,CuIDUwh8a8Y5+r5sHHaefNQG/eY=
23,30,PWGz9tFLBrmuurq8n+a3W2rthz4=,CuIDUwh8a8Y5+r5sHHaefNQG/eY=
20,29,PWGz9tFLBrmuurq8n+a3W2rthz4=,CuIDUwh8a8Y5+r5sHHaefNQG/eY=
19,29,PWGz9tFLBrmuurq8n+a3W2rthz4=,CuIDUwh8a8Y5+r5sHHaefNQG/eY=
24,27,PWGz9tFLBrmuurq8n+a3W2rthz4=,mWpQ076SC70O1wNlME7CfuuxCAQ=
17,29,PWGz9tFLBrmuurq8n+a3W2rthz4=,CuIDUwh8a8Y5+r5sHHaefNQG/eY=
18,29,PWGz9tFLBrmuurq8n+a3W2rthz4=,CuIDUwh8a8Y5+r5sHHaefNQG/eY=
16,29,PWGz9tFLBrmuurq8n+a3W2rthz4=,CuIDUwh8a8Y5+r5sHHaefNQG/eY=
25,29,PWGz9tFLBrmuurq8n+a3W2rthz4=,mWpQ076SC70O1wNlME7CfuuxCAQ=
22,29,PWGz9tFLBrmuurq8n+a3W2rthz4=,CuIDUwh8a8Y5+r5sHHaefNQG/eY=
19,28,PWGz9tFLBrmuurq8n+a3W2rthz4=,CuIDUwh8a8Y5+r5sHHaefNQG/eY=
21,29,PWGz9tFLBrmuurq8n+a3W2rthz4=,CuIDUwh8a8Y5+r5sHHaefNQG/eY=
18,28,PWGz9tFLBrmuurq8n+a3W2rthz4=,CuIDUwh8a8Y5+r5sHHaefNQG/eY=
17,28,PWGz9tFLBrmuurq8n+a3W2rthz4=,CuIDUwh8a8Y5+r5sHHaefNQG/eY=
16,28,PWGz9tFLBrmuurq8n+a3W2rthz4=,CuIDUwh8a8Y5+r5sHHaefNQG/eY=
20,27,PWGz9tFLBrmuurq8n+a3W2rthz4=,CuIDUwh8a8Y5+r5sHHaefNQG/eY=
19,27,PWGz9tFLBrmuurq8n+a3W2rthz4=,CuIDUwh8a8Y5+r5sHHaefNQG/eY=
18,27,PWGz9tFLBrmuurq8n+a3W2rthz4=,CuIDUwh8a8Y5+r5sHHaefNQG/eY=
17,27,PWGz9tFLBrmuurq8n+a3W2rthz4=,CuIDUwh8a8Y5+r5sHHaefNQG/eY=
16,27,PWGz9tFLBrmuurq8n+a3W2rthz4=,CuIDUwh8a8Y5+r5sHHaefNQG/eY=
19,26,PWGz9tFLBrmuurq8n+a3W2rthz4=,CuIDUwh8a8Y5+r5sHHaefNQG/eY=
18,26,PWGz9tFLBrmuurq8n+a3W2rthz4=,CuIDUwh8a8Y5+r5sHHaefNQG/eY=
24,29,PWGz9tFLBrmuurq8n+a3W2rthz4=,mWpQ076SC70O1wNlME7CfuuxCAQ=
20,28,PWGz9tFLBrmuurq8n+a3W2rthz4=,CuIDUwh8a8Y5+r5sHHaefNQG/eY=
21,28,PWGz9tFLBrmuurq8n+a3W2rthz4=,CuIDUwh8a8Y5+r5sHHaefNQG/eY=
23,29,PWGz9tFLBrmuurq8n+a3W2rthz4=,CuIDUwh8a8Y5+r5sHHaefNQG/eY=
22,28,PWGz9tFLBrmuurq8n+a3W2rthz4=,CuIDUwh8a8Y5+r5sHHaefNQG/eY=
23,20,PWGz9tFLBrmuurq8n+a3W2rthz4=,5UO4nVWG9Z1TBvFfoWyVty7HTbI=
23,16,PWGz9tFLBrmuurq8n+a3W2rthz4=,5UO4nVWG9Z1TBvFfoWyVty7HTbI=
24,22,9xTCbQHmd5fgX+FuwucFw2t8fXY=,o4UDy7FAngzARTOY78KsRMaDqdI=
23,18,PWGz9tFLBrmuurq8n+a3W2rthz4=,5UO4nVWG9Z1TBvFfoWyVty7HTbI=
23,19,PWGz9tFLBrmuurq8n+a3W2rthz4=,5UO4nVWG9Z1TBvFfoWyVty7HTbI=
22,16,PWGz9tFLBrmuurq8n+a3W2rthz4=,5UO4nVWG9Z1TBvFfoWyVty7HTbI=
23,17,NG6DFjayEpISTBFN9acdzjDtnaE=,5UO4nVWG9Z1TBvFfoWyVty7HTbI=
18,16,PWGz9tFLBrmuurq8n+a3W2rthz4=,5UO4nVWG9Z1TBvFfoWyVty7HTbI=
22,18,PWGz9tFLBrmuurq8n+a3W2rthz4=,5UO4nVWG9Z1TBvFfoWyVty7HTbI=
22,19,PWGz9tFLBrmuurq8n+a3W2rthz4=,5UO4nVWG9Z1TBvFfoWyVty7HTbI=
21,19,PWGz9tFLBrmuurq8n+a3W2rthz4=,5UO4nVWG9Z1TBvFfoWyVty7HTbI=
21,18,PWGz9tFLBrmuurq8n+a3W2rthz4=,5UO4nVWG9Z1TBvFfoWyVty7HTbI=
22,21,PWGz9tFLBrmuurq8n+a3W2rthz4=,5UO4nVWG9Z1TBvFfoWyVty7HTbI=
24,21,9xTCbQHmd5fgX+FuwucFw2t8fXY=,o4UDy7FAngzARTOY78KsRMaDqdI=
23,21,PWGz9tFLBrmuurq8n+a3W2rthz4=,5UO4nVWG9Z1TBvFfoWyVty7HTbI=
22,17,PWGz9tFLBrmuurq8n+a3W2rthz4=,5UO4nVWG9Z1TBvFfoWyVty7HTbI=
21,17,PWGz9tFLBrmuurq8n+a3W2rthz4=,5UO4nVWG9Z1TBvFfoWyVty7HTbI=
22,20,PWGz9tFLBrmuurq8n+a3W2rthz4=,5UO4nVWG9Z1TBvFfoWyVty7HTbI=
21,20,PWGz9tFLBrmuurq8n+a3W2rthz4=,5UO4nVWG9Z1TBvFfoWyVty7HTbI=
21,16,PWGz9tFLBrmuurq8n+a3W2rthz4=,5UO4nVWG9Z1TBvFfoWyVty7HTbI=
24,16,tMUsNC/5Egz/BxcSMZOXxiIO5aI=,o4UDy7FAngzARTOY78KsRMaDqdI=
24,19,tMUsNC/5Egz/BxcSMZOXxiIO5aI=,o4UDy7FAngzARTOY78KsRMaDqdI=
24,20,9xTCbQHmd5fgX+FuwucFw2t8fXY=,o4UDy7FAngzARTOY78KsRMaDqdI=
21,22,PWGz9tFLBrmuurq8n+a3W2rthz4=,5UO4nVWG9Z1TBvFfoWyVty7HTbI=
20,19,PWGz9tFLBrmuurq8n+a3W2rthz4=,5UO4nVWG9Z1TBvFfoWyVty7HTbI=
24,17,9xTCbQHmd5fgX+FuwucFw2t8fXY=,o4UDy7FAngzARTOY78KsRMaDqdI=
19,17,PWGz9tFLBrmuurq8n+a3W2rthz4=,5UO4nVWG9Z1TBvFfoWyVty7HTbI=
18,17,PWGz9tFLBrmuurq8n+a3W2rthz4=,5UO4nVWG9Z1TBvFfoWyVty7HTbI=
19,16,PWGz9tFLBrmuurq8n+a3W2rthz4=,5UO4nVWG9Z1TBvFfoWyVty7HTbI=
22,22,PWGz9tFLBrmuurq8n+a3W2rthz4=,5UO4nVWG9Z1TBvFfoWyVty7HTbI=
23,22,PWGz9tFLBrmuurq8n+a3W2rthz4=,5UO4nVWG9Z1TBvFfoWyVty7HTbI=
20,18,PWGz9tFLBrmuurq8n+a3W2rthz4=,5UO4nVWG9Z1TBvFfoWyVty7HTbI=
24,18,tMUsNC/5Egz/BxcSMZOXxiIO5aI=,o4UDy7FAngzARTOY78KsRMaDqdI=
20,17,PWGz9tFLBrmuurq8n+a3W2rthz4=,5UO4nVWG9Z1TBvFfoWyVty7HTbI=
20,16,PWGz9tFLBrmuurq8n+a3W2rthz4=,5UO4nVWG9Z1TBvFfoWyVty7HTbI=
18,18,PWGz9tFLBrmuurq8n+a3W2rthz4=,5UO4nVWG9Z1TBvFfoWyVty7HTbI=
19,18,PWGz9tFLBrmuurq8n+a3W2rthz4=,5UO4nVWG9Z1TBvFfoWyVty7HTbI=
17,16,PWGz9tFLBrmuurq8n+a3W2rthz4=,5UO4nVWG9Z1TBvFfoWyVty7HTbI=
24,26,PWGz9tFLBrmuurq8n+a3W2rthz4=,mWpQ076SC70O1wNlME7CfuuxCAQ=
20,23,PWGz9tFLBrmuurq8n+a3W2rthz4=,5UO4nVWG9Z1TBvFfoWyVty7HTbI=
17,25,PWGz9tFLBrmuurq8n+a3W2rthz4=,CuIDUwh8a8Y5+r5sHHaefNQG/eY=
19,25,PWGz9tFLBrmuurq8n+a3W2rthz4=,CuIDUwh8a8Y5+r5sHHaefNQG/eY=
18,23,PWGz9tFLBrmuurq8n+a3W2rthz4=,5UO4nVWG9Z1TBvFfoWyVty7HTbI=
16,23,PWGz9tFLBrmuurq8n+a3W2rthz4=,5UO4nVWG9Z1TBvFfoWyVty7HTbI=
24,23,9xTCbQHmd5fgX+FuwucFw2t8fXY=,o4UDy7FAngzARTOY78KsRMaDqdI=
20,26,PWGz9tFLBrmuurq8n+a3W2rthz4=,CuIDUwh8a8Y5+r5sHHaefNQG/eY=
23,28,PWGz9tFLBrmuurq8n+a3W2rthz4=,CuIDUwh8a8Y5+r5sHHaefNQG/eY=
20,25,PWGz9tFLBrmuurq8n+a3W2rthz4=,CuIDUwh8a8Y5+r5sHHaefNQG/eY=
23,25,PWGz9tFLBrmuurq8n+a3W2rthz4=,CuIDUwh8a8Y5+r5sHHaefNQG/eY=
21,25,PWGz9tFLBrmuurq8n+a3W2rthz4=,CuIDUwh8a8Y5+r5sHHaefNQG/eY=
19,23,PWGz9tFLBrmuurq8n+a3W2rthz4=,5UO4nVWG9Z1TBvFfoWyVty7HTbI=
16,16,PWGz9tFLBrmuurq8n+a3W2rthz4=,5UO4nVWG9Z1TBvFfoWyVty7HTbI=
23,26,PWGz9tFLBrmuurq8n+a3W2rthz4=,CuIDUwh8a8Y5+r5sHHaefNQG/eY=
24,25,PWGz9tFLBrmuurq8n+a3W2rthz4=,mWpQ076SC70O1wNlME7CfuuxCAQ=
19,24,PWGz9tFLBrmuurq8n+a3W2rthz4=,CuIDUwh8a8Y5+r5sHHaefNQG/eY=
21,26,PWGz9tFLBrmuurq8n+a3W2rthz4=,CuIDUwh8a8Y5+r5sHHaefNQG/eY=
22,26,PWGz9tFLBrmuurq8n+a3W2rthz4=,CuIDUwh8a8Y5+r5sHHaefNQG/eY=
18,24,PWGz9tFLBrmuurq8n+a3W2rthz4=,CuIDUwh8a8Y5+r5sHHaefNQG/eY=
17,23,PWGz9tFLBrmuurq8n+a3W2rthz4=,5UO4nVWG9Z1TBvFfoWyVty7HTbI=
22,25,PWGz9tFLBrmuurq8n+a3W2rthz4=,CuIDUwh8a8Y5+r5sHHaefNQG/eY=
17,19,PWGz9tFLBrmuurq8n+a3W2rthz4=,5UO4nVWG9Z1TBvFfoWyVty7HTbI=
16,18,PWGz9tFLBrmuurq8n+a3W2rthz4=,5UO4nVWG9Z1TBvFfoWyVty7HTbI=
23,27,PWGz9tFLBrmuurq8n+a3W2rthz4=,CuIDUwh8a8Y5+r5sHHaefNQG/eY=
16,25,PWGz9tFLBrmuurq8n+a3W2rthz4=,CuIDUwh8a8Y5+r5sHHaefNQG/eY=
17,22,PWGz9tFLBrmuurq8n+a3W2rthz4=,5UO4nVWG9Z1TBvFfoWyVty7HTbI=
22,24,PWGz9tFLBrmuurq8n+a3W2rthz4=,CuIDUwh8a8Y5+r5sHHaefNQG/eY=
21,23,PWGz9tFLBrmuurq8n+a3W2rthz4=,5UO4nVWG9Z1TBvFfoWyVty7HTbI=
21,21,PWGz9tFLBrmuurq8n+a3W2rthz4=,5UO4nVWG9Z1TBvFfoWyVty7HTbI=
17,17,PWGz9tFLBrmuurq8n+a3W2rthz4=,5UO4nVWG9Z1TBvFfoWyVty7HTbI=
22,23,PWGz9tFLBrmuurq8n+a3W2rthz4=,5UO4nVWG9Z1TBvFfoWyVty7HTbI=
20,24,PWGz9tFLBrmuurq8n+a3W2rthz4=,CuIDUwh8a8Y5+r5sHHaefNQG/eY=
24,24,PWGz9tFLBrmuurq8n+a3W2rthz4=,mWpQ076SC70O1wNlME7CfuuxCAQ=
20,21,PWGz9tFLBrmuurq8n+a3W2rthz4=,5UO4nVWG9Z1TBvFfoWyVty7HTbI=
17,24,PWGz9tFLBrmuurq8n+a3W2rthz4=,CuIDUwh8a8Y5+r5sHHaefNQG/eY=
19,19,PWGz9tFLBrmuurq8n+a3W2rthz4=,5UO4nVWG9Z1TBvFfoWyVty7HTbI=
22,27,PWGz9tFLBrmuurq8n+a3W2rthz4=,CuIDUwh8a8Y5+r5sHHaefNQG/eY=
16,17,PWGz9tFLBrmuurq8n+a3W2rthz4=,5UO4nVWG9Z1TBvFfoWyVty7HTbI=
16,19,PWGz9tFLBrmuurq8n+a3W2rthz4=,5UO4nVWG9Z1TBvFfoWyVty7HTbI=
21,27,PWGz9tFLBrmuurq8n+a3W2rthz4=,CuIDUwh8a8Y5+r5sHHaefNQG/eY=
17,20,PWGz9tFLBrmuurq8n+a3W2rthz4=,5UO4nVWG9Z1TBvFfoWyVty7HTbI=
20,22,PWGz9tFLBrmuurq8n+a3W2rthz4=,5UO4nVWG9Z1TBvFfoWyVty7HTbI=
18,22,PWGz9tFLBrmuurq8n+a3W2rthz4=,5UO4nVWG9Z1TBvFfoWyVty7HTbI=
23,23,PWGz9tFLBrmuurq8n+a3W2rthz4=,5UO4nVWG9Z1TBvFfoWyVty7HTbI=
20,20,PWGz9tFLBrmuurq8n+a3W2rthz4=,5UO4nVWG9Z1TBvFfoWyVty7HTbI=
16,21,PWGz9tFLBrmuurq8n+a3W2rthz4=,5UO4nVWG9Z1TBvFfoWyVty7HTbI=
17,18,PWGz9tFLBrmuurq8n+a3W2rthz4=,5UO4nVWG9Z1TBvFfoWyVty7HTbI=
23,24,PWGz9tFLBrmuurq8n+a3W2rthz4=,CuIDUwh8a8Y5+r5sHHaefNQG/eY=
19,21,PWGz9tFLBrmuurq8n+a3W2rthz4=,5UO4nVWG9Z1TBvFfoWyVty7HTbI=
19,22,PWGz9tFLBrmuurq8n+a3W2rthz4=,5UO4nVWG9Z1TBvFfoWyVty7HTbI=
21,24,PWGz9tFLBrmuurq8n+a3W2rthz4=,CuIDUwh8a8Y5+r5sHHaefNQG/eY=
16,24,PWGz9tFLBrmuurq8n+a3W2rthz4=,CuIDUwh8a8Y5+r5sHHaefNQG/eY=
16,20,PWGz9tFLBrmuurq8n+a3W2rthz4=,5UO4nVWG9Z1TBvFfoWyVty7HTbI=
16,22,PWGz9tFLBrmuurq8n+a3W2rthz4=,5UO4nVWG9Z1TBvFfoWyVty7HTbI=
17,21,PWGz9tFLBrmuurq8n+a3W2rthz4=,5UO4nVWG9Z1TBvFfoWyVty7HTbI=
18,21,PWGz9tFLBrmuurq8n+a3W2rthz4=,5UO4nVWG9Z1TBvFfoWyVty7HTbI=
18,19,PWGz9tFLBrmuurq8n+a3W2rthz4=,5UO4nVWG9Z1TBvFfoWyVty7HTbI=
18,20,PWGz9tFLBrmuurq8n+a3W2rthz4=,5UO4nVWG9Z1TBvFfoWyVty7HTbI=
19,20,PWGz9tFLBrmuurq8n+a3W2rthz4=,5UO4nVWG9Z1TBvFfoWyVty7HTbI=
18,10,tMUsNC/5Egz/BxcSMZOXxiIO5aI=,An6PAtwnZQvsr3Kar07BHuy7rIk=
17,15,tMUsNC/5Egz/BxcSMZOXxiIO5aI=,An6PAtwnZQvsr3Kar07BHuy7rIk=
18,15,tMUsNC/5Egz/BxcSMZOXxiIO5aI=,An6PAtwnZQvsr3Kar07BHuy7rIk=
22,15,tMUsNC/5Egz/BxcSMZOXxiIO5aI=,An6PAtwnZQvsr3Kar07BHuy7rIk=
19,15,tMUsNC/5Egz/BxcSMZOXxiIO5aI=,An6PAtwnZQvsr3Kar07BHuy7rIk=
23,15,tMUsNC/5Egz/BxcSMZOXxiIO5aI=,An6PAtwnZQvsr3Kar07BHuy7rIk=
20,15,tMUsNC/5Egz/BxcSMZOXxiIO5aI=,An6PAtwnZQvsr3Kar07BHuy7rIk=
21,15,tMUsNC/5Egz/BxcSMZOXxiIO5aI=,An6PAtwnZQvsr3Kar07BHuy7rIk=
19,8,tMUsNC/5Egz/BxcSMZOXxiIO5aI=,An6PAtwnZQvsr3Kar07BHuy7rIk=
17,8,tMUsNC/5Egz/BxcSMZOXxiIO5aI=,An6PAtwnZQvsr3Kar07BHuy7rIk=
17,10,tMUsNC/5Egz/BxcSMZOXxiIO5aI=,An6PAtwnZQvsr3Kar07BHuy7rIk=
20,13,tMUsNC/5Egz/BxcSMZOXxiIO5aI=,An6PAtwnZQvsr3Kar07BHuy7rIk=
21,13,tMUsNC/5Egz/BxcSMZOXxiIO5aI=,An6PAtwnZQvsr3Kar07BHuy7rIk=
18,13,tMUsNC/5Egz/BxcSMZOXxiIO5aI=,An6PAtwnZQvsr3Kar07BHuy7rIk=
23,12,tMUsNC/5Egz/BxcSMZOXxiIO5aI=,An6PAtwnZQvsr3Kar07BHuy7rIk=
17,13,tMUsNC/5Egz/BxcSMZOXxiIO5aI=,An6PAtwnZQvsr3Kar07BHuy7rIk=
22,12,tMUsNC/5Egz/BxcSMZOXxiIO5aI=,An6PAtwnZQvsr3Kar07BHuy7rIk=
19,12,tMUsNC/5Egz/BxcSMZOXxiIO5aI=,An6PAtwnZQvsr3Kar07BHuy7rIk=
23,8,tMUsNC/5Egz/BxcSMZOXxiIO5aI=,An6PAtwnZQvsr3Kar07BHuy7rIk=
19,13,tMUsNC/5Egz/BxcSMZOXxiIO5aI=,An6PAtwnZQvsr3Kar07BHuy7rIk=
21,12,tMUsNC/5Egz/BxcSMZOXxiIO5aI=,An6PAtwnZQvsr3Kar07BHuy7rIk=
22,8,tMUsNC/5Egz/BxcSMZOXxiIO5aI=,An6PAtwnZQvsr3Kar07BHuy7rIk=
18,12,tMUsNC/5Egz/BxcSMZOXxiIO5aI=,An6PAtwnZQvsr3Kar07BHuy7rIk=
17,12,tMUsNC/5Egz/BxcSMZOXxiIO5aI=,An6PAtwnZQvsr3Kar07BHuy7rIk=
19,11,tMUsNC/5Egz/BxcSMZOXxiIO5aI=,An6PAtwnZQvsr3Kar07BHuy7rIk=
21,14,tMUsNC/5Egz/BxcSMZOXxiIO5aI=,An6PAtwnZQvsr3Kar07BHuy7rIk=
23,9,tMUsNC/5Egz/BxcSMZOXxiIO5aI=,An6PAtwnZQvsr3Kar07BHuy7rIk=
20,14,tMUsNC/5Egz/BxcSMZOXxiIO5aI=,An6PAtwnZQvsr3Kar07BHuy7rIk=
18,14,tMUsNC/5Egz/BxcSMZOXxiIO5aI=,An6PAtwnZQvsr3Kar07BHuy7rIk=
21,8,tMUsNC/5Egz/BxcSMZOXxiIO5aI=,An6PAtwnZQvsr3Kar07BHuy7rIk=
23,11,tMUsNC/5Egz/BxcSMZOXxiIO5aI=,An6PAtwnZQvsr3Kar07BHuy7rIk=
19,14,tMUsNC/5Egz/BxcSMZOXxiIO5aI=,An6PAtwnZQvsr3Kar07BHuy7rIk=
18,11,tMUsNC/5Egz/BxcSMZOXxiIO5aI=,An6PAtwnZQvsr3Kar07BHuy7rIk=
17,14,tMUsNC/5Egz/BxcSMZOXxiIO5aI=,An6PAtwnZQvsr3Kar07BHuy7rIk=
17,11,tMUsNC/5Egz/BxcSMZOXxiIO5aI=,An6PAtwnZQvsr3Kar07BHuy7rIk=
18,8,tMUsNC/5Egz/BxcSMZOXxiIO5aI=,An6PAtwnZQvsr3Kar07BHuy7rIk=
20,8,tMUsNC/5Egz/BxcSMZOXxiIO5aI=,An6PAtwnZQvsr3Kar07BHuy7rIk=
22,9,tMUsNC/5Egz/BxcSMZOXxiIO5aI=,An6PAtwnZQvsr3Kar07BHuy7rIk=
22,11,tMUsNC/5Egz/BxcSMZOXxiIO5aI=,An6PAtwnZQvsr3Kar07BHuy7rIk=
21,9,tMUsNC/5Egz/BxcSMZOXxiIO5aI=,An6PAtwnZQvsr3Kar07BHuy7rIk=
19,9,tMUsNC/5Egz/BxcSMZOXxiIO5aI=,An6PAtwnZQvsr3Kar07BHuy7rIk=
20,9,tMUsNC/5Egz/BxcSMZOXxiIO5aI=,An6PAtwnZQvsr3Kar07BHuy7rIk=
18,9,tMUsNC/5Egz/BxcSMZOXxiIO5aI=,An6PAtwnZQvsr3Kar07BHuy7rIk=
17,9,tMUsNC/5Egz/BxcSMZOXxiIO5aI=,An6PAtwnZQvsr3Kar07BHuy7rIk=
23,10,tMUsNC/5Egz/BxcSMZOXxiIO5aI=,An6PAtwnZQvsr3Kar07BHuy7rIk=
21,11,tMUsNC/5Egz/BxcSMZOXxiIO5aI=,An6PAtwnZQvsr3Kar07BHuy7rIk=
22,10,tMUsNC/5Egz/BxcSMZOXxiIO5aI=,An6PAtwnZQvsr3Kar07BHuy7rIk=
23,14,tMUsNC/5Egz/BxcSMZOXxiIO5aI=,An6PAtwnZQvsr3Kar07BHuy7rIk=
22,14,tMUsNC/5Egz/BxcSMZOXxiIO5aI=,An6PAtwnZQvsr3Kar07BHuy7rIk=
21,10,tMUsNC/5Egz/BxcSMZOXxiIO5aI=,An6PAtwnZQvsr3Kar07BHuy7rIk=
20,10,tMUsNC/5Egz/BxcSMZOXxiIO5aI=,An6PAtwnZQvsr3Kar07BHuy7rIk=
20,12,tMUsNC/5Egz/BxcSMZOXxiIO5aI=,An6PAtwnZQvsr3Kar07BHuy7rIk=
22,13,tMUsNC/5Egz/BxcSMZOXxiIO5aI=,An6PAtwnZQvsr3Kar07BHuy7rIk=
20,11,tMUsNC/5Egz/BxcSMZOXxiIO5aI=,An6PAtwnZQvsr3Kar07BHuy7rIk=
23,13,tMUsNC/5Egz/BxcSMZOXxiIO5aI=,An6PAtwnZQvsr3Kar07BHuy7rIk=
16,8,tMUsNC/5Egz/BxcSMZOXxiIO5aI=,An6PAtwnZQvsr3Kar07BHuy7rIk=
16,9,tMUsNC/5Egz/BxcSMZOXxiIO5aI=,An6PAtwnZQvsr3Kar07BHuy7rIk=
16,11,tMUsNC/5Egz/BxcSMZOXxiIO5aI=,An6PAtwnZQvsr3Kar07BHuy7rIk=
19,10,tMUsNC/5Egz/BxcSMZOXxiIO5aI=,An6PAtwnZQvsr3Kar07BHuy7rIk=
16,14,tMUsNC/5Egz/BxcSMZOXxiIO5aI=,An6PAtwnZQvsr3Kar07BHuy7rIk=
16,12,tMUsNC/5Egz/BxcSMZOXxiIO5aI=,An6PAtwnZQvsr3Kar07BHuy7rIk=
16,13,tMUsNC/5Egz/BxcSMZOXxiIO5aI=,An6PAtwnZQvsr3Kar07BHuy7rIk=
16,10,tMUsNC/5Egz/BxcSMZOXxiIO5aI=,An6PAtwnZQvsr3Kar07BHuy7rIk=
16,15,tMUsNC/5Egz/BxcSMZOXxiIO5aI=,An6PAtwnZQvsr3Kar07BHuy7rIk=
25,6,cAmLfIxU8dmDB70EWwBqyFZBwrc=,3r/Gn4bMW0GtVk3IMzHlJieH9mI=
30,1,cAmLfIxU8dmDB70EWwBqyFZBwrc=,3r/Gn4bMW0GtVk3IMzHlJieH9mI=
29,1,cAmLfIxU8dmDB70EWwBqyFZBwrc=,3r/Gn4bMW0GtVk3IMzHlJieH9mI=
28,1,cAmLfIxU8dmDB70EWwBqyFZBwrc=,3r/Gn4bMW0GtVk3IMzHlJieH9mI=
26,6,cAmLfIxU8dmDB70EWwBqyFZBwrc=,3r/Gn4bMW0GtVk3IMzHlJieH9mI=
25,7,cAmLfIxU8dmDB70EWwBqyFZBwrc=,3r/Gn4bMW0GtVk3IMzHlJieH9mI=
26,7,cAmLfIxU8dmDB70EWwBqyFZBwrc=,3r/Gn4bMW0GtVk3IMzHlJieH9mI=
27,7,cAmLfIxU8dmDB70EWwBqyFZBwrc=,3r/Gn4bMW0GtVk3IMzHlJieH9mI=
28,7,cAmLfIxU8dmDB70EWwBqyFZBwrc=,3r/Gn4bMW0GtVk3IMzHlJieH9mI=
29,7,cAmLfIxU8dmDB70EWwBqyFZBwrc=,3r/Gn4bMW0GtVk3IMzHlJieH9mI=
30,7,cAmLfIxU8dmDB70EWwBqyFZBwrc=,3r/Gn4bMW0GtVk3IMzHlJieH9mI=
25,2,cAmLfIxU8dmDB70EWwBqyFZBwrc=,3r/Gn4bMW0GtVk3IMzHlJieH9mI=
26,2,cAmLfIxU8dmDB70EWwBqyFZBwrc=,3r/Gn4bMW0GtVk3IMzHlJieH9mI=
27,2,cAmLfIxU8dmDB70EWwBqyFZBwrc=,3r/Gn4bMW0GtVk3IMzHlJieH9mI=
28,2,cAmLfIxU8dmDB70EWwBqyFZBwrc=,3r/Gn4bMW0GtVk3IMzHlJieH9mI=
29,2,cAmLfIxU8dmDB70EWwBqyFZBwrc=,3r/Gn4bMW0GtVk3IMzHlJieH9mI=
30,2,cAmLfIxU8dmDB70EWwBqyFZBwrc=,3r/Gn4bMW0GtVk3IMzHlJieH9mI=
26,3,cAmLfIxU8dmDB70EWwBqyFZBwrc=,3r/Gn4bMW0GtVk3IMzHlJieH9mI=
27,3,cAmLfIxU8dmDB70EWwBqyFZBwrc=,3r/Gn4bMW0GtVk3IMzHlJieH9mI=
28,3,cAmLfIxU8dmDB70EWwBqyFZBwrc=,3r/Gn4bMW0GtVk3IMzHlJieH9mI=
29,3,cAmLfIxU8dmDB70EWwBqyFZBwrc=,3r/Gn4bMW0GtVk3IMzHlJieH9mI=
30,3,cAmLfIxU8dmDB70EWwBqyFZBwrc=,3r/Gn4bMW0GtVk3IMzHlJieH9mI=
25,0,cAmLfIxU8dmDB70EWwBqyFZBwrc=,3r/Gn4bMW0GtVk3IMzHlJieH9mI=
26,0,cAmLfIxU8dmDB70EWwBqyFZBwrc=,3r/Gn4bMW0GtVk3IMzHlJieH9mI=
27,0,cAmLfIxU8dmDB70EWwBqyFZBwrc=,3r/Gn4bMW0GtVk3IMzHlJieH9mI=
28,0,cAmLfIxU8dmDB70EWwBqyFZBwrc=,3r/Gn4bMW0GtVk3IMzHlJieH9mI=
29,0,cAmLfIxU8dmDB70EWwBqyFZBwrc=,3r/Gn4bMW0GtVk3IMzHlJieH9mI=
30,0,cAmLfIxU8dmDB70EWwBqyFZBwrc=,3r/Gn4bMW0GtVk3IMzHlJieH9mI=
25,1,cAmLfIxU8dmDB70EWwBqyFZBwrc=,3r/Gn4bMW0GtVk3IMzHlJieH9mI=
26,1,cAmLfIxU8dmDB70EWwBqyFZBwrc=,3r/Gn4bMW0GtVk3IMzHlJieH9mI=
27,1,cAmLfIxU8dmDB70EWwBqyFZBwrc=,3r/Gn4bMW0GtVk3IMzHlJieH9mI=
17,5,8qsnzL77+4uizDd1xNwvG3R7ltQ=,GJTrba8ukzJXKD9kmJOTIKThP/I=
18,5,8qsnzL77+4uizDd1xNwvG3R7ltQ=,GJTrba8ukzJXKD9kmJOTIKThP/I=
24,6,cAmLfIxU8dmDB70EWwBqyFZBwrc=,3r/Gn4bMW0GtVk3IMzHlJieH9mI=
17,3,8qsnzL77+4uizDd1xNwvG3R7ltQ=,GJTrba8ukzJXKD9kmJOTIKThP/I=
19,5,8qsnzL77+4uizDd1xNwvG3R7ltQ=,GJTrba8ukzJXKD9kmJOTIKThP/I=
17,1,8qsnzL77+4uizDd1xNwvG3R7ltQ=,GJTrba8ukzJXKD9kmJOTIKThP/I=
18,3,8qsnzL77+4uizDd1xNwvG3R7ltQ=,GJTrba8ukzJXKD9kmJOTIKThP/I=
24,7,cAmLfIxU8dmDB70EWwBqyFZBwrc=,3r/Gn4bMW0GtVk3IMzHlJieH9mI=
20,5,8qsnzL77+4uizDd1xNwvG3R7ltQ=,GJTrba8ukzJXKD9kmJOTIKThP/I=
17,6,8qsnzL77+4uizDd1xNwvG3R7ltQ=,GJTrba8ukzJXKD9kmJOTIKThP/I=
18,6,8qsnzL77+4uizDd1xNwvG3R7ltQ=,GJTrba8ukzJXKD9kmJOTIKThP/I=
17,0,8qsnzL77+4uizDd1xNwvG3R7ltQ=,GJTrba8ukzJXKD9kmJOTIKThP/I=
18,1,8qsnzL77+4uizDd1xNwvG3R7ltQ=,GJTrba8ukzJXKD9kmJOTIKThP/I=
19,1,8qsnzL77+4uizDd1xNwvG3R7ltQ=,GJTrba8ukzJXKD9kmJOTIKThP/I=
20,1,8qsnzL77+4uizDd1xNwvG3R7ltQ=,GJTrba8ukzJXKD9kmJOTIKThP/I=
17,2,8qsnzL77+4uizDd1xNwvG3R7ltQ=,GJTrba8ukzJXKD9kmJOTIKThP/I=
19,6,8qsnzL77+4uizDd1xNwvG3R7ltQ=,GJTrba8ukzJXKD9kmJOTIKThP/I=
20,6,8qsnzL77+4uizDd1xNwvG3R7ltQ=,GJTrba8ukzJXKD9kmJOTIKThP/I=
18,2,8qsnzL77+4uizDd1xNwvG3R7ltQ=,GJTrba8ukzJXKD9kmJOTIKThP/I=
21,6,8qsnzL77+4uizDd1xNwvG3R7ltQ=,GJTrba8ukzJXKD9kmJOTIKThP/I=
22,6,8qsnzL77+4uizDd1xNwvG3R7ltQ=,GJTrba8ukzJXKD9kmJOTIKThP/I=
17,4,8qsnzL77+4uizDd1xNwvG3R7ltQ=,GJTrba8ukzJXKD9kmJOTIKThP/I=
18,4,8qsnzL77+4uizDd1xNwvG3R7ltQ=,GJTrba8ukzJXKD9kmJOTIKThP/I=
17,7,8qsnzL77+4uizDd1xNwvG3R7ltQ=,GJTrba8ukzJXKD9kmJOTIKThP/I=
19,3,8qsnzL77+4uizDd1xNwvG3R7ltQ=,GJTrba8ukzJXKD9kmJOTIKThP/I=
24,2,cAmLfIxU8dmDB70EWwBqyFZBwrc=,3r/Gn4bMW0GtVk3IMzHlJieH9mI=
18,7,8qsnzL77+4uizDd1xNwvG3R7ltQ=,GJTrba8ukzJXKD9kmJOTIKThP/I=
19,4,8qsnzL77+4uizDd1xNwvG3R7ltQ=,GJTrba8ukzJXKD9kmJOTIKThP/I=
24,3,cAmLfIxU8dmDB70EWwBqyFZBwrc=,3r/Gn4bMW0GtVk3IMzHlJieH9mI=
19,7,8qsnzL77+4uizDd1xNwvG3R7ltQ=,GJTrba8ukzJXKD9kmJOTIKThP/I=
20,7,8qsnzL77+4uizDd1xNwvG3R7ltQ=,GJTrba8ukzJXKD9kmJOTIKThP/I=
21,7,8qsnzL77+4uizDd1xNwvG3R7ltQ=,GJTrba8ukzJXKD9kmJOTIKThP/I=
22,7,8qsnzL77+4uizDd1xNwvG3R7ltQ=,GJTrba8ukzJXKD9kmJOTIKThP/I=
23,7,8qsnzL77+4uizDd1xNwvG3R7ltQ=,GJTrba8ukzJXKD9kmJOTIKThP/I=
24,0,cAmLfIxU8dmDB70EWwBqyFZBwrc=,3r/Gn4bMW0GtVk3IMzHlJieH9mI=
20,4,8qsnzL77+4uizDd1xNwvG3R7ltQ=,GJTrba8ukzJXKD9kmJOTIKThP/I=
23,1,8qsnzL77+4uizDd1xNwvG3R7ltQ=,GJTrba8ukzJXKD9kmJOTIKThP/I=
31,7,cAmLfIxU8dmDB70EWwBqyFZBwrc=,3r/Gn4bMW0GtVk3IMzHlJieH9mI=
31,1,cAmLfIxU8dmDB70EWwBqyFZBwrc=,3r/Gn4bMW0GtVk3IMzHlJieH9mI=
28,4,cAmLfIxU8dmDB70EWwBqyFZBwrc=,3r/Gn4bMW0GtVk3IMzHlJieH9mI=
29,4,cAmLfIxU8dmDB70EWwBqyFZBwrc=,3r/Gn4bMW0GtVk3IMzHlJieH9mI=
29,6,cAmLfIxU8dmDB70EWwBqyFZBwrc=,3r/Gn4bMW0GtVk3IMzHlJieH9mI=
24,4,cAmLfIxU8dmDB70EWwBqyFZBwrc=,3r/Gn4bMW0GtVk3IMzHlJieH9mI=
23,3,8qsnzL77+4uizDd1xNwvG3R7ltQ=,GJTrba8ukzJXKD9kmJOTIKThP/I=
30,4,cAmLfIxU8dmDB70EWwBqyFZBwrc=,3r/Gn4bMW0GtVk3IMzHlJieH9mI=
23,0,8qsnzL77+4uizDd1xNwvG3R7ltQ=,GJTrba8ukzJXKD9kmJOTIKThP/I=
31,6,cAmLfIxU8dmDB70EWwBqyFZBwrc=,3r/Gn4bMW0GtVk3IMzHlJieH9mI=
30,6,cAmLfIxU8dmDB70EWwBqyFZBwrc=,3r/Gn4bMW0GtVk3IMzHlJieH9mI=
22,1,8qsnzL77+4uizDd1xNwvG3R7ltQ=,GJTrba8ukzJXKD9kmJOTIKThP/I=
23,2,8qsnzL77+4uizDd1xNwvG3R7ltQ=,GJTrba8ukzJXKD9kmJOTIKThP/I=
28,6,cAmLfIxU8dmDB70EWwBqyFZBwrc=,3r/Gn4bMW0GtVk3IMzHlJieH9mI=
24,1,cAmLfIxU8dmDB70EWwBqyFZBwrc=,3r/Gn4bMW0GtVk3IMzHlJieH9mI=
29,5,cAmLfIxU8dmDB70EWwBqyFZBwrc=,3r/Gn4bMW0GtVk3IMzHlJieH9mI=
28,5,cAmLfIxU8dmDB70EWwBqyFZBwrc=,3r/Gn4bMW0GtVk3IMzHlJieH9mI=
30,5,cAmLfIxU8dmDB70EWwBqyFZBwrc=,3r/Gn4bMW0GtVk3IMzHlJieH9mI=
19,2,8qsnzL77+4uizDd1xNwvG3R7ltQ=,GJTrba8ukzJXKD9kmJOTIKThP/I=
20,2,8qsnzL77+4uizDd1xNwvG3R7ltQ=,GJTrba8ukzJXKD9kmJOTIKThP/I=
20,3,8qsnzL77+4uizDd1xNwvG3R7ltQ=,GJTrba8ukzJXKD9kmJOTIKThP/I=
23,4,8qsnzL77+4uizDd1xNwvG3R7ltQ=,GJTrba8ukzJXKD9kmJOTIKThP/I=
22,2,8qsnzL77+4uizDd1xNwvG3R7ltQ=,GJTrba8ukzJXKD9kmJOTIKThP/I=
21,3,8qsnzL77+4uizDd1xNwvG3R7ltQ=,GJTrba8ukzJXKD9kmJOTIKThP/I=
25,3,cAmLfIxU8dmDB70EWwBqyFZBwrc=,3r/Gn4bMW0GtVk3IMzHlJieH9mI=
24,5,cAmLfIxU8dmDB70EWwBqyFZBwrc=,3r/Gn4bMW0GtVk3IMzHlJieH9mI=
31,5,cAmLfIxU8dmDB70EWwBqyFZBwrc=,3r/Gn4bMW0GtVk3IMzHlJieH9mI=
21,4,8qsnzL77+4uizDd1xNwvG3R7ltQ=,GJTrba8ukzJXKD9kmJOTIKThP/I=
27,4,cAmLfIxU8dmDB70EWwBqyFZBwrc=,3r/Gn4bMW0GtVk3IMzHlJieH9mI=
20,0,8qsnzL77+4uizDd1xNwvG3R7ltQ=,GJTrba8ukzJXKD9kmJOTIKThP/I=
27,5,cAmLfIxU8dmDB70EWwBqyFZBwrc=,3r/Gn4bMW0GtVk3IMzHlJieH9mI=
22,3,8qsnzL77+4uizDd1xNwvG3R7ltQ=,GJTrba8ukzJXKD9kmJOTIKThP/I=
31,4,cAmLfIxU8dmDB70EWwBqyFZBwrc=,3r/Gn4bMW0GtVk3IMzHlJieH9mI=
21,5,8qsnzL77+4uizDd1xNwvG3R7ltQ=,GJTrba8ukzJXKD9kmJOTIKThP/I=
21,2,8qsnzL77+4uizDd1xNwvG3R7ltQ=,GJTrba8ukzJXKD9kmJOTIKThP/I=
26,5,cAmLfIxU8dmDB70EWwBqyFZBwrc=,3r/Gn4bMW0GtVk3IMzHlJieH9mI=
21,0,8qsnzL77+4uizDd1xNwvG3R7ltQ=,GJTrba8ukzJXKD9kmJOTIKThP/I=
27,6,cAmLfIxU8dmDB70EWwBqyFZBwrc=,3r/Gn4bMW0GtVk3IMzHlJieH9mI=
22,4,8qsnzL77+4uizDd1xNwvG3R7ltQ=,GJTrba8ukzJXKD9kmJOTIKThP/I=
23,6,8qsnzL77+4uizDd1xNwvG3R7ltQ=,GJTrba8ukzJXKD9kmJOTIKThP/I=
22,0,8qsnzL77+4uizDd1xNwvG3R7ltQ=,GJTrba8ukzJXKD9kmJOTIKThP/I=
25,5,cAmLfIxU8dmDB70EWwBqyFZBwrc=,3r/Gn4bMW0GtVk3IMzHlJieH9mI=
26,4,cAmLfIxU8dmDB70EWwBqyFZBwrc=,3r/Gn4bMW0GtVk3IMzHlJieH9mI=
25,4,cAmLfIxU8dmDB70EWwBqyFZBwrc=,3r/Gn4bMW0GtVk3IMzHlJieH9mI=
16,2,8qsnzL77+4uizDd1xNwvG3R7ltQ=,GJTrba8ukzJXKD9kmJOTIKThP/I=
16,3,8qsnzL77+4uizDd1xNwvG3R7ltQ=,GJTrba8ukzJXKD9kmJOTIKThP/I=
16,1,8qsnzL77+4uizDd1xNwvG3R7ltQ=,GJTrba8ukzJXKD9kmJOTIKThP/I=
16,5,8qsnzL77+4uizDd1xNwvG3R7ltQ=,GJTrba8ukzJXKD9kmJOTIKThP/I=
16,4,8qsnzL77+4uizDd1xNwvG3R7ltQ=,GJTrba8ukzJXKD9kmJOTIKThP/I=
16,6,8qsnzL77+4uizDd1xNwvG3R7ltQ=,GJTrba8ukzJXKD9kmJOTIKThP/I=
16,7,8qsnzL77+4uizDd1xNwvG3R7ltQ=,GJTrba8ukzJXKD9kmJOTIKThP/I=
31,0,cAmLfIxU8dmDB70EWwBqyFZBwrc=,3r/Gn4bMW0GtVk3IMzHlJieH9mI=
16,0,8qsnzL77+4uizDd1xNwvG3R7ltQ=,GJTrba8ukzJXKD9kmJOTIKThP/I=
31,2,cAmLfIxU8dmDB70EWwBqyFZBwrc=,3r/Gn4bMW0GtVk3IMzHlJieH9mI=
18,0,8qsnzL77+4uizDd1xNwvG3R7ltQ=,GJTrba8ukzJXKD9kmJOTIKThP/I=
22,5,8qsnzL77+4uizDd1xNwvG3R7ltQ=,GJTrba8ukzJXKD9kmJOTIKThP/I=
21,1,8qsnzL77+4uizDd1xNwvG3R7ltQ=,GJTrba8ukzJXKD9kmJOTIKThP/I=
31,3,cAmLfIxU8dmDB70EWwBqyFZBwrc=,3r/Gn4bMW0GtVk3IMzHlJieH9mI=
19,0,8qsnzL77+4uizDd1xNwvG3R7ltQ=,GJTrba8ukzJXKD9kmJOTIKThP/I=
23,5,8qsnzL77+4uizDd1xNwvG3R7ltQ=,GJTrba8ukzJXKD9kmJOTIKThP/I=
25,9,TuHt4hSpQFLvG24Z8Rnc8tSjgEE=,wdSi6BX2lcNh81FTKDAUyQpdtT4=
25,14,TuHt4hSpQFLvG24Z8Rnc8tSjgEE=,wdSi6BX2lcNh81FTKDAUyQpdtT4=
26,9,TuHt4hSpQFLvG24Z8Rnc8tSjgEE=,wdSi6BX2lcNh81FTKDAUyQpdtT4=
27,9,TuHt4hSpQFLvG24Z8Rnc8tSjgEE=,wdSi6BX2lcNh81FTKDAUyQpdtT4=
28,9,TuHt4hSpQFLvG24Z8Rnc8tSjgEE=,wdSi6BX2lcNh81FTKDAUyQpdtT4=
30,13,TuHt4hSpQFLvG24Z8Rnc8tSjgEE=,wdSi6BX2lcNh81FTKDAUyQpdtT4=
29,9,TuHt4hSpQFLvG24Z8Rnc8tSjgEE=,wdSi6BX2lcNh81FTKDAUyQpdtT4=
30,9,TuHt4hSpQFLvG24Z8Rnc8tSjgEE=,wdSi6BX2lcNh81FTKDAUyQpdtT4=
26,14,TuHt4hSpQFLvG24Z8Rnc8tSjgEE=,wdSi6BX2lcNh81FTKDAUyQpdtT4=
25,10,TuHt4hSpQFLvG24Z8Rnc8tSjgEE=,wdSi6BX2lcNh81FTKDAUyQpdtT4=
27,14,TuHt4hSpQFLvG24Z8Rnc8tSjgEE=,wdSi6BX2lcNh81FTKDAUyQpdtT4=
26,10,TuHt4hSpQFLvG24Z8Rnc8tSjgEE=,wdSi6BX2lcNh81FTKDAUyQpdtT4=
27,10,TuHt4hSpQFLvG24Z8Rnc8tSjgEE=,wdSi6BX2lcNh81FTKDAUyQpdtT4=
28,14,TuHt4hSpQFLvG24Z8Rnc8tSjgEE=,wdSi6BX2lcNh81FTKDAUyQpdtT4=
28,10,TuHt4hSpQFLvG24Z8Rnc8tSjgEE=,wdSi6BX2lcNh81FTKDAUyQpdtT4=
29,14,TuHt4hSpQFLvG24Z8Rnc8tSjgEE=,wdSi6BX2lcNh81FTKDAUyQpdtT4=
29,10,TuHt4hSpQFLvG24Z8Rnc8tSjgEE=,wdSi6BX2lcNh81FTKDAUyQpdtT4=
30,14,TuHt4hSpQFLvG24Z8Rnc8tSjgEE=,wdSi6BX2lcNh81FTKDAUyQpdtT4=
30,10,TuHt4hSpQFLvG24Z8Rnc8tSjgEE=,wdSi6BX2lcNh81FTKDAUyQpdtT4=
25,11,TuHt4hSpQFLvG24Z8Rnc8tSjgEE=,wdSi6BX2lcNh81FTKDAUyQpdtT4=
26,11,TuHt4hSpQFLvG24Z8Rnc8tSjgEE=,wdSi6BX2lcNh81FTKDAUyQpdtT4=
27,11,TuHt4hSpQFLvG24Z8Rnc8tSjgEE=,wdSi6BX2lcNh81FTKDAUyQpdtT4=
28,11,TuHt4hSpQFLvG24Z8Rnc8tSjgEE=,wdSi6BX2lcNh81FTKDAUyQpdtT4=
29,11,TuHt4hSpQFLvG24Z8Rnc8tSjgEE=,wdSi6BX2lcNh81FTKDAUyQpdtT4=
30,11,TuHt4hSpQFLvG24Z8Rnc8tSjgEE=,wdSi6BX2lcNh81FTKDAUyQpdtT4=
25,12,TuHt4hSpQFLvG24Z8Rnc8tSjgEE=,wdSi6BX2lcNh81FTKDAUyQpdtT4=
26,12,TuHt4hSpQFLvG24Z8Rnc8tSjgEE=,wdSi6BX2lcNh81FTKDAUyQpdtT4=
27,12,TuHt4hSpQFLvG24Z8Rnc8tSjgEE=,wdSi6BX2lcNh81FTKDAUyQpdtT4=
28,12,TuHt4hSpQFLvG24Z8Rnc8tSjgEE=,wdSi6BX2lcNh81FTKDAUyQpdtT4=
29,12,TuHt4hSpQFLvG24Z8Rnc8tSjgEE=,wdSi6BX2lcNh81FTKDAUyQpdtT4=
30,12,TuHt4hSpQFLvG24Z8Rnc8tSjgEE=,wdSi6BX2lcNh81FTKDAUyQpdtT4=
25,13,TuHt4hSpQFLvG24Z8Rnc8tSjgEE=,wdSi6BX2lcNh81FTKDAUyQpdtT4=
26,13,TuHt4hSpQFLvG24Z8Rnc8tSjgEE=,wdSi6BX2lcNh81FTKDAUyQpdtT4=
27,13,TuHt4hSpQFLvG24Z8Rnc8tSjgEE=,wdSi6BX2lcNh81FTKDAUyQpdtT4=
28,13,TuHt4hSpQFLvG24Z8Rnc8tSjgEE=,wdSi6BX2lcNh81FTKDAUyQpdtT4=
29,13,TuHt4hSpQFLvG24Z8Rnc8tSjgEE=,wdSi6BX2lcNh81FTKDAUyQpdtT4=
24,9,TuHt4hSpQFLvG24Z8Rnc8tSjgEE=,wdSi6BX2lcNh81FTKDAUyQpdtT4=
24,14,TuHt4hSpQFLvG24Z8Rnc8tSjgEE=,wdSi6BX2lcNh81FTKDAUyQpdtT4=
24,10,TuHt4hSpQFLvG24Z8Rnc8tSjgEE=,wdSi6BX2lcNh81FTKDAUyQpdtT4=
24,11,TuHt4hSpQFLvG24Z8Rnc8tSjgEE=,wdSi6BX2lcNh81FTKDAUyQpdtT4=
24,12,TuHt4hSpQFLvG24Z8Rnc8tSjgEE=,wdSi6BX2lcNh81FTKDAUyQpdtT4=
24,13,TuHt4hSpQFLvG24Z8Rnc8tSjgEE=,wdSi6BX2lcNh81FTKDAUyQpdtT4=
31,9,TuHt4hSpQFLvG24Z8Rnc8tSjgEE=,wdSi6BX2lcNh81FTKDAUyQpdtT4=
31,13,TuHt4hSpQFLvG24Z8Rnc8tSjgEE=,wdSi6BX2lcNh81FTKDAUyQpdtT4=
31,12,TuHt4hSpQFLvG24Z8Rnc8tSjgEE=,wdSi6BX2lcNh81FTKDAUyQpdtT4=
31,11,TuHt4hSpQFLvG24Z8Rnc8tSjgEE=,wdSi6BX2lcNh81FTKDAUyQpdtT4=
31,10,TuHt4hSpQFLvG24Z8Rnc8tSjgEE=,wdSi6BX2lcNh81FTKDAUyQpdtT4=
31,14,TuHt4hSpQFLvG24Z8Rnc8tSjgEE=,wdSi6BX2lcNh81FTKDAUyQpdtT4=
25,15,TuHt4hSpQFLvG24Z8Rnc8tSjgEE=,wdSi6BX2lcNh81FTKDAUyQpdtT4=
31,15,TuHt4hSpQFLvG24Z8Rnc8tSjgEE=,wdSi6BX2lcNh81FTKDAUyQpdtT4=
30,15,TuHt4hSpQFLvG24Z8Rnc8tSjgEE=,wdSi6BX2lcNh81FTKDAUyQpdtT4=
29,15,TuHt4hSpQFLvG24Z8Rnc8tSjgEE=,wdSi6BX2lcNh81FTKDAUyQpdtT4=
28,15,TuHt4hSpQFLvG24Z8Rnc8tSjgEE=,wdSi6BX2lcNh81FTKDAUyQpdtT4=
27,15,TuHt4hSpQFLvG24Z8Rnc8tSjgEE=,wdSi6BX2lcNh81FTKDAUyQpdtT4=
26,15,TuHt4hSpQFLvG24Z8Rnc8tSjgEE=,wdSi6BX2lcNh81FTKDAUyQpdtT4=
24,15,TuHt4hSpQFLvG24Z8Rnc8tSjgEE=,wdSi6BX2lcNh81FTKDAUyQpdtT4=
24,8,TuHt4hSpQFLvG24Z8Rnc8tSjgEE=,wdSi6BX2lcNh81FTKDAUyQpdtT4=
25,8,TuHt4hSpQFLvG24Z8Rnc8tSjgEE=,wdSi6BX2lcNh81FTKDAUyQpdtT4=
28,8,TuHt4hSpQFLvG24Z8Rnc8tSjgEE=,wdSi6BX2lcNh81FTKDAUyQpdtT4=
29,8,TuHt4hSpQFLvG24Z8Rnc8tSjgEE=,wdSi6BX2lcNh81FTKDAUyQpdtT4=
30,8,TuHt4hSpQFLvG24Z8Rnc8tSjgEE=,wdSi6BX2lcNh81FTKDAUyQpdtT4=
31,8,TuHt4hSpQFLvG24Z8Rnc8tSjgEE=,wdSi6BX2lcNh81FTKDAUyQpdtT4=
26,8,TuHt4hSpQFLvG24Z8Rnc8tSjgEE=,wdSi6BX2lcNh81FTKDAUyQpdtT4=
27,8,TuHt4hSpQFLvG24Z8Rnc8tSjgEE=,wdSi6BX2lcNh81FTKDAUyQpdtT4=
